"GDP per capita, current prices
 (U.S. dollars per capita)",1980,1981,1982,1983,1984,1985,1986,1987,1988,1989,1990,1991,1992,1993,1994,1995,1996,1997,1998,1999,2000,2001,2002,2003,2004,2005,2006,2007,2008,2009,2010,2011,2012,2013,2014,2015,2016,2017,2018,2019,2020,2021,2022,2023,2024,2025,2026,2027
Afghanistan,,,,,,,,,,,,,,,,,,,,,,,233.433,233.755,254.259,294.396,320.674,381.502,447.746,511.374,631.49,714.7,784.611,754.402,746.922,705.597,617.126,635.789,582.323,586.204,611.268,,,,,,,
Albania,728.359,817.734,824.542,815.529,788.332,788.801,855.724,832.245,805.046,860.784,675.736,408.022,259.75,452.623,736.028,903.989,1009.967,717.381,818.32,1032.264,1127.64,1283.573,1425.125,1846.119,2373.58,2673.773,2972.745,3595.053,4370.562,4114.09,4097.833,4439.89,4248.909,4415.6,4584.919,3953.611,4124.405,4525.887,5257.714,5345.058,5268.239,6374.786,6259.602,6668.8,7137.402,7611.992,8100.264,8596.948
Algeria,2268.607,2305.505,2254.328,2316.679,2432.717,2753.697,2698.915,2705.111,2143.742,2127.866,2473.512,1819.984,1873.422,1894.946,1542.974,1499.143,1643.265,1658.732,1633.09,1630.071,1794.695,1768.577,1806.86,2128.386,2636.479,3141.027,3508.959,3986.564,4943.502,3890.524,4480.719,5447.6,5575.653,5477.055,5466.329,4153.322,3918.941,4079.653,4118.839,3939.536,3365.933,3701.204,4294.418,4361.867,4413.438,4531.981,4677.246,4798.695
Andorra,,,,,,,,,,,,,,,,,,,,,,,,,,,,,,,49030.229,51957.313,45713.97,45630.195,46299.282,38877.485,39595.317,40017.741,42229.903,40688.491,36973.845,41873.06,41930.271,43303.3,44555.049,45539.555,46493.585,47309.465
Angola,745.119,679.02,661.52,671.804,693.779,758.525,690.446,769.563,812.794,920.268,986.639,928.506,695.059,489.755,346.239,419.529,525.403,599.077,493.041,452.677,652.11,619.697,841.42,951.969,1222.038,1862.424,2561.859,3099.087,4081.688,3146.802,3641.444,4716.253,5245.023,5436.516,5625.736,4354.921,3676.826,4300.097,3465.062,2805.261,1877.251,2330.722,3792.754,3932.157,4028.671,4179.244,4303.297,4388.948
Antigua and Barbuda,1920.249,2177.087,2448.585,2752.968,3200.985,3763.974,4617.61,5455.264,6547.259,7273.247,7623.434,7927.588,8084.427,8474.038,9097.243,8675.237,9266.473,9678.32,10074.75,10349.52,10931.312,10411.422,10485.776,10921.845,11613.334,12785.872,14317.674,16060.877,16574.257,14688.677,13574.44,13295.364,13825.317,13414.902,13980.61,14728.706,15588.535,15686.747,16902.149,17495.76,13997.537,14684.798,16085.42,17300.45,18342.356,19204.086,19863.308,20332.008
Argentina,8361.209,6671.428,3257.853,3962.735,4374.783,3248.745,3857.027,3909.984,4524.498,2867.307,4857.796,6429.454,7653.711,7796.24,8378.735,8295.123,8645.455,9196.516,9283.175,8709.072,8638.543,8085.356,2997.621,3761.088,4314.098,5163.55,5976.082,7315.726,9146.79,8337.811,10412.974,12787.806,13889.792,14488.829,13208.831,14895.316,12772.868,14618.327,11786.433,10054.023,8571.937,10658.458,12187.297,12266.718,12152.26,12325.935,12793.686,13279.344
Armenia,,,,,,,,,,,,,31.321,247.884,196.98,399.576,503.774,521.869,608.415,597.241,620.638,692.287,779.122,923.387,1180.399,1628.063,2128.151,3079.031,3913.436,2911.763,3121.778,3417.172,3575.529,3732.035,3889.004,3529.026,3524,3868.906,4195.963,4596.861,4267.487,4701.403,4741.429,5346.743,5824.231,6201.435,6656.18,7169.937
Aruba,,,,,,,,,,,,,,,,16548.717,16620.854,17750.489,18825.012,19215.013,20681.023,20740.133,21307.248,21949.486,23700.632,24172.085,24845.658,26736.576,28172.189,25134.771,24084.879,25656.881,25006.763,25641.782,25883.616,27126.62,27036.925,27897.42,28727.937,29505.344,22483.486,27118.433,28862.749,30239.238,31317.857,32109.757,32901.864,33713.511
Australia,10999.565,12519.38,12225.953,11583.63,12566.011,10959.679,11237.104,12989.233,16234.269,18190.568,18858.838,18655.849,18106.073,17446.953,19735.347,20907.331,23152.598,23022.398,20373.636,21746.809,20877.997,19472.573,21682.32,27281.688,32841.397,36215.274,37927.367,45156.324,49167.075,45733.768,56538.759,67252.346,68440.963,65198.329,61611.385,51413.662,51821.817,55785.497,56293.332,54254.857,52847.678,63529.289,67464.386,69717.117,72187.634,74353.744,76773.691,79345.787
Austria,10731.955,9280.728,9267.664,9417.235,8882.629,9090.795,12886.095,16093.014,17632.815,17547.811,21827.44,22621.881,25068.398,24152.659,25725.557,30350.529,29820.596,26737.482,27399.085,27210.471,24636.471,24558.922,26508.32,32298.607,36883.892,38450.609,40674.883,46922.558,51914.013,48111.662,46955.173,51452.276,48616.903,50747.384,51814.424,44267.809,45278.829,47320.537,51254.398,50239.416,48636.302,53367.54,53370.707,57420.902,60630.943,63343.821,66009.109,68407.325
Azerbaijan,,,,,,,,,,,,,159.971,174.875,297.162,316.227,411.14,508.043,543.344,576.005,656.386,674.783,760.812,879.863,1039.818,1571.292,2458.421,3818.274,5578.556,4963.769,5880.806,7242.806,7545.873,7926.094,7939.169,5300.136,3897.707,4217.653,4759.796,4826.352,4240.844,5397.928,7164.546,7035.527,7002.311,7045.274,7168.868,7367.168
"Bahamas, The",12289.314,12493.753,13746.78,14958.645,15627.015,16797.762,17850.61,19326.111,19683.611,21814.311,20456.262,19767.718,19417.219,18979.009,19660.92,20271.252,20974.536,21951.759,23300.801,25780.476,26669.435,27060.507,28477.061,28043.46,28239.074,30269.034,30908.205,31894.394,31248.603,29296.493,29303.257,28906.973,30433.05,29462.756,30937.315,32648.639,32565.036,33191.208,34094.369,34575.624,25734.158,28579.308,32077.311,34242.095,35841.266,37039.299,38053.644,39068.283
Bahrain,10189.612,11061.394,11221.699,11117.659,11163.436,10182.368,7695.805,8049.364,9602.789,9668.043,10179.632,10252.365,10536.823,11290.27,11777.073,12143.091,12298.65,12422.116,11565.971,12210.221,14214.58,13894.343,13501.551,14486.061,15963.978,17966.224,19267.567,20908.338,23236.055,19465.292,20827.697,24080.452,25434.429,25965.311,25398.335,22659.393,22641.276,23631.585,25149.487,26050.98,23585.91,26135.777,29103.363,29327.241,29779.98,30354.798,31026.757,31796.687
Bangladesh,283.284,273.372,249.371,235.351,257.242,269.294,269.762,287.665,301.593,320.657,337.603,341.254,340.031,335.752,349.359,381.778,399.703,407.248,416.99,424.225,425.728,418.961,420.891,445.932,479.362,499.591,509.61,558.087,634.979,702.264,781.154,861.759,883.105,981.84,1118.854,1248.453,1401.621,1563.914,1698.352,1855.741,1961.614,2147.274,2361.984,2587.684,2813.907,3055.919,3314.594,3587.23
Barbados,4036.509,4427.056,4611.693,4882.788,5308.313,5539.558,6062.784,6653.718,7052.007,7776.714,7772.174,7777.866,7464.866,7886.782,8194.382,8414.115,8938.565,9412.367,10573.109,11039.097,11337.027,11284.369,11442.562,11788.654,12612.206,13939.669,15334.01,16925.611,17254.227,16036.404,16203.257,16599.012,16371.952,16556.104,16572.311,16589.45,16947.632,17423.251,17758.083,18448.826,16245.057,16875.092,19110.462,20426.463,21435.104,22367.719,23282.643,24169.147
Belarus,,,,,,,,,,,,,1252.792,1114.104,1533.721,1034.931,1429.059,1396.112,1514.669,1210.965,1079.61,1283.273,1524.49,1873.667,2450.9,3221.463,3968.753,4887.275,6581.175,5345.325,6025.686,6478.889,6948.345,7995.733,8337.145,5958.838,5037.854,5778.564,6351.76,6831.516,6515.654,7295.015,6384.266,6502.12,6825.464,7073.47,7292.388,7534.694
Belgium,12529.348,10366.108,9128.584,8626.16,8244.846,8568.653,11873.806,14740.456,16008.638,16098.158,20119.935,20563.729,22823.029,21723.624,23624.467,28458.469,27535.287,24878.749,25399.222,25309.057,23136.511,23067.163,25044.331,30707.665,35497.552,36945.499,38841.785,44496.791,48493.137,44892.228,44448.17,47564.381,44824.163,46848.612,47897.037,41147.261,42076.398,44274.073,47683.067,46732.672,45254.723,51875.037,52484.57,54822.896,56996.152,59050.479,61112.381,63051.08
Belize,1148.322,1193.866,1171.019,1200.888,1304.507,1258.896,1332.848,1518.912,1759.542,1977.229,2180.352,2292.375,2605.828,2732.709,2754.832,2865.693,2890.36,2846.013,2889.476,3014.677,3331.421,3403.467,3549.928,3677.821,3826.796,3919.076,4161.021,4294.334,4408.57,4191.307,4304.271,4417.021,4493.579,4523.163,4671.075,4708.963,4754.283,4756.508,4740.303,4762.191,3781.346,4176.521,4519.823,4742.407,4848.067,4945.028,5043.928,5144.806
Benin,633.149,413.923,397.573,340.867,352.496,370.342,462.435,535.192,544.339,491.148,580.415,573.657,615.86,579.434,389.725,506.864,533.491,497.342,519.56,552.369,512.9,518.071,574.524,711.107,798.382,823.24,856.1,966.318,1125.303,1087.576,1037.381,1130.074,1145.865,1251.228,1291.743,1076.906,1086.987,1136.193,1240.838,1218.278,1290.5,1397.826,1432.302,1517.567,1609.733,1711.012,1815.078,1919.732
Bhutan,301.912,317.384,325.479,343.169,346.705,349.039,382.259,447.284,496.565,483.64,514.626,446.274,442.838,470.84,484.426,569.737,594.213,654.919,701.797,716.174,758.308,767.831,813.421,950.504,1059.205,1215.288,1278.66,1548.106,1936.306,1797.535,2097.54,2511.435,2592.37,2609.758,2546.857,2767.781,2857.443,3137.633,3413.308,3322.527,3241.239,3184.785,3491.268,3755.358,4103.418,4441.787,4780.059,5127.992
Bolivia,695.535,615.66,668.55,619.896,631.152,668.921,640.94,683.625,712.146,715.525,723.431,776.711,803.547,793.646,805.183,886.368,956.965,1006.102,1057.72,1010.58,994.617,949.383,904.851,908.203,968.545,1037.176,1226.845,1383.894,1729.369,1769.441,1972.684,2368.523,2635.933,2938.421,3114.966,3069.319,3110.874,3388.523,3588.089,3591.403,3172.556,3369.143,3430.765,3573.861,3782.135,3999.361,4217.289,4447.093
Bosnia and Herzegovina,,,,,,,,,,,,,,,,,952.331,1225.456,1415.096,1540.514,1480.624,1540.266,1785.289,2254.449,2699.054,2903.602,3306.785,4073.011,4984.537,4711.119,4633.861,5089.853,4773.164,5141.572,5252.939,4607.669,4816.264,5159.992,5773.366,5787.063,5721.463,6440.382,6725.58,7208.426,7719.539,8246.946,8776.7,9415.253
Botswana,1281.65,1110.876,1130.197,1204.322,1153.418,1035.551,1354.241,2046.746,2563.555,2761.856,2939.88,2857.355,2868.706,2810.534,2945.134,3241.828,3245.043,3228,3033.182,3350.85,3457.838,3260.578,3165.091,4306.454,4994.989,5465.344,5402.854,5633.943,5601.705,5179.67,6359.637,7497.568,6818.885,6919.46,7406.85,6380.274,6982.945,7303.674,7556.094,7247.454,6348.809,7416.674,7519.206,7923.964,8353.52,8772.485,9284.593,9765.42
Brazil,1229.883,1382.548,1446.228,1134.932,1105.852,1719.515,1955.069,2087.445,2289.424,3087.928,3106.116,2677.837,2523.736,2787.164,3495.239,4851.99,5204.574,5321.137,5123.549,3501.438,3772.05,3177.94,2856.026,3089.141,3660.02,4819.872,5921.179,7390.653,8878.359,8649.578,11333.023,13295.899,12424.949,12358.342,12175.681,8846.475,8757.304,9978.089,9194.149,8914.171,6840.658,7563.562,8570.276,9204.821,9822.133,10248.3,10651.793,11028.161
Brunei Darussalam,,,,,,19916.361,11908.978,13239.407,12202.354,13414.336,15373.583,15723.283,17330.999,16611.619,16089.632,18233.963,19221.085,19060.145,14479.973,16060.902,20445.931,18621.101,18785.868,20755.774,24217.728,29420.373,34690.298,36302.79,42470.561,31341.495,35437.219,47092.296,47772.207,44860.428,41947.16,31355.736,27318.052,28236.773,30668.369,30447.184,27068.327,44808.56,79816.308,62200.282,51741.04,47865.68,46297.485,45939.18
Bulgaria,3673.235,3950.229,4108.111,4211.107,4465.379,3820.536,3382.438,3926.053,6433.109,6580.664,2919.823,288.506,1183.155,649.649,1155.796,1958.07,1494.786,1386.466,1854.468,1689.293,1625.322,1797.392,2090.683,2710.577,3370.382,3869.588,4477.028,5811.847,7156.176,6878.061,6753.335,7872.043,7454.003,7702.783,7925.691,7098.587,7596.464,8414.389,9489.641,9914.32,10119.909,11683.877,13101.479,14397.251,15477.068,16620.194,17668.435,18760.19
Burkina Faso,349.672,297.167,270.123,240.72,209.724,225.945,288.783,327.429,352.095,342.864,395.875,389.6,406.069,376.711,220.468,265.238,280.453,258.109,287.604,300.311,255.082,267.099,294.457,374.534,418.187,458.187,473.475,535.125,643.334,623.497,648.365,751.041,758.48,787.481,793.051,653.393,688.061,734.737,813.468,786.929,831.013,887.282,885.941,933.703,985.415,1038.301,1092.719,1140.527
Burundi,232.381,234.94,241.083,247.995,218.999,247.644,253.424,231.932,211.184,213.175,207.113,207.674,187.243,162.572,157.474,167.177,142.588,157.054,141.755,133.412,130.225,127.349,116.392,108.066,122.381,148.71,164.575,170.174,195.79,208.78,231.549,247.097,250.118,255.319,273.133,304.243,281.062,291.859,271.289,261.294,259.906,272.144,272.355,284.063,298.684,313.973,326.872,338.722
Cabo Verde,541.435,522.81,517.666,499.536,466.312,476.329,645.817,783.24,861.862,853.014,957.369,974.873,1062.47,1046.265,1180.486,1378.161,1385.771,1322.336,1376.757,1541.831,1399.088,1387.33,1501.545,1935.48,2188.003,2298.396,2571.824,3110.447,3636.128,3416.224,3312.035,3672.583,3388.875,3557.871,3532.994,2996.362,3082.157,3239.066,3616.442,3601.725,3065.478,3455.468,3502.981,3774.611,4066.484,4368.797,4660.182,4934.786
Cambodia,,,,,,,25.707,17.116,32.608,39.704,99.833,215.671,252.491,242.479,265.056,319.537,316.188,302.166,267.864,293.699,299.982,320.046,337.501,360.659,405.629,470.683,536.151,627.78,741.855,737.194,788.19,889.788,965.413,1034.821,1123.183,1203.479,1320.33,1448.109,1587.996,1736.422,1606.811,1653.767,1751.985,1872.019,2003.629,2149.072,2308.77,2486.937
Cameroon,1004.846,1106.193,1031.862,1012.33,1041.933,1059.933,1344.534,1514.218,1493.9,1292.834,1255.123,1357.676,1207.539,1222.984,808.04,745.55,808.211,794.939,772.304,765.544,660.382,687.404,756.14,949.02,1089.418,1101.546,1147.497,1277.667,1439.39,1409.942,1353.407,1464.888,1404.412,1527.773,1604.627,1382.65,1412.866,1468.929,1585.96,1533.161,1539.354,1654.723,1637.768,1730.91,1820.071,1919.076,2020.37,2118.893
Canada,11281.422,12396.666,12543.938,13493.198,13947.358,14185.922,14539.75,16408.139,19041.182,20842.455,21572.137,21885.57,20984.778,20210.452,20024.581,20706.725,21325.69,21930.485,21046.556,22340.553,24296.721,23859.714,24279.186,28338.745,32176.593,36439.62,40558.897,44716.985,46773.837,40990.625,47627.345,52285.937,52744.004,52708.61,51020.843,43626.47,42382.635,45191.993,46625.859,46403.986,43306.635,52078.515,57405.931,60411.716,62516.008,64532.011,66611.687,68726.059
Central African Republic,313.369,316.495,298.747,279.719,265.441,340.227,431.342,465.181,490.939,474.879,539.656,502.896,489.786,418.922,268.106,340.988,298.443,285.804,296.103,290.99,238.505,242.794,260.865,310.302,336.409,356.688,381.315,427.313,485.807,482.648,492.078,551.028,566.199,380.304,424.67,377.476,402.053,450.744,488.489,480.066,494.408,525.046,527.215,561.953,594.333,626.615,659.003,695.41
Chad,163.554,189.349,178.888,174.759,182.983,192.956,230.715,253.529,287.003,262.413,306.217,293.844,296.666,251.096,196.901,233.418,250.861,232.968,254.121,215.939,188.139,223.102,250.264,330.959,513.888,661.203,712.529,803.018,932.601,805.798,895.354,985.629,970.738,982.92,1024.838,776.105,700.558,671.18,713.426,689.327,653.088,697.339,742.943,754.249,771.297,791.488,815.339,839.87
Chile,2672.028,3112.004,2283.081,1825.132,1747.253,1475.216,1558.144,1806.142,2093.202,2371.187,2593.26,2930.765,3488.53,3673.656,4173.948,5300.412,5540.577,5949.743,5641.903,5130.835,5253.388,4720.853,4577.925,4903.621,6339.739,7751.049,9635.545,10676.726,10934.023,10378.663,12922.145,14729.12,15442.446,15740.558,14581.434,13493.328,13720.687,14996.687,15746.562,14572.234,12976.517,16069.808,15941.341,17453.472,18671.29,19816.599,20870.963,21914.662
"China, People's Republic of",306.98,288.491,279.971,296.509,301.111,292.99,279.908,299.842,368.079,406.534,346.873,356.759,420.025,520.966,468.658,603.526,703.06,774.91,820.903,865.236,951.163,1044.958,1141.14,1282.21,1499.712,1751.368,2095.239,2691.048,3446.695,3813.408,4499.803,5553.242,6282.709,7039.574,7645.875,8034.287,8063.446,8760.259,9848.949,10170.061,10525.001,12358.797,14096.235,15485.9,16739.954,17991.205,19311.818,20742.581
Colombia,1681.746,1792.259,1878.1,1827.165,1767.178,1623.001,1592.203,1623.397,1714.216,1693.406,1690.422,1711.654,1985.739,2208.309,2725.713,3034.085,3135.799,3397.954,3089.652,2672.583,2534.451,2460.333,2423.37,2312.603,2826.048,3493.986,3836.672,4834.427,5622.109,5330.795,6498.585,7518.304,8237.293,8409.688,8312.056,6337.03,6037.133,6577.287,6923.64,6540.141,5368.319,6156.137,6806.523,7103.075,7436.342,7776.733,8131.178,8500.837
Comoros,684.569,584.519,541.617,513.524,490.137,482.697,629.744,741.276,772.133,731.08,868.945,895.707,955.474,916.695,660.355,806.805,789.145,714.272,701.452,703.067,628.071,675.05,757.399,949.68,1055.357,1085.659,1110.984,1251.857,1403.796,1351.145,1322.638,1450.159,1403.417,1500.731,1505.178,1231.135,1256.035,1300.566,1386.014,1359.75,1357.291,1405.723,1371.029,1398.915,1433.777,1478.366,1526.871,1571.862
"Congo, Dem. Rep. of the",2730.694,2301.277,2422.242,1891.283,1221.72,1080.898,1174.016,1075.998,1206.847,1188.851,1192.38,1120.914,973.197,1222.443,639.608,601.803,750.736,642.729,461.123,410.453,397.025,146.542,171.076,171.505,189.173,215.172,248.176,280.397,316.269,289.689,326.681,379.705,417.545,450.642,479.602,490.698,459.14,460.832,553.88,573.292,536.45,608.952,669.365,715.246,758.577,802.681,848.236,898.912
"Congo, Republic of ",1362.75,1083.721,916.547,808.393,721.033,717.264,951.697,1121.613,1157.519,1150.77,1310.373,1326.741,1398.92,1249.625,839.501,973.005,1097.225,967.806,823.561,949.351,1268.422,1037.327,1109.284,1255.568,1617.326,2058.304,2436.377,2586.304,3346.18,2722.039,3597.956,4175.34,4607.39,4559.725,4438.243,2873.72,2395.178,2555.443,3062.923,2800.287,2206.164,2677.272,3242.942,3102.36,3179.841,3134.304,3090.074,3153.641
Costa Rica,2108.75,1111.35,1071.935,1257.355,1421.164,1478.366,1611.323,1612.564,1598.038,1763.481,1880.75,2305.412,2684.089,2926.911,3110.155,3336.709,3277.614,3450.907,3653.154,3715.408,3941.14,4041.943,4122.829,4227.819,4483.59,4756.337,5309.271,6194.045,6993.896,6879.266,8268.859,9270.571,10107.452,10764.529,10853.638,11635.197,11986.918,12185.259,12428.924,12691.126,12117.607,12408.353,12483.076,12900.937,13459.046,14003.101,14574.518,15176.664
Croatia,,,,,,,,,,,,,2597.101,2812.884,3846.143,5042.842,5267.39,5259.29,5648.035,5148.069,4985.102,5412.502,6293.502,8130.467,9746.539,10621.885,11797.839,14047.053,16415.451,14653.769,14068.926,14755.903,13400.312,13836.714,13763.671,11932.274,12528.846,13627.745,15226.937,15312.634,14131.444,16817.843,17337.821,19038.201,20370.52,21625.009,22794.31,23966.26
Cyprus,4549.649,4352.558,4452.724,4399.28,4575.712,4824.737,6057.982,7188.31,8204.406,8635.877,10360.133,10413.861,12158.755,11342.555,12525.481,15397.119,15260.362,14324.09,15181.803,15379.994,14464.816,14905.024,16188.394,20389.337,23969.818,25527.252,27448.569,31774.426,36009.56,32650.09,31439.124,32819.299,28993.69,27601.694,26995.341,23428.592,24692.372,26746.151,29546.547,29411.884,27783.759,30846.478,30663.215,33029.716,35293.034,37242.479,39233.606,41297.923
Czech Republic,,,,,,,,,,,,,,,,5820.043,6529.042,6030.633,6484.201,6333.862,6015.067,6627.103,8056.318,9823.287,11751.897,13446.938,15284.674,18527.743,22925.748,19908.146,19983.577,21890.781,19880.902,20129.622,19915.381,17842.868,18597.213,20666.666,23463.602,23709.181,22941.904,26410.645,27609.193,29671.723,31703.992,33719.604,35536.641,37365.379
Côte d'Ivoire,1736.221,1406.871,1215.248,1043.542,1012.116,993.889,1280.028,1355.587,1357.326,1248.332,1327.006,1240.002,1268.082,1142.984,835.236,1073.949,1152.482,1084.69,1137.461,1088.344,920.472,935.446,1009.639,1216.937,1282.215,1287.97,1308.58,1458.236,1697.048,1657.596,1650.956,1660.451,1686.73,1919.162,2115.189,1932.222,1971.618,2066.845,2265.294,2227.982,2279.02,2521.904,2574.087,2759.276,2934.729,3107.79,3275.001,3434.283
Denmark,13886.37,12076.174,11801.273,11852.891,11561.767,12259.279,17215.426,21349.948,22528.114,21913.155,26920.581,27052.653,29622.474,27640.496,30050.878,35471.255,35732.689,32897.57,33426.974,33492.354,30798.717,30806.607,33275.556,40512.045,46571.283,48872.095,52121.249,58641.193,64531.119,58286.537,58177.162,61864.093,58623.414,61325.575,62729.499,53478.495,54862.848,57772.553,61724.492,59861.612,61153.924,67758.08,68093.996,71255.544,74668.999,78210.607,81826.293,85518.204
Djibouti,,,,,,,,,,,1075.36,1069.557,1090.968,1057.622,1108.889,1108.216,1077.268,1067.631,1060.78,1084.063,1087.355,1105.798,1120.277,1159.545,1211.886,1270.208,1358.408,1477.246,1691.086,1720.974,1835.753,2036.942,2188.544,2312.721,2465.985,2675.575,2818.34,2930.674,3141.862,3407.571,3451.606,3580.751,3775.004,4077.625,4395.118,4716.322,5063.184,5437.882
Dominica,,1112.642,1217.573,1346.688,1495.272,1642.752,1864.889,2102.964,2377.904,2582.185,2819.552,3087.299,3287.848,3448.673,3713.105,3855.291,4104.42,4254.367,4526.684,4657.561,4681.178,4775.344,4680.264,4825.77,5165.218,5127.438,5497.251,5939.91,6463.44,6903.996,6980.957,7160.275,6994.866,7153.468,7388.583,7596.222,8089.25,7768.354,8118.956,8524.696,7415.079,7690.55,8575.285,9334.172,9905.879,10462.987,10884.544,11321.973
Dominican Republic,1534.317,1677.447,1545.099,1562.13,2397.598,1022.611,1212.354,1245.272,1113.835,1230.744,1123.244,1365.232,1573.686,1741.669,1916.439,2141.061,2309.916,2495.032,2658.543,2674.828,2894.303,3007.381,3158.393,2460.554,2540.849,4008.356,4188.715,4803.473,5194.799,5151.172,5688.751,6063.35,6274.865,6413.934,6805.662,7139.507,7521.268,7874.941,8340.961,8595.611,7553.509,8986.176,10259.337,10866.176,11599.014,12357.916,13166.472,14027.93
Ecuador,2097.141,2087.382,2026.375,1732.499,1794.733,2044.313,1461.92,1332.147,1234.671,1182.529,1173.126,1286.617,1375.712,1572.842,1858.323,1980.373,2037.13,2253.233,2257.861,1598.768,1461.838,1909.424,2180.386,2434.977,2700.118,3025.012,3351.476,3588.311,4267.473,4241.938,4633.247,5192.875,5664.886,6030.502,6347,6099.351,6046.302,6216.606,6318.477,6260.603,5670.33,5978.915,6412.351,6585.487,6724.91,6855.697,6989.047,7125.008
Egypt,580.042,617.659,711.351,846.388,925.97,1049.33,1132.456,1585.217,1858.029,2266.442,1870.847,923.843,825.448,897.202,968.914,1098.086,1209.49,1327.405,1454.957,1518.197,1636.752,1566.199,1355.278,1252.404,1195.597,1331.362,1563.739,1862.164,2271.232,2578.884,2922.796,3077.343,3379.013,3404.341,3520.357,3731.177,3653.665,2484.537,2577.269,3056.975,3618.515,3925.834,4162.081,4218.542,4490.614,4824.374,5162.912,5522.298
El Salvador,827.158,721.105,706.494,672.516,488.784,471.502,469.937,472.147,543.469,611.47,914.131,983.18,1073.311,1216.701,1380.708,1585.109,1684.786,1778.838,1886.36,1930.623,2001.538,2072.3,2124.103,2209.497,2278.432,2428.57,2631.82,2786.158,2933.395,2858.479,2983.23,3266.011,3428.409,3509.53,3589.041,3705.578,3805.992,3910.253,4052.622,4167.441,3798.635,4345.436,4689.35,4894.305,5061.267,5220.171,5363.684,5512.04
Equatorial Guinea,123.403,109.806,121.292,126.408,130.117,205.657,241.443,284.263,296.908,253.241,312.102,299.071,351.662,343.493,245.881,333.846,527.121,965.017,777.254,1251.452,1885.985,2616.487,3107.854,5424.13,8214.073,10810.445,12743.347,15782.688,22834.435,16596.742,17153.165,21479.995,21556.417,20252.748,19271.286,11217.985,9202.539,9624.532,9968.089,8394.417,7126.501,8745.189,10902.139,9685.373,8227.094,7928.073,7593.464,7554.586
Eritrea,,,,,,,,,,,,,268.192,167.084,195.44,219.091,263.808,270.574,283.919,274.584,238.508,245.162,227.498,258.933,315.55,300.697,321.219,340.334,301.238,415.601,501.424,642.502,693.804,596.754,786.54,603.193,655.424,557.857,580.845,566.731,587.449,630.572,701.15,744.879,775.856,803.617,835.39,867.663
Estonia,,,,,,,,,,,,,,1194.189,1711.271,2721.005,3379.95,3686.89,4096.127,4151.432,4084.938,4516.219,5358.418,7216.265,8923.191,10426.689,12657.064,16764.936,18273.297,14756.39,14696.814,17484.728,17414.24,19056.283,20253.974,17403.806,18290.293,20430.567,23074.035,23400.469,23035.913,27282.088,27970.807,30160.479,32790.902,35472.532,38121.644,40715.57
Eswatini,1353.87,1390.764,1208.985,1207.844,999.523,762.131,936.249,1172.28,1332.878,1306.668,1552.212,1567.762,1699.814,1750.159,1859.518,2171.72,2012.452,2105.168,1914.241,1861.496,1818.67,1599.207,1473.717,2235.678,2797.022,3174.588,3262.223,3402.163,3214.488,3479.71,4263.91,4603.196,4628.132,4325.841,4133.645,3766.458,3513.8,4031.056,4225.909,4031.589,3526.66,4109.397,4035.54,4250.351,4453.984,4638.669,4811.843,4887.915
Ethiopia,215.178,215.599,220.557,237.661,217.423,246.507,247.981,256.699,257.56,262.233,269.082,287.651,293.35,176.465,151.965,142.808,154.564,147.254,129.859,121.551,128.621,123.892,116.452,120.601,138.282,164.937,198.696,244.495,326.82,351.341,324.285,361.829,493.321,535.264,613.101,702.767,790.82,829.313,852.011,968.253,994.197,995.67,1039.773,1129.521,1265.389,1363.21,1481.889,1604.821
Fiji,2056.073,2062.163,1941.771,1781.084,1828.856,1744.388,1954.085,1776.896,1672.492,1747.117,1959.194,2012.454,2208.958,2339.817,2590.933,2775.116,2975.914,2905.473,2282.246,2656.26,2286.992,2238.548,2467.527,3079.607,3601.622,3943.27,4041.487,4405.164,4535.432,3673.958,4004.674,4797.051,5017.72,5268.164,5611.185,5385.516,5620.575,6049.889,6272.733,6142.933,5084.436,5147.19,5685.258,6268.682,6817.895,7273.538,7663.932,8078.868
Finland,11257.795,10990.447,11036.936,10545.058,10889.934,11488.754,14998.341,18632.076,22122.56,24040.639,28489.569,25646.579,22496.237,17661.586,20429.387,26347.514,25833.03,24759.979,26074.066,26241.797,24379.783,25001.18,27008.262,32961.92,37816.081,39147.216,41308.623,48590.198,53897.91,47541.746,46647.002,51263.574,47850.555,50006.019,50434.791,42867.09,43865.756,46437.211,50033.305,48666.505,49159.28,54007.746,53744.875,56772.05,59269.642,61532.886,64027.597,66362.232
France,13052.055,11393.065,10764.181,10245.002,9667.515,10028.463,13922.959,16776.515,18204.104,18218.703,22432.059,22329.525,24538.409,23059.189,24215.692,27721.67,27716.205,24999.792,25783.476,25517.131,23149.274,23229.175,25058.792,30628.86,34980.08,36000.917,37762.463,42998.453,46927.305,43079.371,42100.289,45378.299,42348.741,44130.832,44545.718,37918.771,38332.675,40053.616,43021.379,41939.21,40162.147,44852.597,44747.264,46893.42,48903.059,50863.185,52673.706,54408.34
Gabon,6093.615,5376.616,4930.527,4619.015,4346.388,4478.468,5735.355,4245.955,4581.144,4899.234,6815.634,5993.32,6015.511,5677.618,4293.942,4956.842,5552.917,5068.093,4161.617,4222.734,4477.321,4065.933,4210.284,5015.596,5837.617,6942.698,7271.093,8652.145,10418.276,7856.853,8933.306,10893.464,9903.41,9760.747,9746.786,7453.114,7082.218,7370.349,8220.504,8111.34,7277.369,8975.816,10390.314,10273.659,10412.338,10659.641,10984.528,11466.868
"Gambia, The",1007.791,907.551,827.984,800.7,552.842,645.904,484.263,623.605,695.347,701.786,790.827,801.579,830.589,840.415,804.334,815.289,826.192,818.814,815.332,811.257,766.199,737.063,631.566,581.319,642.755,665.721,662.362,780.379,924.514,833.282,860.639,762.761,742.78,700.515,607.429,649.511,683.998,676.656,729.035,768.921,755.415,812.482,843.846,885.448,930.243,975.631,1011.443,1051.326
Georgia,,,,,,,,,,,,,,,172.502,413.487,688.365,818.069,869.52,690.38,763.715,820.016,875.193,1034.539,1338.078,1682.51,2052.269,2700.438,3419.91,2890.709,3221.628,4003.46,4409.627,4622.549,4742.498,4017.622,4060.893,4358.594,4718.794,4693.66,4263.133,5014.158,5617.963,6286.07,6925.351,7621.19,8368.498,9193.992
Germany,11109.741,9329.591,9014.978,9025.206,8537.765,8678.853,12387.01,15411.529,16514.654,16232.121,20249.138,23453.063,26538.043,25602.961,27233.633,31829.61,30664.393,27170.747,27528.158,26984.243,23924.876,23869.773,25460.334,30668.849,34534.814,35020.197,36894.468,42299.862,46367.859,42338.844,42379.71,46697.376,43883.393,46299.371,48035.802,41107.222,42124.452,44636.698,47995.381,46800.183,46215.596,50794.947,51103.976,54763.257,57406.032,59795.62,62125.241,64378.27
Ghana,3489.408,5537.341,6271.389,4114.168,1391.696,1213.37,1094.377,895.168,930.218,924.054,1045.579,1142.78,1102.828,881.064,793.783,918.725,950,945.574,1002.591,1012.265,606.494,630.69,714.412,860.458,973.275,1151.293,1320.27,1520.628,1688.059,1477.632,1757.029,2131.731,2197.891,2405.776,2003.714,1784.251,1982.243,2086.598,2275.769,2265.713,2225.506,2440.962,2303.29,2397.83,2489.232,2582.53,2669.781,2844.603
Greece,5898.163,5376.978,5576.511,5008.015,4854.243,4791.75,5623.163,6522.421,7568.289,7812.784,9597.714,10196.17,11139.445,10363.63,11029.098,12887.889,13660.507,13370.349,13412.55,13784.361,12164.719,12473.285,14065.791,18378.281,21829.501,22417.643,24648.873,28656.233,31902.014,29577.642,26743.4,25437.01,21845.045,21712.016,21554.224,18023.869,17906.08,18552.181,19750.743,19130.444,17603.435,20255.859,20939.754,22162.42,23347.69,24455.109,25521.109,26417.664
Grenada,1245.62,1276.37,1346.874,1372.669,1477.916,1678.085,1872.462,2162.546,2408.732,2757.871,2887.011,3117.904,3192.22,3153.808,3272.547,3411.983,3632.676,3861.381,4370.62,4705.807,5056.978,5041.015,5213.797,5682.707,5741.653,6644.217,6658.218,7213.002,7832.366,7290.821,7258.182,7291.739,7444.082,7789.618,8370.031,9096.535,9628.26,10152.834,10466.805,10834.496,9273.2,9856.433,10471.939,11146.784,11732.348,12317.92,12915.476,13500.762
Guatemala,1070.284,1140.215,1126.186,1139.957,1163.059,1338.718,705.755,796.957,841.769,946.757,808.879,966.003,1045.432,1110,1228.967,1348.884,1408.233,1559.644,1656.359,1527.239,1555.638,1654.953,1795.772,1847.291,1951.798,2151.742,2336.955,2556.76,2873.086,2654.1,2836.06,3172.124,3267.792,3397.625,3632.101,3825.882,3982.02,4233.007,4240.545,4371.265,4317.448,4673.632,4863.909,5027.163,5287.295,5546.078,5817.89,6102.601
Guinea,,,,,,,,,,,616.321,660.444,678.626,639.332,626.432,655.749,656.708,628.192,591.511,557.831,461.784,427.879,444.663,517.03,538.88,470.57,426.419,628.711,675.387,637.478,630.549,540.562,637.79,712.977,728.729,712.049,679.964,796.038,891.887,991.735,1094.959,1230.132,1427.798,1525.491,1619.167,1691.691,1768.258,1847.667
Guinea-Bissau,370.185,463.692,516.549,570.682,388.702,559.368,534.912,444.504,406.033,478.384,571.817,787.213,843.597,636.881,344.118,725.815,676.103,628.438,517.661,496.411,327.943,338.362,374.5,435.072,447.804,482.181,467.998,543.408,672.251,613.569,644.344,775.206,688.497,711.927,712.826,707.897,748.089,864.141,866.451,810.558,812.391,878.334,872.978,930.22,994.39,1061.876,1132.128,1197.538
Guyana,1101.855,1055.839,904.864,921.541,861.055,924.305,1053.703,982.258,1125.871,1146.242,950.968,1036.884,1145.783,1392.984,1626.898,1832.399,2048.527,2161.647,2035.856,2010.769,2017.2,2023.617,2092.961,2144.109,2232.996,2305.907,2551.768,2982.217,3329.637,3457.367,3837.303,4402.775,5360.276,5476.744,5402.703,5579.974,5796.819,6104.158,6120.536,6594.375,6952.702,9643.596,17107.524,20625.226,20525.81,21055.969,22033.21,23057.287
Haiti,447.907,484.33,494.856,521.763,567.915,619.461,676.077,327.179,212.61,192.614,240.23,211.528,124.533,147.025,397.214,618.383,626.299,706.797,773.837,847.945,794.059,720.822,684.333,540.556,660.218,773.35,794.79,991.684,1074.359,1168.747,1175.199,1269.346,1316.496,1408.807,1408.669,1359.209,1263.434,1337.16,1441.864,1277.213,1235.476,1765.242,1671.512,1733.409,1780.794,1827.416,1875.246,1922.977
Honduras,955.25,1017.067,1015.875,1044.202,1092.454,1161.918,1180.458,1249.586,1351.372,1467.031,841.249,822.855,891.443,888.614,845.738,948.437,888.005,948.716,1023.397,1003.065,1093.106,1133.185,1134.068,1158.179,1217.816,1308.089,1430.056,1583.048,1739.357,1789.707,1904.346,2088.311,2144.337,2102.595,2206.056,2302.204,2342.024,2451.936,2506.62,2567.967,2396.689,2789.583,2925.447,3022.506,3129.277,3259.698,3402.629,3547.765
Hong Kong SAR,5703.963,5995.182,6139.013,5590.161,6170.503,6490.372,7380.118,9015.195,10527.458,12012.634,13374.312,15297.577,17710.506,20065.68,22194.005,23070.541,24698.956,27214.595,25649.085,24969.005,25574.491,25166.902,24731.081,23856.482,24873.898,26551.769,28028.157,30494.551,31487.94,30593.991,32421.361,34955.147,36623.745,38233.352,40185.303,42325.352,43488.204,46025.665,48310.038,48274.944,46437.742,49727.395,49849.841,52654.121,55014.15,57522.504,60136.917,62928.71
Hungary,2151.468,2207.127,2249.984,2046.399,1989.903,2022.961,2338.799,2582.847,2838.561,2909.702,3312.337,3350.242,3733.447,3871.071,4170.571,4491.215,4520.76,4591.492,4738.015,4786.245,4619.293,5269.607,6644.61,8410.769,10275.774,11188.448,11469.411,13904.826,15742.787,13035.623,13173.209,14195.846,12935.511,13665.526,14251.799,12690.167,13086.074,14608.721,16423.28,16731.469,15948.413,18968.393,20335.818,22569.519,24517.226,26376.481,28084.617,29732.853
Iceland,15129.182,15449.046,14003.083,11857.373,12130.436,12506.275,16571.593,22776.756,24820.302,22627.388,25629.431,27159.576,27357.171,23725.669,24117.987,26682.487,27713.605,28048.848,31219.801,32577.642,32344.364,29061.339,32516.441,39620.411,47579.937,57405.559,58238.886,70375.326,57296.251,41188.906,43293.021,47798.807,46159.8,50100.084,54864.159,53227.627,62530.419,73085.132,75374.147,69524.623,59386.9,69033.314,74417.385,77574.342,81192.122,85371.408,89558.49,94020.166
India,271.031,274.726,277.965,296.291,281.099,302.945,315.161,346.171,357.799,352.182,374.002,308.37,322.512,306.44,352.172,380.321,406.968,422.809,420.573,449.751,451.089,459.491,479.248,556.316,638.787,726.917,814.353,1046.898,1019.511,1121.248,1384.174,1458.106,1443.882,1449.61,1573.885,1605.605,1732.554,1980.668,1998.259,2070.413,1935.04,2282.97,2515.435,2745.439,2984.42,3243.328,3503.595,3769.728
Indonesia,673.239,736.992,741.946,659.474,672.201,658.217,610.234,562.902,621.934,696.874,770.757,847.573,907.767,1013.057,1115.613,1254.023,1394.497,1308.114,572.09,829.574,870.154,834.139,1002.907,1186.845,1280.696,1403.876,1764.79,2064.232,2418.043,2464.956,3178.133,3688.531,3744.53,3684,3533.606,3367.691,3605.721,3885.465,3947.248,4196.329,3922.604,4356.56,4690.749,5085.015,5423.7,5767.08,6125.666,6502.373
Iran,2439.396,2485.685,2965.579,3560.281,3531.17,3793.905,4225.457,5467.98,6009.203,7133.821,10661.483,5445.574,890.842,1121.078,1368.369,1941.99,2631.462,3015.203,3300.975,4356.025,5713.528,5068.496,2001.239,2353.361,2764.807,3291.94,3863.502,5057.408,5890.712,6016.8,6983.777,8322.46,5548.306,5566.802,5872.408,5137.233,5692.783,5979.039,6233.881,7875.954,11148.802,16783.815,20261.008,20563.239,21205.241,21921.568,22676.277,23511.917
Iraq,,,,,,,,,,,,,,,,,,,,,,,,608.655,1373.738,1828.738,2321.258,3090.851,4472.118,3701.862,4473.71,5848.537,6692.576,7021.406,6704.313,5044.624,4637.004,5178.921,5950.825,5981.102,4223.218,5088.115,7038.242,6907.6,6788.997,6734.273,6763.269,6861.782
Ireland,6252.207,5886.368,6078.144,5839.832,5591.81,5934.548,7993.15,9419.506,10365.284,10754.616,13644.791,13748.196,15331.894,14262.798,15455.354,19086.797,20781.392,22468.61,24202.501,26233.643,26186.264,28120.1,32482.077,40940.136,47389.262,50476.482,53738.712,60770.052,60989.977,51943.353,48612.201,52116.927,49000.81,51459.003,55499.027,61861.466,62633.727,69488.855,78844.353,80646.176,85229.899,99013.377,101509.49,109551.758,116475.362,122476.772,128521.357,134496.938
Israel,6096.707,6413.923,6752.808,7374.492,6892.403,6294.15,7629.984,8966.967,10925.93,10928.613,12502.88,13354.935,14407.213,14107.137,15698.653,18154.264,19391.933,19705.404,19439.247,19152.867,21071.762,20324.926,18449.182,18998.835,19919.021,20594.662,21859.442,24966.228,29659.792,27793.383,30791.278,33787.427,32681.199,36515.115,37864.407,35822.856,37341.6,40790.933,42079.335,43965.661,44181.168,51416.022,54688.303,56595.707,58695.236,60767.408,62771.62,64719.32
Italy,8559.468,7749.767,7652.888,7936.213,7840.76,8093.591,11461.158,14385.826,15934.159,16560.648,20651.767,21795.672,23116.604,18572.914,19149.546,20675.32,23094.426,21858.45,22348.051,22029.683,20153.067,20505.939,22386.279,27580.457,31342.833,32031.448,33448.085,37828.34,40818.96,36982.806,35815.593,38276.034,34743.751,35534.99,35836.161,30463.696,31190.776,32648.756,34917.583,33627.881,31707.077,35472.831,34777.089,36678.146,38454.238,40053.307,41552.692,42797.32
Jamaica,1214.379,1310.503,1479.509,1289.23,948,878.359,1034.771,1158.596,1372.734,1588.557,1971.695,1799.773,1804.411,2249.32,2234.803,2660.153,2975.134,3347.367,3467.544,3473.435,3510.575,3529.711,3709.572,3586.441,3855.674,4241.399,4494.63,4829.296,5134.246,4507.186,4894.369,5332.52,5448.456,5238.147,5105.511,5204.825,5183.462,5413.03,5729.757,5781.785,5102.762,5525.304,5730.397,5901.366,6122.349,6438.522,6705.452,6978.634
Japan,9659,10574.371,9772.809,10636.463,11205.352,11815.804,17466.671,21177.787,25575.098,25336.199,25895.956,29511.775,32069.069,36425.222,39953.195,44210.242,39164.322,35651.27,32436.923,36622.885,39172.963,34410.68,32832.296,35410.222,38307.096,37819.1,36021.9,35847.226,39992.06,41469.773,45135.796,48760.905,49175.054,40934.756,38522.771,35005.656,39411.424,38903.298,39826.248,40590.142,40048.93,39339.836,39243.371,42459.397,44563.861,47152.247,49377.665,51252.823
Jordan,1694.589,1835.938,1884.123,1899.891,1841.321,1778.343,2190.163,2222.874,2002.619,1290.011,1203.194,1191.517,1391.966,1357.66,1449.044,1494.348,1509.576,1541.175,1650.348,1670.089,1703.199,1773.963,1858.309,1934.83,2108.801,2251.553,2591.481,2820.767,3454.31,3559.692,3736.645,3852.89,3915.87,4050.139,4137.283,4169.99,4181.254,4237.443,4314.243,4411.709,4288.805,4416.632,4635.073,4893.249,5176.564,5470.797,5772.786,6082.367
Kazakhstan,,,,,,,,,,,,,168.645,304.849,751.98,1061.475,1358.804,1459.416,1480.091,1132.126,1230.49,1491.652,1657.157,2062.291,2862.5,3753.439,5261.026,6733.448,8349.288,7116.372,9005.041,11552.573,12300.185,13789.174,12713.563,10435.169,7662.006,9186.712,9749.07,9750.431,9062.958,9976.904,10003.119,11540.073,12040.746,12648.509,13162.547,13709.048
Kenya,1305.247,1185.18,1101.075,983.361,986.51,950.251,1093.491,1156.785,1158.818,1111.265,1124.819,1029.415,983.514,663.428,771.897,951.64,1047.966,1034.12,1096.62,972.176,897.619,870.082,898.186,953.835,941.165,1056.471,1203.39,1412.69,1314.844,1123.285,1176.309,1178.584,1396.213,1490.414,1613.092,1625.155,1688.865,1805.384,1983.028,2111.425,2079.959,2204.724,2251.98,2288.159,2380.87,2500.055,2625.248,2733.299
Kiribati,710.42,734.209,670.98,620.845,667.442,499.974,479.459,529.522,649.788,627.533,594.271,642.924,643.903,621.703,715.435,720.549,847.867,840.499,806.333,833.736,803.324,734.58,827.798,1020.831,1132.962,1214.941,1168.998,1377.365,1456.192,1331.192,1512.468,1726.239,1783.594,1715.889,1628.35,1537.93,1587.423,1649.393,1696.174,1513.51,1519.519,1705.808,1745.094,1849.199,1919.439,1976.121,2028.767,2082.297
"Korea, Republic of",1714.62,1883.456,1992.29,2198.939,2413.291,2482.4,2834.888,3554.62,4748.676,5817.065,6609.985,7637.199,8126.451,8886.386,10381.18,12565.033,13402.925,12416.754,8271.412,10666.862,12263.471,11563.04,13159.675,14672.418,16482.75,19398.494,21730.952,24083.338,21387.709,19139.732,23077.161,25100.188,25459.168,27179.519,29252.933,28737.439,29274.232,31600.737,33433.172,31936.795,31638.455,34801.086,34994.199,37272.406,39169.653,41081.532,42954.269,44847.013
Kosovo,,,,,,,,,,,,,,,,,,,,,1506.094,1704.288,1807.197,2205.535,2274.678,2318.3,2400.14,2865.639,3025.013,2878.492,3013.162,3562.033,3396.893,3699.477,3920.467,3554.1,3745.863,3991.249,4389.236,4432.489,4318.82,5031.045,5355.287,5809.499,6235.676,6646.624,7039.301,7418.403
Kuwait,20966.177,17631.854,14417.541,12973.988,13410.421,12670.687,9653.473,10956.483,9640.407,11359.505,8588.145,7960.513,13989.932,16213.488,13549.775,13871.989,15068.13,13740.681,11424.919,13358.134,17012.776,15108.112,15759.074,18786.749,21585.563,27014.773,31907.199,33732.522,42827.126,30414.739,32216.413,41657.444,45726.188,44754.341,40278.045,27398.083,25267.146,27194.073,29903.564,28513.431,22683.638,28578.756,38755.059,36904.519,35490.243,34890.429,34807.763,35006.835
Kyrgyz Republic,,,,,,,,,,,,,207.976,148.155,245.851,329.934,396.495,379.056,344.404,258.467,280.635,309.913,323.343,382.888,436.496,478.77,546.621,725.487,971.678,876.933,884.846,1131.471,1189.517,1295.225,1292.621,1132.843,1131.841,1254.51,1321.954,1388.647,1195.723,1282.979,1327.009,1372.242,1409.835,1476.068,1542.94,1599.1
Lao P.D.R.,596.196,341.873,334.404,596.412,831.39,1017.414,691.926,473.879,300.081,360.325,414.261,474.15,528.183,578.467,654.369,741.537,753.99,696.054,259.296,270.226,323.04,324.75,335.686,405.322,468.205,535.248,672.947,800.15,983.374,1045.979,1201.126,1412.137,1581.818,1830.284,1997.957,2138.833,2323.281,2452.861,2567.549,2620.937,2546.103,2514.027,2318.822,2373.973,2437.386,2528.288,2650.287,2783.14
Latvia,,,,,,,,,,,,,632.991,1022.374,1725.206,2163.746,2419.564,2670.492,2961.556,3140.583,3343.185,3553.667,4120.694,5121.737,6342.833,7569.828,9690.456,14079.583,16435.208,12243.071,11316.935,13371.009,13786.589,14927.223,15685.975,13728.365,14259.247,15626.276,17806.561,17871.427,17622.776,20581.122,21311.146,22871.581,24848.736,26678.281,28485.943,30302.696
Lebanon,1552.837,1481.175,1005.587,1377.269,1618.263,1344.575,1044.67,1219.75,1217.822,983.644,999.179,1503.376,1778.897,2290.378,2641.04,3109.262,3551.799,4246.445,4618.673,4582.361,4428.662,4349.954,4504.149,4440.345,4630.727,4575.074,4626.82,5207.76,6111.36,7354.971,7761.616,7675.291,7952.12,7933.253,7687.746,7663.878,7653.694,7819.591,8058.463,7471.464,4002.74,,,,,,,
Lesotho,340.852,337.16,273.569,293.235,267.36,208.686,233.93,291.915,322.488,325.872,382.327,427.81,477.277,465.397,480.692,514.122,490.549,516.861,475.868,466.514,453.282,374.971,410.133,592.302,738.561,791.265,809.56,930.798,868.532,1011.42,1222.197,1324.607,1261.443,1191.994,1250.627,1106.83,1105.765,1166.068,1150.976,1122.337,999.345,1180.51,1212.571,1270.667,1341.19,1416.562,1477.039,1532.845
Liberia,,,,,,,,,,,,,,,,,,,,,325.463,328.515,334.824,248.982,307.15,314.889,357.241,415.958,497.445,503.596,541.579,625.257,695.516,772.241,765.368,747.177,767.373,763.108,731.317,672.863,647.089,723.785,776.35,804.102,816.749,855.947,897.916,947.143
Libya,13031.83,10762.563,10247.108,9371.005,8411.48,8319.667,6524.775,5815.611,5795.806,5881.526,7193.535,7776.953,7703.526,6780.858,6192.591,6882.208,7372.447,7424.949,5980.039,7067.876,7388.136,6485.16,3833.574,4831.424,5988.392,8467.716,9659.637,11711.138,12570.871,8524.772,11417.422,5402.251,12693.637,8282.151,3876.411,2723.365,2907.457,4685.07,6361.578,6004.471,2891.462,4821.508,7196.794,6602.854,6309.465,6155.004,6098.041,6037.186
Lithuania,,,,,,,,,,,,,,,,1845.103,2327.496,2830.268,3166.72,3113.271,3293.307,3525.849,4140.734,5499.475,6699.372,7860.178,9236.616,12305.917,15017.555,11848.202,12009.033,14393.268,14376.001,15734.38,16577.328,14265.41,15004.186,16879.45,19194.88,19577.941,20216.057,23472.866,25015.372,27241.472,29567.566,31644.006,33700.713,35778.328
Luxembourg,17666.745,15190.085,12464.023,12234.668,11984.274,12393.783,17950.002,22149.518,24875.488,26226.903,33066.888,35346.49,39061.02,39483.057,43306.887,50705.085,49718.865,44202.559,45636.553,49341.225,48984.173,48719.11,53221.558,66160.476,77037.418,81723.316,91480.802,108346.807,121616.397,110249.419,112056.738,120516.827,113963.696,121414.35,125204.692,106718.037,107938.828,111211.388,118466.551,114357.509,117063.472,136701.396,135045.821,140684.469,148222.855,154313.667,160429.945,166321.155
Macao SAR,,,,,,,,,,,,,,,,,,,,,,15723.751,16733.977,18461.835,23005.586,25109.973,28970.428,34268.703,38286.226,39822.349,51135.159,66111.715,74209.139,84833.692,86298.091,69647.776,69887.828,77233.097,82835.778,81231.549,37455.87,43771.842,50577.672,63292.718,76070.163,84704.558,90131.443,94839.504
Madagascar,594.73,529.787,518.939,495.274,402.08,380.975,423.6,304.151,293.209,283.399,338.948,272.525,301.997,320.564,269.561,284.823,354.742,297.115,297.254,279.921,293.607,334.442,319.216,368.797,284.488,319.537,338.751,438.655,536.352,467.54,471.959,531.266,518.155,541.069,530.863,467.235,476.226,515.935,518.489,512.176,457.487,501.615,504.308,511.451,536.607,571.144,602.116,634.422
Malawi,460.392,447.79,416.18,419.657,400.328,358.713,354.471,327.758,354.718,384.328,420.593,523.591,422.469,483.263,278.145,319.894,512.064,583.417,373.078,368.272,352.65,338.478,384.137,345.163,365.696,377.042,400.898,432.115,504.65,571.113,623.414,695.331,506.3,446.999,484.322,497.737,415.016,466.559,501.113,543.685,567.59,567,545.065,498.276,513.327,536.043,559.051,582.609
Malaysia,1926.963,1920.127,2006.482,2189.553,2419.501,2154.458,1864.031,2070.009,2213.866,2380.512,2585.824,2885.098,3380.219,3717.374,4028.37,4672.139,5176.282,4996.967,3520.915,3762.771,4347.727,4189.053,4441.812,4740.324,5244.861,5678.747,6354.977,7485.942,8771.026,7550.251,9046.985,10397.92,10806.84,10851.664,11172.4,9663.283,9544.246,9969.495,11086.113,11234.658,10351.083,11399.123,13268.339,14375.978,15256.546,16200.421,17121.798,18054.035
Maldives,412.508,464.914,534.906,560.243,646.388,737.78,835.636,769.824,897.934,987.814,1091.55,1184.664,1343.012,1479.446,1591.14,1903.127,2107.605,2553.949,2658.803,2842.658,2967.253,2780.451,2952.215,3690.792,4238.041,3960.43,5268.793,6128.48,7337.951,7450.805,8086.697,8078.305,8719.582,9766.235,10787.471,11781.029,12348.712,13200.955,14479.839,15056.424,9882.737,13189.636,14078.416,15374.808,16436.477,17415.943,18441.064,19531.8
Mali,286.454,229.416,198.621,187.965,184.082,182.083,249.094,286.223,283.437,340.745,381.395,380.32,381.039,369.975,275.823,348.164,347.271,317.786,321.178,323.608,270.663,307.708,336.179,393.308,440.758,489.293,523.071,597.55,697.011,700.95,710.854,837.458,779.118,805.046,848.522,751.553,780.509,829.713,895.211,879.083,863.784,919.942,896.585,957.549,1016.694,1056.372,1109.343,1153.445
Malta,3811.847,3691.859,3467.399,3262.692,3114.332,3126.09,3953.405,4898.042,5522.986,5728.285,6811.662,7215.068,7945.163,7009.556,7684.416,8978.862,9107.638,9147.98,9621.951,9983.877,10482,10447.791,11346.456,13730.313,15260.887,15930.142,16818.012,19696.182,22378.184,21223.678,21842.065,23222.385,22674.787,24972.679,27080.097,25228.175,25897.872,29329.339,32181.374,31853.646,28966.25,33329.118,33094.278,35485.832,37876.102,40077.763,42325.535,44524.089
Marshall Islands,,,,,,,,,,,,,,,,,,2257.329,2276.743,2269.421,2237.183,2416.081,2651.491,2619.045,2625.82,2668.167,2749.066,2864.642,2894.225,2864.633,3030.394,3239.108,3383.558,3451.206,3388.375,3406.479,3720.619,3898.576,4061.676,4292.884,4412.992,4463.23,4755.731,5015.031,5227.095,5405.688,5563.032,5719.327
Mauritania,,,,,,,,,,,898.741,1002.023,1026.904,852.513,872.712,912.587,904.326,854.319,812.206,773.412,673.361,641.849,634.588,711.709,796.923,963.498,1357.425,1425.466,1647.288,1475.591,1715.923,2012.828,1946.079,2072.492,1826.78,1668.065,1690.813,1758.55,1851.725,1943.797,1955.501,2153.329,2141.061,2190.8,2413.555,2509.727,2554.004,2802.237
Mauritius,1268.107,1186.583,1124.4,1179.733,1080.41,1085.141,1454.116,1827.431,2104.548,2146.046,2555.86,2781.631,3091.412,3148.796,3446.307,3902.222,3993.479,3703.632,3701.865,3859.149,4102.593,4026.943,4196.429,5005.417,5626.004,5516.198,5695.975,6574.664,8030.052,7318.126,8000.376,9197.043,9291.236,9637.016,10151.727,9258.563,9681.416,10485.014,11205.901,11088.359,8618.643,8744.34,8892.105,9899.553,10980.017,11869.392,12647.613,13325.19
Mexico,3383.685,4238.762,3002.229,2390.4,2755.013,2859.223,1937.362,2080.398,2493.816,2979.921,3450.198,4059.987,4624.006,5636.355,5841.023,3920.738,4405.105,5283.079,5477.928,6157.249,7166.141,7558.975,7607.443,7088.462,7501.914,8303.985,9102.514,9680.432,10053.737,8029.296,9299.455,10232.411,10271.406,10758.984,10967.113,9657.118,8788.588,9342.92,9753.667,10028.64,8506.909,10039.576,10165.665,10513.789,10919.4,11316.37,11732.112,12160.616
"Micronesia, Fed. States of",,,,,,,,,,,,,,,,2094.48,2060.874,1944.21,2054.62,2061.643,2179.424,2257.322,2277.946,2311.653,2268.897,2370.444,2413.778,2457.377,2531.364,2711.063,2887.354,3021.694,3170.962,3068.371,3082.895,3050.723,3197.214,3522.106,3854.141,3979.067,3935.559,3880.489,4066.453,4296.822,4501.435,4652.77,4785.44,4907.352
Moldova,,,,,,,,,,,,,290.058,373.927,389.592,485.354,572.302,653.525,575.974,398.41,448.062,505.784,569.109,680.272,894.061,1031.422,1179.323,1526.379,2102.942,1890.647,2428.106,2930.062,3031.129,3307.351,3314.553,2715.782,2857.879,3478.523,4196.159,4464.117,4377.542,5284.908,5435.446,5510.27,5879.599,6475.184,7095.698,7758.304
Mongolia,,,,,,,,,,,1288.653,1324.852,722.215,352.304,419.198,647.441,592.439,511.954,480.917,445.544,473.198,521.317,566.403,639.373,789.958,989.177,1321.606,1616.138,2109.269,1687.55,2602.373,3702.359,4281.33,4293.834,4081.015,3800.11,3575.095,3612.716,4078.182,4309.049,3965.097,4417.601,5205.96,5952.336,6588.635,7234.755,7753.788,8186.049
Montenegro,,,,,,,,,,,,,,,,,,,,,1596.628,1893.716,2081.045,2745.758,3379.643,3679.829,4429.802,5985.426,7396.665,6746.378,6694.168,7327.253,6590.58,7189.048,7389.894,6517.42,7031.531,7800.27,8854.776,8911.273,7688.549,9350.227,9673.498,10729.24,11480.027,12147.256,12838.744,13533.248
Morocco,1132.089,895.782,881.181,778.036,695.127,685.329,884.05,952.577,1102.828,1109.286,1248.809,1310.61,1343.358,1239.049,1369.643,1479.276,1612.853,1442.425,1519.174,1492.184,1373.92,1376.532,1453.941,1768.603,1999.125,2063.312,2242.729,2549.881,2946.926,2922.586,2896.564,3111.538,2979.738,3200.479,3259.721,2964.961,2995.677,3147.101,3353.1,3368.386,3191.046,3620.319,3628.641,3861.671,4026.377,4206.998,4382.582,4568.902
Mozambique,396.816,300.914,300.392,263.659,270.38,353.788,413.827,187.301,164.966,171.727,271.733,272.614,191.23,189.937,187.082,187.295,241.649,283.513,313.064,346.574,319.358,296.268,302.546,326.075,383.27,416.811,435.334,482.198,563.649,520.403,471.904,594.586,657.645,664.078,673.969,589.86,428.927,461.415,503.302,506.817,448.844,500.7,546.718,573.492,614.439,638.004,717.822,803.793
Myanmar,,,,,,,,,,,,,,,,,,,116.223,143.154,169.697,154.588,148.549,189.041,227.347,254.757,283.701,370.544,525.195,632.23,774.72,1088.75,1182.147,1210.221,1244.184,1223.742,1163.794,1177.083,1271.677,1302.277,1527.434,1216.811,1285.338,1356.743,1424.993,1497.669,1574.189,1657.655
Namibia,,,,,,,,,,2027.87,2109.532,2034.92,2070.995,1922.824,2100.279,2197.585,2126.349,2143.726,1837.305,1874.47,2139.706,1939.787,1811.249,2607.864,3440.966,3708.785,4007.733,4378.564,4198.55,4340.183,5410.977,5870.933,6038.862,5540.619,5555.93,5020.473,4611.508,5438.761,5666.273,5081.071,4239.89,4842.229,5016.174,5376.17,5583.554,5750.708,5912.985,5980.737
Nauru,,,,,,,,,,,,,,,,,,,,,,,,,3174.961,3167.648,3200.72,2470.84,3965.355,4587.75,4748.078,6529.397,9382.641,9103.519,8865.599,6994.054,7674.477,8152.257,9398.51,9365.095,8866.874,10139.069,10004.731,10096.293,10162.825,10156.669,10088.176,10071.588
Nepal,150.674,172.192,170.029,181.747,187.859,190.716,202.94,205.932,237.472,234.553,235.483,251.038,222.006,232.005,235.992,249.856,251.546,267.454,260.462,262.752,273.639,276.596,276.295,288.424,327.131,363.231,396.623,447.379,537.813,546.64,677.187,803.716,804.141,823.321,844.495,901.75,899.524,1048.454,1178.526,1194.957,1166.297,1163.995,1203.085,1270.31,1346.428,1422.175,1500.021,1582.254
Netherlands,13750.491,11429.727,11013.574,10682.307,9904.974,10008.042,13875.191,16895.4,17956.109,17597.26,21581.579,22057.794,24191.955,23356.332,24935.531,29350.802,29084.068,26808.388,28018.706,28393.845,26327.855,26996.17,29401.972,35814.268,40477.3,42054.884,44936.006,51880.384,58015.396,52807.447,51165.823,54342.114,50175.559,52276.986,53026.478,45302.804,46165.177,48799.874,53224.694,52672.504,52456.094,58292.397,57835.725,61039.196,63951.65,66569.525,69093.476,71479.368
New Zealand,7245.874,7502.04,7369.526,7063.323,6959.7,6942.517,8372.339,11187.924,13641.732,13101.222,13440.096,12425.793,11755.018,12535.612,14607.998,16938.915,18504.05,18205.625,14889.189,15345.051,14022.099,13669.889,15706.814,20461.343,24848.791,27385.166,26221.625,31914.123,31763.546,28268.951,33394.026,38061.146,39681.406,42084.297,44284.128,38207.325,39398.79,42283.47,42776.914,42329.109,41427.862,48424.147,49847.305,52969.171,55009.51,56337.379,58240.361,60055.921
Nicaragua,,,,,,,,,,,,,,,898.199,935.34,947.14,940.143,973.071,999.413,1030.74,1054.66,1011.904,1010.231,1077.784,1152.801,1224.724,1326.658,1498.88,1444.941,1506.073,1629.968,1734.794,1790.431,1916.77,2036.931,2099.585,2156.145,2016.16,1934.143,1942.64,2177.478,2384.002,2510.882,2594.537,2686.217,2771.811,2867.092
Niger,609.433,510.028,458.113,395.659,310.002,295.81,378.695,430.394,426.027,394.734,435.341,394.9,393.718,343.177,211.016,241.954,243.965,224.475,250.234,231.66,197.275,207.769,227.424,267.409,285.388,320.923,335.334,389.256,477.27,462.267,476.062,511.488,528.918,551.554,562.885,484.171,497.882,517.771,572.564,553.905,568.348,595.235,598.851,639.281,709.053,798.89,847.442,886.551
Nigeria,,,,,,,,,,,652.915,615.663,521.905,553.126,760.992,1224.938,1560.382,1655.818,1802.587,481.951,554.64,583.187,730.836,780.399,963.236,1221.651,1563.031,1791.823,2197.776,1927.476,2328.425,2543.504,2756.41,2998.068,3222.691,2718.586,2176.001,1968.563,2153.094,2229.854,2083.162,2088.644,2355.688,2611.015,2883.859,3189.402,3532.036,3913.774
North Macedonia ,,,,,,,,,,,,,1263.863,1383.543,1824.418,2387.158,2348.109,1980.429,1888.755,1931.989,1878.237,1839.616,1974.061,2440.813,2796.622,3071.897,3359.608,4076.296,4838.148,4579.092,4576.228,5097.26,4728.373,5239.649,5498.612,4860.422,5152.966,5462.379,6111.186,6073.003,5867.157,6713.668,6862.719,7514.548,8129.553,8735.545,9351.296,9961.778
Norway,15746.262,15484.681,15196.29,14906.174,14968.787,15728.224,18853.07,22445.038,24143.118,24245.447,28187.181,28514.498,30432.89,27880.632,29236.375,34790.001,37225.29,36561.409,34717.064,36278.339,38047.948,38494.685,42997.959,50046.34,57512.221,66687.757,73970.24,84915.639,96563.223,79746.888,87356.193,100197.171,101129.905,102576.68,96657.575,74115.155,70223.817,75306.667,82082.117,75594.048,67265.894,89089.978,99480.855,100309.893,101489.203,101928.61,102526.505,105356.873
Oman,4674.114,5251.746,5510.962,5363.892,5517.394,6129.204,4548.852,4488.916,4362.946,4605.009,6340.52,5937.75,6292.658,6102.666,6116.027,6355.283,6864.964,6965.197,6037.746,6605.919,8120.715,7961.211,8108.723,8565.258,9635.825,11873.176,13938.207,15436.806,21866.269,16784.913,19027.779,20641.47,21149.647,20435.846,20308.462,16570.735,14834.587,15482.125,17338.964,16529.391,16209.529,18298.718,23416.491,22715.711,21798.475,21342.602,21110.713,21026.897
Pakistan,433.212,497.755,528.448,479.61,506.541,492.995,491.567,500.508,561.692,570.939,556.875,618.941,635.303,655.338,644.091,734.249,748.215,720.256,700.202,647.956,651.864,622.607,615.212,689.826,793.927,869.227,994.373,1084.443,1160.14,1118.452,1158.34,1369.467,1403.632,1422.193,1474.61,1601.52,1563.112,1653.484,1689.804,1488.562,1371.407,1562.258,,,,,,
Palau,,,,,,,,,,,,,,,,,,,,,7862.501,8060.384,8349.541,7834.158,8341.056,9249.298,9599.031,9962.689,10223.924,9775.419,9939.743,10727.524,11988.101,12778.969,13877.878,16286.946,16685.822,15940.456,16237.592,15674.83,14784.407,12187.164,13705.645,16496.722,16877.168,17263.486,17666.082,18107.875
Panama,2071.041,2288.369,2469.136,2477.122,2527.53,2614.785,2658.349,2613.099,2211.665,2171.726,2312.985,2489.709,2770.951,2963.32,3095.157,3099.915,3580.929,3791.269,4027.322,4136.061,4111.712,4094.966,4172.689,4312.62,4638.716,4965.212,5401.562,6127.034,7110.228,7532.399,8039.764,9314.687,10674.487,11841.893,12756.952,13606.597,14344.087,15178.301,15612.598,15877.566,12615.878,14664.31,16037.641,17191.151,18264.353,19321.066,20444.707,21633.695
Papua New Guinea,1380.844,1319.408,1223.39,1194.658,1079.594,975.967,1039.809,1159.833,1565.167,1455.035,1265.882,1444.104,1546.581,1713.713,1834.984,1581.631,1639.773,1527.441,1138.365,1013.232,1007.517,862.099,814.701,995.275,1111.943,1269.526,1411.902,1576.159,1883.527,1833.09,2132.185,2552.043,2865.783,2800.173,2992.711,2742.919,2567.582,2755.488,2861.448,2877.577,2808.923,3004.987,3269.474,3461.259,3596.885,3737.718,3839.019,3993.966
Paraguay,1299.661,1608.463,1636.527,1762.992,1390.886,1154.145,1335.761,1084.695,1392.417,977.835,1185.277,1585.242,1592.055,1580.207,1681.396,1897.134,2008.188,2003.578,1824.648,1706.395,1675.793,1577.681,1312.083,1377.521,1693.886,1857.78,2285.125,2988.684,4054.044,3623.931,4329.69,5301.834,5153.417,5892.846,6065.282,5360.077,5265.061,5608.156,5703.324,5299.667,4885.396,5206.983,5626.082,5912.921,6168.438,6462.993,6749.531,7053.274
Peru,1164.828,1373.068,1332.455,1011.725,1018.785,861.599,1263.729,2040.65,1579.545,1908.456,1301.465,1530.736,1562.58,1487.861,1839.228,2147.428,2193.686,2272.351,2141.114,1903.93,1940.238,1935.546,2017.765,2159.744,2408.091,2669.214,3106.719,3587.798,4225.855,4171.73,5051.219,5727.14,6399.339,6631.027,6564.462,6139.221,6169.392,6728.074,7007.304,6962.997,6127.478,6643.005,7034.448,7475.212,7748.376,8011.838,8296.041,8593.521
Philippines,774.484,829.816,843.471,735.714,678.342,645.597,615.047,666.915,744.307,816.961,828.821,830.407,946.762,949.733,1094.543,1237.311,1316.406,1279.835,988.487,1112.353,1087.287,1003.957,1050.297,1062.619,1137.068,1261.267,1470.825,1764.683,2011.633,1923.674,2237.157,2473.249,2721.252,2903.189,2995.504,3039.234,3107.646,3153.314,3279.519,3512.195,3323.429,3571.798,3686.844,3934.676,4206.386,4493.744,4801.471,5131.03
Poland,1595.047,1497.841,1803.464,2056.958,2042.04,1899.817,1965.541,1691.129,1819.392,1772.091,1629.047,2105.486,2315.647,2351.742,2692.704,3612.264,4066.179,4075.977,4459.097,4348.147,4485.064,4987.859,5205.517,5699.557,6684.675,8023.921,9031.797,11252.863,13999.496,11532.283,12619.616,13879.525,13096.89,13688.355,14272.29,12563.614,12438.523,13868.906,15468.264,15726.878,15718.195,17815.192,18505.719,20013.613,21694.945,23468.281,24937.879,26513.178
Portugal,3338.764,3296.654,3095.096,2838.655,2596.075,2716.645,3774.582,4724.451,5532.62,5977.577,7957.244,9026.301,10863.487,9547.643,9977.615,11787.315,12187.582,11594.755,12216.689,12487.712,11531.467,11734.878,12927.584,15793.852,18055.893,18790.561,19840.474,22813.667,24946.256,23126.175,22539.038,23213.126,20576.825,21653.505,22109.318,19252.015,19986.362,21482.834,23573.299,23333.317,22176.752,24264.394,24495.209,26044.757,27625.454,29088.705,30455.839,31766.267
Puerto Rico,4507.15,4940.784,5146.929,5257.186,5777.438,6058.641,6495.499,6987.398,7579.339,8094.29,8675.576,9093.48,9687.443,10255.532,10942.949,11667.589,12305.024,12968.394,14430.159,15293.182,16192.127,18243.709,18972.77,19820.208,20988.989,21959.317,22935.951,23664.874,24898.335,25768.726,26435.742,27278.853,27944.742,28513.15,28981.343,29755.35,30585.55,31347.273,32789.063,32785.938,32645.395,34173.252,37822.593,39613.462,40113.916,40882.042,41872.168,43036.665
Qatar,27242.483,27819.566,22657.373,18003.756,17496.536,15495.701,11644.458,11773.23,10853.896,11039.938,13150.172,11500.519,13038.976,11797.162,12009.396,13689.653,15143.479,18841.6,15421.783,19689.651,30461.311,28600.029,30701.131,35919.758,42548.115,54357.783,60591.776,65934.266,72484.634,53822.909,69796.138,96827.857,101933.117,99180.39,93054.141,66346.911,57965.377,59127.513,66421.617,63007.696,53797.937,68581.039,84514.142,87247.613,89040.367,92782.589,97328.842,102182.184
Romania,2052.081,2450.352,2441.211,2125.157,1710.302,2101.997,2264.368,2517.949,2593.057,2314.744,1641.855,1241.063,847.68,1147.325,1317.048,1563.117,1565.472,1571.689,1885.349,1600.881,1661.714,1802.675,2113.596,2672.811,3483.726,4604.45,5740.402,8262.407,10385.848,8517.598,8194.719,9075.961,8491.033,9530.441,10021.543,8942.2,9520.439,10776.672,12361.143,12870.799,12908.811,14667.089,14825.21,16181.428,17452.941,18764.257,20114.101,21482.156
Russian Federation,,,,,,,,,,,7084.753,5784.551,482.767,1322.006,1979.411,2264.343,2787.022,2935.03,1949.801,1427.307,1901.956,2255.253,2552.788,3197.573,4403.962,5708.838,7426.005,9761.368,12464.244,9156.97,11431.148,14306.432,15287.967,15928.699,14007.509,9257.935,8723.523,10723.996,11261.716,11555.269,10148.243,12198.213,12574.926,11792.47,11845.83,12033.341,12223.224,12452.737
Rwanda,292.782,320.559,329.641,339.297,317.361,364.611,399.283,428.416,442.811,447.143,417.717,298.957,317.043,325.858,223.451,245.276,268.93,345.662,338.306,284.166,266.055,248.99,242.079,257.475,277.634,334.407,368.508,442.135,545.188,584.677,612.052,674.655,728.668,730.465,748.525,755.951,755.737,784.138,796.811,835.187,815.824,859.052,909.91,971.603,1027.955,1086.832,1144.038,1211.234
Saint Kitts and Nevis,1338.747,1609.725,1847.251,1829.835,2144.801,2406.13,2851.256,3289.063,3926.955,4392.77,4969.878,4912.915,5386.942,5806.085,6407.518,6819.77,7195.174,8010.438,8260.891,8670.829,9279.584,9962.552,10304.318,9922.475,10566.955,11256.635,13095.2,13845.794,15451.231,15215.837,15136.905,16076.845,15710.513,16464.037,17753.633,17654.127,18397.052,19144.1,19269.742,20600.562,17179.482,16467.439,19117.109,20644.694,21694.231,22469.017,23309.151,24180.698
Saint Lucia,1461.568,1645.688,1532.03,1627.3,2046.656,2279.211,2683.653,2921.986,3295.014,3668.487,4321.313,4511.868,4878.46,4922.705,5029.435,5271.835,5363.891,5385.615,5773.042,5998.05,5978.703,5651.874,5655.31,6147.526,6567.457,6910.814,7622.377,7936.976,8441.834,8508.3,8968.072,9424.945,9495.187,9756.132,10172.807,10386.815,10610.407,11262.038,11556.673,11782.752,8934.701,9754.734,11363.749,12347.507,13042.614,13530.86,13984.035,14452.566
Saint Vincent and the Grenadines,903.445,1110.425,1227.421,1309.102,1435.282,1537.223,1686.1,1828.411,2077.695,2211.424,2456.285,2584.104,2815.081,2896.038,2924.036,3188.478,3340.515,3500.225,3755.704,3922.719,3973.449,4284.994,4518.089,4710.272,5082.069,5353.688,5933.621,6572.506,6740.48,6564.113,6613.132,6544.688,6686.015,6988.344,7028.297,7154.784,7390.469,7675.532,8001.555,8228.633,7878.665,7876.979,8595.213,9390.471,9877.345,10356.741,10839.385,11341.927
Samoa,,,,,,,,,,,,,,,,,,,1614.339,1471.194,1513.028,1518.369,1597.359,1878.658,2283.059,2636.338,2778.539,3042.881,3640.073,3264.699,3566.513,3933.418,4022.096,4037.654,3937.707,4073.682,4109.19,4258.965,4265.41,4322.897,4067.815,3947.203,4058.955,4290.543,4531.815,4784.144,5020.203,5258.237
San Marino,,,,,,,,,,,,,,,,,,,,,,,,,59313.405,61150.61,64498.508,72991.531,79110.201,67011.543,60426.235,57512.891,50336.185,51986.532,51234.869,43068.693,44308.666,45887.687,49477.281,48043.86,45640.984,50458.193,49901.121,52063.252,54106.631,56148.516,58149.699,60048.39
Saudi Arabia,17655.087,18832.078,14912.688,11972.195,10558.736,8732.759,6955.067,6524.173,6398.832,6583.297,7734.968,8280.174,8077.748,7685.993,7626.361,7893.412,8527.656,8706.346,7525.302,8092.705,9256.515,8778.41,8822.493,9800.521,11467.103,14068.215,15603.985,16666.601,20157.29,16094.686,19163.342,23654.859,25208.174,24892.984,24929.318,21063.315,20288.897,21113.962,24438.46,23485.075,20088.522,23507.276,28759.275,27700.385,27298.221,27241.342,27393.398,27739.534
Senegal,767.972,677.895,645.372,559.501,529.936,563.251,773.09,902.228,865.668,828.149,936.148,894.485,930.568,852.61,560.956,693.418,706.864,642.569,686.369,689.683,614.004,648.446,680.83,831.623,931.745,993.237,1027.786,1197.551,1403.795,1307.516,1272.622,1366.534,1318.614,1372.686,1397.017,1219.373,1269.553,1361.221,1458.73,1436.224,1465.244,1606.604,1608.642,1767.813,1953.466,2068.981,2187.668,2270.188
Serbia,,,,,,,,,,,,,,,,,,2925.926,2300.7,1507.68,1238.888,1640.945,2156.887,2836.539,3315.331,3695.343,4398.828,5878.873,7087.453,6168.228,5673.621,6809.94,6012.63,6752.796,6598.935,5588.98,5765.204,6292.547,7252.404,7397.471,7699.912,9178.152,9502.708,10648.412,11809.474,12970.562,14154.758,15392.471
Seychelles,2329.353,2403.455,2293.938,2280.452,2338.076,2588.553,3165.945,3638.988,4128.118,4407.201,5302.844,5314.655,6128.346,6559.088,6555.429,6748.825,6583.091,7280.929,7715.784,7747.491,7578.829,7663.083,8431.923,8524.935,10176.659,11093.314,12014.418,12155.702,11480.433,9707.265,10805.099,11647.017,11999.897,14762.223,15189.416,15199.436,15887.009,16659.124,17059.796,17454.845,12362.319,14931.131,17692.999,18075.017,18772.18,19822.323,21181.612,22821.655
Sierra Leone,479.601,501.744,552.581,469.374,539.979,450.535,330.043,281.362,451.564,405.247,219.455,261.748,228.231,259.186,308.752,295.71,318.646,286.074,223.939,218.906,205.251,228.033,251.704,265.323,264.775,285.106,323.259,360.425,409.443,391.213,401.835,448.324,566.37,716.148,713.53,592.903,525.948,495.812,533.972,521.396,508.812,520.503,513.338,502.569,500.097,502.283,510.517,525.368
Singapore,5004.992,5672.105,6000.032,6717.837,7160.262,6788.387,6870.769,7794.688,9328.951,10725.743,12763.342,14501.96,16136.244,18290.132,21552.408,24914.851,26232.869,26375.868,21829.278,21796.642,23852.834,21699.748,22159.833,23730.379,27608.075,29961.308,33768.446,39432.895,40008.577,38926.813,47236.672,53891.462,55547.546,56967.426,57564.802,55645.607,56858.505,61149.62,66857.273,65833.2,60727.616,72794.906,79575.891,85226.112,89654.621,93419.004,97316.153,101255.136
Slovak Republic,,,,,,,,,,,,,,2571.845,2950.857,3711.945,4004.797,4076.496,4236.571,3869.052,3839.803,3982.442,4626.832,6341.563,8040.066,9141.855,10700.36,14374.867,18074.617,16591.518,16784.016,18402.634,17502.513,18274.114,18713.384,16326.569,16521.556,17544.39,19411.803,19318.888,19254.446,21053.42,21665.371,23942.915,25597.106,27288.974,28825,30340.247
Slovenia,,,,,,,,,,,,,9639.353,8357.938,8468.242,10748.462,10810.791,10470.497,11168.219,11509.456,10259.439,10502.321,11804.818,14873.628,17254.827,18152.062,19723.859,23912.494,27744.28,24854.16,23570.184,25156.069,22674.365,23516.591,24263.895,20898.86,21681.281,23511.316,26217.34,26039.096,25548.766,29192.852,30159.144,33056.719,35775.613,38345.805,40802.886,43149.105
Solomon Islands,793.126,812.613,782.732,711.899,691.205,611.271,529.413,540.763,598.343,570.057,689.006,709.335,815.269,885.84,1153.332,1306.619,1381.745,1385.672,1171.2,1215.243,1017.406,965.95,795.547,788.627,867.004,1014.727,1119.606,1260.254,1389.07,1428.612,1604.149,1938.79,2141.921,2248.693,2274.952,2167.212,2225.492,2332.872,2411.889,2344.129,2258.202,2303.005,2333.759,2440.614,2551.429,2664.352,2784.186,2905.931
Somalia,,,,,,,,,,,,,,,,,,,,,,,,,,,,,,,,,341.013,375.582,401.153,414.263,417.987,412.419,418.437,450.659,471.407,486.53,543.833,572.239,605.896,642.592,682.127,722.618
South Africa,,,,,,,,,,,,,,3716.193,3786.21,4145.21,3869.7,3937.658,3508.14,3423.595,3382.066,2964.029,2791.18,4209.22,5415.089,6033.211,6276.173,6776.465,6355.879,6552.265,8130.193,8799.477,8207.059,7458.04,6984.926,6256.667,5750.785,6678.292,6984.474,6598.88,5624.5,6950.433,6979.44,7222.279,7436.26,7615.554,7784.758,7795.459
"South Sudan, Republic of",,,,,,,,,,,,,,,,,,,,,,,,,,,,,,,,1644.739,1041.463,1337.232,1334.089,1245.684,286.208,277.692,359.062,397.572,486.946,364.39,392.704,717.421,722.335,702.079,712.337,731.96
Spain,6128.024,5381.909,5171.535,4501.838,4471.654,4694.759,6477.301,8187.29,9598.667,10566.133,13693.638,14697.501,16013.155,13409.697,13419.62,15475.607,16095.75,14782.949,15457.11,15814.188,14761.108,15400.911,17097.916,21501.074,24932.129,26438.031,28414.133,32588.562,35484.39,32131.382,30566.877,31676.69,28344.776,29084.958,29524.755,25764.215,26535.546,28196.759,30423.167,29576.25,27039.18,30089.517,30156.687,31781.082,33567.413,35020.239,36381.1,37648.257
Sri Lanka,323.039,331.643,353.59,377.293,437.552,428.611,454.825,468.952,485.277,482.238,546.465,591.178,630.111,666.574,761.606,802.204,873.9,971.235,992.717,992.282,1030.756,984.014,1027.092,1124.828,1218.727,1429.454,1642.829,1865.875,2332.255,2391.695,2799.963,3199.502,3347.887,3607.152,3817.133,3841.519,3885.761,4077.043,4058.803,3852.265,3680.674,3742.678,3698.559,3911.891,4112.798,4318.678,4521.351,4722.087
Sudan,486.908,339.389,239.807,318.513,375.019,253.184,328.588,516.781,404.705,696.391,87.197,95.292,113.476,186.506,205.922,239.507,292.909,350.723,366.582,352.442,422.316,492.676,554.652,635.575,772.939,996.677,1249.767,1599.596,1700.513,1401.244,1637.419,2034.461,1396.292,1462.582,1628.497,1679.025,1638.638,1199.177,796.298,776.549,775.297,772.567,673.935,693.084,725.004,768.735,812.781,855.083
Suriname,,,,,,,,,,,1413.616,1535.96,1406.579,1093.085,1213.311,2270.813,2790.049,2945.34,3495.323,2837.245,2904.549,2464.817,3075.376,3571.556,4057.746,4800.797,5577.122,6165.518,7316.459,7917.317,8806.017,8770.289,9844.747,10013.725,10042.68,9036.347,5761.783,6156.461,6772.07,6662.874,4786.833,4680.561,4842.749,4993.752,5129.555,5290.643,5523.663,5773.822
Sweden,16877.243,15396.745,13576.621,12470.948,12976.142,13549.507,17852.72,21629.289,24339.27,25412.176,30253.863,31490.221,32584.883,24351.052,25978.285,30246.923,32986.123,30307.156,30585.081,30928.571,29589.141,27207.49,29846.186,37249.257,42736.876,43349.851,46425.841,53496.534,55929.862,46734.909,52658.794,60540.218,57816.023,60845.007,59704.814,51274.278,51590.473,53459.072,54295.731,51694.498,52169.936,60028.543,57977.697,61944.319,64570.746,67845.592,71208.115,74613.882
Switzerland,19463.945,17725.794,18022.269,17864.541,17049.723,17230.781,24576.927,30563.656,32818.824,31478.186,39888.213,39868.407,40911.467,39386.136,43241.988,50327.726,48252.119,41694.218,42808.966,41859.215,39072.111,39944.58,42803.956,49679.157,55007.078,56659.845,59502.744,65770.878,75073.192,72458.228,77431.416,91696.111,87033.306,88715.77,90251.914,85234.687,83511.741,83694.803,86754.453,85719.316,87351.026,93719.959,96390.049,100925.49,105931.537,109278.979,113900.621,117357.178
Syria,1421.836,1763.344,1784.577,1849.427,1839.915,1965.139,2284.039,2823.157,1389.823,800.859,967.145,972.175,983.575,995.061,1060.707,1133.162,1186.162,1080.812,1028.169,1043.174,1202.891,1236.897,1305.087,1208.885,1361.499,1510.392,1726.028,2016.052,2557.211,2557.267,2806.685,,,,,,,,,,,,,,,,,
São Tomé and Príncipe,775.709,931.011,876.128,800.45,812.985,837.601,1142.825,1111.67,922.926,892.384,1050.252,920.765,788.501,1033.02,1058.931,820.593,1050.097,700.969,541.273,568.499,550.516,505.213,552.891,647.954,692.685,809.407,839.546,885.101,1125.875,1098.369,1128.309,1302.775,1380.112,1619.708,1826.92,1623.805,1737.727,1842.326,1988.722,2021.926,2189.676,2330.677,2315.158,2453.8,2595.357,2746.754,2819.198,3007.172
Taiwan Province of China,2366.797,2691.494,2675.311,2881.66,3202.615,3293.869,4008.134,5325.173,6338.1,7575.906,8167.2,9081.901,10715.536,11256.711,12099.746,13066.128,13588.306,13948.722,12767.078,13752.716,14844.238,13357.195,13651.355,14040.597,15290.307,16427.459,16892.883,17723.704,18053.591,16904.543,19181.358,20838.589,21256.361,21945.46,22844.316,22752.991,23070.733,25061.624,25825.566,25903.168,28404.717,33775.172,36051.061,38272.32,40282.99,42488.373,44730.831,46966.498
Tajikistan,,,,,,,,,,,,,52.622,121.645,147.923,100.448,183.374,192.58,222.282,177.712,159.417,167.035,187.958,236.394,308.844,337.129,401.586,519.025,702.445,666.024,738.287,834.52,949.648,1040.15,1105.197,919.073,800.645,844.595,852.341,893.318,858.445,877.575,795.038,768.871,789.296,812.922,838.159,864.687
Tanzania,602.924,699.181,778.244,772.741,682.028,596.872,732.197,350.129,324.721,271.496,211.031,237.573,213.148,190.679,195.663,221.366,266.49,307.987,370.188,370.918,380.08,377.469,382.354,401.069,428.927,459.757,491.056,551.781,683.137,693.025,732.315,768.16,867.857,970.348,1030.74,947.897,966.29,1002.869,1036.93,1079.684,1110.372,1176.648,1260.065,1360.085,1441.952,1523.305,1613.808,1706.337
Thailand,705.484,744.913,767.41,824.445,845.08,772.393,840.315,967.712,1160.538,1338.257,1564.175,1769.043,1999.204,2209.362,2491.433,2846.59,3043.982,2468.182,1845.829,2031.165,2003.605,1890.25,2094.257,2356.968,2657.909,2890.482,3366.815,3973.994,4373.451,4208.355,5073.705,5493.743,5862.993,6168.708,5952.377,5837.807,5995.205,6596.224,7295.952,7813.605,7167.523,7336.086,7448.988,7927.462,8537.208,8992.717,9480.006,9838.873
Timor-Leste,,,,,,,,,,,,,,,,,,,,,409.083,525.316,509.329,523.892,462.987,476.808,458.887,537.236,627.16,683.311,806.414,936.449,1024.172,1210.036,1232.45,1332.792,1353.755,1299.495,1249.138,1583.714,1442.731,1757.704,1402.056,1458.788,1503.09,1572.238,1645.093,1732.015
Togo,732.897,588.837,478.885,439.532,388.995,393.789,533.68,607.02,655.62,625.669,734.496,709.219,728.16,543.292,411.811,530.121,563.017,555.862,509.651,495.79,409.01,395.011,442.767,535.374,557.462,548.802,550.519,606.782,736.985,728.528,721.037,791.925,771.891,838.357,864.996,770.358,802.935,830.452,901.932,893.161,915.625,991.51,999.907,1069.9,1144.074,1219.284,1296.34,1367.453
Tonga,770.303,850.554,843.209,818.461,854.275,802.926,959.286,1037.126,1213.22,1461.359,1498.504,1750.858,1832.835,1884.492,1948.137,2123.283,2228.293,2263.661,2153.245,1994.282,2045.81,1818.184,1828.634,2015.247,2288.897,2587.295,2876.124,2925.938,3367.714,3046.764,3569.101,4014.77,4557.282,4386.109,4303.818,4298.224,4178.289,4577.004,4788.102,5100.637,4933.609,5002.499,5283.039,5750.408,6160.8,6456.327,6728.209,7003.763
Trinidad and Tobago,5847.707,6454.418,7393.152,6939.437,6831.216,6411.214,4121.173,4085.591,3798.754,3625.717,4221.813,4392.869,4474.142,3743.583,4027.423,4322.255,4658.874,4632.813,4872.619,5478.856,6545.953,7046.379,7162.514,8931.032,10442.168,12471.953,14280.042,16818.278,21479.282,14809.02,16957.433,19300.833,19171.211,20162.733,20290.52,18383.539,16247.176,16747.907,17139.186,17123.116,15285.94,15201.114,17920.962,17611.478,17688.755,17897.777,18126.484,18452.734
Tunisia,1482.823,1390.414,1309.899,1322.84,1286.6,1271.845,1312.226,1382.408,1411.506,1386.015,1716.723,1769.744,2070.007,1903.681,1997,2261.968,2411.883,2318.983,2407.491,2505.878,2322.277,2365.245,2460.779,2897.197,3265.224,3350.785,3536.507,3963.791,4519.745,4333.153,4343.057,4471.694,4345.815,4419.705,4511.282,4060.695,3890.127,3656.508,3661.194,3545.073,3570.64,3867.296,3763.007,,,,,
Turkey,2133.685,2113.068,1876.637,1753.332,1668.464,1835.181,1983.05,2260.66,2333.225,2707.896,3738.161,3691.37,3818.769,4261.644,3026.717,3880.859,4099.228,4221.923,4384.471,4020.272,4237.961,3082.899,3617.23,4684.698,6015.665,7350.887,7961.078,9640.571,10778.131,8941.404,10533.45,11221.402,11637.915,12488.968,12079.287,10973.586,10891.19,10628.898,9507.996,9145.769,8610.029,9527.683,8080.783,8241.222,9292.497,10306.502,11366.55,12557.112
Turkmenistan,,,,,,,,,,,,,404.158,2257.197,1863.238,2356.558,936.729,1038.945,1094.019,1456.531,1874.556,2559.362,3177.653,4129.701,5078.352,6077.575,7486.018,8978.757,7351.644,6821.548,6838.338,8517.452,9464.678,9559.959,10157.395,7916.927,7390.1,8120.517,8438.284,8917.983,8775.33,10310.535,12273.663,13419.794,14333.987,15416.307,16602.772,17928.576
Tuvalu,,,,,,,,,,,,,,,,,,,,,,,1741.529,2075.674,2385.564,2348.707,2464.219,2865.977,3186.846,2759.034,3133.042,3777.342,3609.113,3615.373,3583.652,3396.69,3798.272,4255.25,4507.665,5052.111,5105.926,5833.978,6046.532,6500.536,6996.164,7493.205,7975.262,8482.998
Uganda,664.574,1044.13,703.042,779.82,581.032,514.181,494.509,768.935,767.651,599.952,472.193,238.48,216.036,247.107,346.255,401.893,401.413,423.918,402.455,370.515,355.466,347.812,361.953,361.772,430.758,483.032,527.739,634.361,784.496,815.808,808.713,872.039,950.56,964.833,960.698,778.739,809.599,833.442,880.994,955.68,908.354,1000.462,1060.427,1112.188,1170.868,1246.16,1331.741,1387.818
Ukraine,,,,,,,,,,,,,427.863,677.261,740.97,752.339,914.348,1037.893,874.265,664.99,664.376,784.864,885.315,1055.946,1374.753,1839.515,2319.286,3101.388,3944.724,2557.279,2982.814,3589.632,3872.534,3968.854,3053.608,2124.33,2200.002,2655.661,3118.268,3690.071,3750.901,4827.952,,,,,,
United Arab Emirates,40014.582,40910.917,35767.654,31690.067,29017.094,27035.998,20533.019,21644.071,18435.195,20478.526,26621.511,25847.406,25960.965,25654.369,25762.53,26394.423,29058.859,29534.543,25897.653,27321.043,34688.979,32621.292,32790.711,35017.312,39304.507,43984.093,44313.551,41472.246,39074.713,30920.425,35065.935,41775.701,43932.903,45040.067,45817.068,40064.448,39144.669,41443.891,45075.57,43900.15,38661.176,42883.686,50348.816,49842.046,50254.209,51196.681,52606.055,54393.064
United Kingdom,10715.447,10420.405,9918.949,9448.727,8938.749,9488.14,11549.723,14314.956,17398.174,17667.939,20884.233,21767.13,22438.034,20055.812,21499.589,23208.739,24464.779,26749.945,28277.881,28733.206,28279.663,27816.748,30099.602,34524.996,40415.48,42171.202,44731.564,50675.532,48038.966,39101.208,39731.624,42281.87,42691.188,43757.447,47816.045,45418.935,41630.457,40903.517,43718.965,43121.056,41127.443,47202.581,49761.126,54109.614,57222.655,60165.972,63057.097,65808.691
United States,12552.943,13948.701,14404.994,15513.679,17086.441,18199.32,19034.766,20000.968,21375.999,22814.077,23847.977,24302.776,25392.931,26364.192,27674.021,28671.48,29946.973,31440.087,32833.666,34496.241,36312.782,37101.453,37945.761,39405.354,41641.617,44034.256,46216.853,47943.353,48470.553,47102.428,48586.288,50008.108,51736.738,53245.516,55083.507,56729.681,57839.992,59885.714,62769.664,65051.88,63078.471,69231.4,76027.043,79709.604,82434.441,85110.466,87818.196,90627.571
Uruguay,4139.894,4588.983,3727.408,2032.97,1920.896,1865.107,2302.543,2864.701,2946.361,3088.005,3573.099,4281.106,4890.509,5663.12,6534.597,7171.511,7577.012,7925.923,8329.081,7814.547,7405.972,6776.82,4425.116,3926.713,4456.8,5637.982,6347.279,7587.881,9808.916,10181.702,12883.878,15267.777,16253.468,18167.344,18003.214,16692.648,16446.227,18388.305,18401.411,17402.438,15169.153,16756.344,18082.832,18782.327,19382.936,20006.81,20559.925,21121.276
Uzbekistan,,,,,,,,,,,,,209.573,315.613,366.873,561.752,754.528,772.325,773.322,868.991,702.209,587.633,481.995,499.329,585.221,689.391,811.157,1048.715,1324.54,1523.417,1777.487,2067.524,2284.525,2440.258,2651.384,2761.29,2712.808,1899.657,1611.233,1801.429,1766.473,2002.438,2071.365,2273.938,2552.197,2811.956,3075.869,3358.821
Vanuatu,1053.849,956.137,930.89,931.689,1111.403,976.747,918.675,989.126,1092.048,1054.904,1141.043,1333.385,1357.696,1277.011,1422.849,1479.565,1511.705,1537.62,1441.112,1435.664,1422.228,1317.091,1313.463,1542.059,1743.287,1824.505,1985.275,2308.554,2540.715,2519.625,2719.254,3007.564,2934.853,2940.193,2947.953,2771.657,2844.132,3158.901,3256.353,3187.38,3294.723,3045.425,3144.839,3207.773,3305.032,3414.65,3498.753,3580.761
Venezuela,4671.078,5085.58,5041.589,4883.234,3447.45,3472.186,3488.564,2619.24,3292.792,2378.158,2492.939,2685.293,2968.496,2876.077,2741.979,3559.77,3174.631,3778.537,3970.433,4133.37,4820.646,4963.916,3778.255,3266.095,4311.999,5421.656,6646.803,8538.102,11079.069,9557.55,11158.18,12180.028,11993.39,8695.044,6747.666,10568.1,9092.02,4725.05,3404.428,2299.308,1690.659,1685.657,1823.602,1877.248,,,,
Vietnam,652.593,318.521,414.347,612.565,1044.409,318.956,705.99,856.91,464.581,123.364,121.715,141.111,178.973,234.983,285.953,358.661,419.063,449.338,448.119,465.248,498.579,513.197,546.555,610.357,756.981,873.136,996.255,1152.267,1446.562,1481.442,1628.013,1949.826,2197.619,2369.973,2566.854,2581.907,2720.168,2957.899,3201.686,3398.214,3520.738,3724.543,4121.504,4621.64,5107.333,5612.022,6140.344,6682.418
West Bank and Gaza,,,,,,,,,,,,,,,1227.237,1322.057,1296.081,1350.947,1416.578,1441.889,1412.75,1275.685,1102.5,1197.161,1350.906,1461.093,1480.704,1563.701,1913.316,2061.558,2406.261,2711.917,2888.598,3122.985,3158.599,3084.132,3325.846,3407.307,3353.225,3442.754,3044.744,3400.475,3681.841,3816.433,3903.31,3974.11,4041.333,4119.272
Yemen,,,,,,,,,,,1046.183,1158.26,1347.736,1550.719,1907.036,835.235,408.835,416.742,374.177,439.595,541.509,535.776,565.216,605.153,692.79,812.886,900.882,995.353,1203.721,1093.813,1309.232,1349.42,1421.171,1580.182,1647.034,1576.912,1135.353,950.153,747.223,739.947,622.897,712.305,890.998,916.781,949.319,989.124,1037.204,1095.326
Zambia,718.795,718.743,672.013,562.441,448.532,412.851,276.151,332.268,543.316,561.832,509.752,446.778,424.949,405.587,405.544,410.542,378.71,440.701,352.627,330.283,340.164,356.323,376.468,429.01,530.54,691.554,1030.685,1103.688,1365.933,1135.008,1456.052,1635.168,1724.628,1839.334,1726.647,1310.458,1254.12,1500.962,1480.42,1272.238,959.148,1066.671,1330.374,1342.311,1404.811,1461.108,1508.871,1566.14
Zimbabwe,,,,,,,,,,,1036.534,936.263,748.65,702.439,714.032,717.092,849.876,881.223,1029.202,1003.834,969.824,964.08,922.878,822.472,806.898,764.632,677.881,646.558,553.376,790.352,975.851,1131.675,1310.442,1421.696,1415.278,1425.466,1444.716,1481.241,2523.134,1542.693,1523.835,2102.18,2300.56,2143.877,2190.786,2167.476,2107.953,2074.797
Africa (Region),,,,,,,,,,,1087.313,975.732,946.93,918.4,879.148,1022.038,1113.496,1127.496,1113.355,900.011,899.635,850.013,848.763,994.652,1159.495,1330.368,1495.267,1699.695,1916.879,1774.472,2028.765,2201.711,2282.389,2299.538,2316.211,2058.579,1909.731,1876.313,1961.64,1960.526,1849.348,2032.149,2182.054,2279.445,2401.074,2533.733,2674.676,2816.336
Asia and Pacific,965.824,1013.317,967.163,1009.487,1051.975,1052.77,1314.59,1532.527,1796.658,1834.335,1879.037,2037.121,2151.094,2385.729,2543.581,2847.71,2738.465,2597.203,2287.69,2509.267,2653.733,2445.662,2468.98,2723.157,3038.344,3249.36,3441.165,3892.509,4354.294,4431.126,5123.523,5832.547,6131.471,6163.686,6324.964,6213.915,6395.041,6790.651,7222.04,7341.378,7304.963,8228.052,8894.571,9609.274,10248.559,10898.306,11560.903,12249.087
Australia and New Zealand,10348.102,11656.251,11396.504,10813.592,11612.893,10279.268,10754.219,12687.334,15802.822,17346.832,17961.906,17612.531,17042.15,16622.672,18872.267,20238.057,22365.921,22205.09,19444.407,20667.317,19727.4,18503.505,20680.037,26130.128,31487.357,34721.409,35952.904,42939.246,46285.152,42860.906,52740.56,62493.947,63801.032,61493.626,58830.351,49283.422,49808.733,53588.272,54090.094,52308.224,50960.091,61022.77,64539.075,66935.114,69333.588,71358.581,73689.414,76132.305
Caribbean,1532.548,1643.669,1796.296,1765.159,1746.37,1757.764,1646.645,1524.359,1519.518,1602.351,1720.949,1688.661,1645.727,1672.42,1870.885,2239.634,2384.784,2540.191,2692.487,2829.38,2934.249,2922.927,2996.403,3061.718,3354.719,3752.144,4044.081,4520.923,5042.382,4380.916,4639.114,4968.835,5089.952,5177.948,5198.497,5052.915,4739.641,4901.33,5085.192,5028.543,4361.074,4949.372,5573.905,5849.376,5974.595,6131.974,6297.646,6471.701
Central America,1282.578,1250.977,1226.478,1251.23,1438.676,1205.307,1086.235,1128.263,1107.77,1206.204,1118.35,1279.435,1430.993,1547.189,1583.171,1724.277,1805.45,1929.173,2047.56,2034.55,2121.671,2195.145,2272.449,2186.33,2296.947,2706.237,2918.026,3268.356,3622.263,3563.813,3904.817,4308.305,4575.937,4781.63,5026.094,5305.554,5520.376,5761.787,5900.967,6032.063,5493.169,6156.633,6607.383,6918.486,7277.966,7641.747,8023.338,8425.531
Central Asia and the Caucasus,2133.685,2113.068,1876.637,1753.332,1668.464,1835.181,1983.05,2260.66,2333.225,2707.896,3738.161,,1911.941,2238.904,1670.342,2182.672,2340.272,2430.693,2524.398,2336.649,2452.981,,1988.413,2521.082,3221.958,3958.457,4481.02,5509.872,6272.52,5338.628,6290.767,6989.747,7316.286,7841.508,7609.399,6708.144,6293.224,6241.982,5790.612,5694.419,5339.4,6949.581,6445.174,6772.498,7421.275,8068.39,8736.185,9480.359
East Asia,1345.555,1427.812,1337.44,1438.817,1507.113,1556.794,2105.059,2508.344,3020.931,3067.105,3081.572,3456.514,3773.513,4274.071,4590.83,5148.96,4803.995,4519.661,4104.019,4576.907,4925.666,4537.436,4526.851,4907.489,5407.63,5683.567,5903.895,6489.531,7397.996,7726.821,8779.033,10077.523,10736.948,10775.243,11174.207,11209.243,11595.274,12256.851,13344.538,13624.002,13895.969,15620.072,17158.614,18726.475,20073.882,21460.337,22879.099,24368.82
Eastern Europe ,1996.603,2103.665,2258.093,2265.028,2160.768,2138.522,2207.307,2239.811,2614.093,,,,977.024,1454.895,1904.347,2356.832,2700.061,2783.179,2433.799,2103.141,2295.9,2614.385,2972.142,3642.394,4659.608,5730.814,6972.86,9036.001,11322.416,8865.814,10046.864,11894.07,12077.207,12669.112,11923.105,8989.412,8841.653,10329.961,11281.993,11614.043,10917.735,12854.588,14525.855,14798.982,15512.579,16305.826,17041.158,17815.854
Europe,8994.865,8056.5,7778.555,7560.288,7250.818,7484.42,10061.454,12330.944,13756.894,,,,13268.86,12181.235,13077.396,14819.297,15167.602,14248.212,14494.107,14358.659,13491.652,13725.743,15003.98,18206.031,21127.343,22345.116,24122.581,28069.97,30776.684,26984.15,27383.412,30091.942,28763.901,29937.728,30359.449,26025.448,25988.407,27585.722,29737.19,29323.829,28281.422,32064.174,34231.195,36169.144,37991.814,39715.748,41396.999,43029.342
Middle East (Region),5510.843,5773.875,5406.575,5298.531,5064.406,4905.436,4794.089,5615.825,5757.817,6374.928,7827.88,5384.726,3359.235,3457.92,3667.673,4026.279,4528.966,4772.313,4622.465,5273.214,6406.09,5960.553,4614.574,4453.55,5196.852,6181.801,7092.735,8200.329,9982.132,8645.944,9999.029,12967.735,12533.624,12774.536,12791.181,10877.533,10748.39,11354.49,12395.034,12776.931,12486.033,15806.794,19023.122,18990.173,19190.412,19542.129,19984.767,20516.741
North Africa,1548.108,1443.547,1455.732,1484.135,1496.108,1612.772,1624.691,1831.649,1882.168,2070.635,2060.624,1525.755,1519.983,1486.009,1452.712,1569.805,1709.741,1725.984,1746.615,1816.808,1882.457,1812.834,1644.809,1797.553,1996.46,2280.535,2562.38,2973.994,3526.144,3271.245,3666.555,3779.641,4191.556,4063.048,3975.413,3665.134,3578.02,3102.954,3251.875,3436.786,3458.452,3847.783,4172.459,4248.259,4429.979,4665.979,4912.084,5165.794
North America,10457.985,11686.633,11731.442,12418.412,13601.14,14385.174,14755.961,15564.767,16773.882,17980.238,18830.47,19291.838,20088.555,20918.945,21835.939,22106.304,23123.812,24384.272,25313.179,26696.554,28313.075,28914.37,29516.171,30665.7,32548.608,34659.111,36611.408,38198.393,38767.908,36889.969,38646.642,40133.999,41297.208,42387.388,43507.773,43698.887,44099.57,45778.98,47872.45,49386.299,47441.722,52516.609,57407.609,60119.127,62143.803,64131.304,66152.879,68246.155
Pacific Islands ,1419.647,1376.43,1284.999,1234.135,1163.535,1062.668,1135.808,1200.087,1486.961,1420.551,1322.037,1471.028,1580.121,1723.929,1868.523,1713.098,1788.644,1693.254,1308.568,1253.948,1192.989,1066.372,1046.757,1264.603,1430.638,1606.335,1737.071,1921.938,2197.994,2054.988,2339.625,2774.344,3048.886,3020.042,3195.231,2965.437,2849.519,3052.666,3160.377,3153.694,3000.671,3154.497,3413.52,3625.629,3789.934,3949.9,4071.899,4238.024
South America,2459.251,2414.859,2000.819,1835.912,1761.792,1905.876,2109.364,2195.419,2400.208,2580.8,2794.906,2817.396,2961.491,3143.644,3679.53,4528.092,4751.579,4975.139,4838.659,3847.511,4003.904,3627.888,2818.39,2997.439,3578.22,4514.338,5424.905,6668.632,8009.268,7632.234,9672.826,11287.323,11145.147,11027.253,10604.128,9073.137,8666.856,9342.18,8685.2,8184.165,6625.986,7521.976,8341.517,8834.961,9269.231,9631.224,10011.703,10386.957
South Asia,285.689,294.159,297.793,307.113,300.831,317.738,327.906,354.94,371.868,370.041,388.451,344.376,357.487,347.394,384.721,419.408,444.33,456.398,453.825,471.99,474.426,476.696,492.017,563.307,642.89,724.037,809.102,1006.74,1008.984,1090.198,1312.03,1406.442,1403.09,1422.393,1539.478,1591.331,1698.673,1918.173,1949.874,1992.506,1880.573,2111.148,2259.434,2437.359,2619.171,2812.968,3010.359,3211.765
Southeast Asia,777.13,767.428,799.2,803.287,893.463,746.603,757.633,801.95,819.039,852.681,947.247,1044.593,1167.086,1286.275,1445.002,1652.937,1803.764,1683.17,1026.01,1187.582,1250.818,1190.156,1309.912,1455.178,1624.029,1787.226,2113.154,2490.936,2862.992,2795.011,3415.372,3922.203,4113.805,4201.591,4186.457,4018.465,4165.683,4445.541,4716.388,4939.723,4659.177,5035.711,5416.479,5826.89,6217.553,6607.168,7014.828,7425.169
Sub-Saharan Africa (Region) ,,,,,,,,,,,863.811,850.412,817.979,791.146,751.514,900.539,982.268,996.839,976.166,702.975,691.015,647.561,682.995,829.517,989.096,1138.709,1281.966,1447.569,1600.696,1482.462,1711.581,1899.16,1918.577,1965.525,2003.754,1757.689,1599.398,1647.116,1722.616,1689.535,1557.522,1705.799,1827.694,1932.265,2046.771,2164.827,2291.312,2417.807
Western Europe,10531.543,9367.286,8999.304,8739.033,8388.877,8683.55,11827.267,14603.778,16262.749,16477.646,20315.197,21482.116,23257.938,21046.9,22261.386,25456.425,25873.703,24266.89,24977.32,24942.572,23094.688,23173.454,25122.729,30335.621,34715.821,35913.365,38008.978,43357.751,46267.107,41327.163,41023.836,44326.713,41762.961,43343.374,44612.579,39130.657,39109.532,40725.942,43713.644,42665.66,41282.161,46364.327,46943.695,49901.065,52377.767,54637.043,56859.125,58973.199
Western Hemisphere (Region),6723.099,7348.051,7187.443,7467.579,8051.409,8497.888,8746.909,9184.399,9879.343,10569.04,11049.251,11288.21,11752.408,12248.061,12867.785,13353.873,13930.948,14659.88,15065.427,15335.285,16201.53,16328.192,16277.116,16909.852,18095.027,19564.694,20934.274,22277.046,23149.234,22020.072,23767.753,25204.701,25725.881,26215.122,26590.975,26028.546,26046.704,27170.489,27939.669,28451.005,26760.33,29677.479,32464.535,34015.952,35198.452,36324.433,37472.61,38594.445
ASEAN-5,746.161,732.669,761.511,757.469,843.358,683.404,720.252,761.285,769.155,791.254,869.41,952.585,1063.576,1170.019,1306.333,1489.865,1631.755,1501.781,951.324,1133.975,1182.511,1131.453,1265.556,1416.73,1568.009,1722.757,2047.329,2405.636,2787.209,2709.422,3316.418,3782.601,3964.764,4042.275,4011.969,3843.727,4001.712,4276.741,4516.582,4773.034,4495.626,4853.787,5214.796,5647.226,6058.092,6462.376,6883.689,7305.531
Advanced economies,10308.883,10390.238,10248.355,10599.534,11025.229,11541.181,14018.532,16208.645,18195.757,18849.116,20979.107,22208.547,23579.252,23399.525,24944.414,27031.915,27049.782,26356.929,26294.312,27528.29,27823.59,27360.345,28362.156,31622.042,34869.746,36457.483,38098.352,41341.426,43361.193,40676.735,42265.341,45140.18,44773.519,44976.64,45795.91,43114.998,44046.051,45745.033,48227.135,48502.033,47140.132,52066.503,54851.15,58022.216,60516.786,62953.5,65351.894,67708.102
Emerging and Developing Asia,360.356,350.483,350.974,364.296,375.705,358.171,359.979,386.375,423.495,443.047,437.928,433.804,483.567,538.604,553.506,652.13,727.794,745.02,670.052,726.253,770.228,802.727,869.009,979.517,1123.874,1284.458,1507.072,1890.818,2251.81,2422.832,2892.409,3420.798,3733.654,4047.45,4330.425,4464.866,4547.98,4958.583,5424.801,5610.045,5643.64,6484.656,7255.324,7905.804,8500.56,9095.951,9715.457,10372.437
Emerging and Developing Europe,2046.064,2107.093,2117.57,2074.814,1975.881,2023.457,2121.416,2247.872,2504.384,,,,1382.969,1856.944,2038.478,2449.984,2765.218,2869.812,2561.694,2215.113,2439.209,2500.08,2845.316,3516.846,4541.85,5640.718,6729.538,8616.882,10583.166,8278.405,9619.222,11224.359,11544.554,12180.914,11443.052,8865.229,8689.797,9788.049,10193.855,10379.577,9692.47,11314.051,12039.882,12133.072,12819.375,13566.057,14289.585,15082.011
Emerging market and developing economies,887.373,908.006,841.881,811.299,795.935,789.708,792.905,857.097,924.932,991.12,1281.628,1158.242,951.71,1059.83,1125.44,1273.152,1399.065,1461.698,1374.813,1311.653,1416.327,1402.408,1371.333,1521.487,1784.291,2105.423,2457.872,2989.431,3535.591,3334.888,3955.718,4615.77,4801.21,5030.601,5120.135,4782.646,4717.614,5078.156,5373.672,5456.595,5242.655,6076.381,6715.555,7136.162,7559.304,7986.364,8429.508,8897.302
Euro area,,,,,,,,,,,,19642.824,21569.459,19510.81,20543.512,24187.617,24493.844,21937.401,22295.684,22285.258,20254.244,20484.02,22247.664,27247.525,31066.708,32033.616,33871.332,38845.976,42472.218,38624.761,37727.081,40753.233,37717.977,39267.481,40005.404,34485.857,35225.543,37215.109,40162.419,39274.023,37997.506,42342.064,42233.844,44821.994,47085.321,49098.872,51021.25,52830.247
European Union,8542.905,7508.425,7254.728,7074.367,6797.329,6981.273,9567.226,11701.438,12876.514,13059.791,15991.908,16970.205,18243.913,16340.672,17293.806,19545.136,19842.407,18198.872,18740.519,18620.097,17054.567,17300.011,18856.626,23107.079,26474.094,27532.649,29288.253,33823.329,37305.926,33700.937,33250.859,35907.901,33322.637,34772.229,35526.306,30690.489,31390.89,33305.034,36011.65,35291.21,34317.292,38391.816,38559.875,41017.671,43182.162,45209.939,47144.557,48999.889
Latin America and the Caribbean,2524.537,2664.859,2135.413,1900.319,1935.307,2039.369,1983.059,2070.576,2293.611,2526.233,2764.678,2913.554,3136.359,3474.495,3872.607,4095.149,4356.324,4696.912,4655.556,4111.786,4426.786,4250.684,3714.278,3729.387,4226.381,5072.421,5879.703,6888.901,7924.446,7241.576,8919.12,10244.958,10181.967,10218.652,9995.131,8717.407,8278.234,8871.462,8527.591,8255.083,6827.674,7819.903,8457.797,8896.654,9307.226,9668.804,10048.405,10429.187
Major advanced economies (G7),11275.794,11550.012,11432.736,12001.219,12568.582,13250.798,15953.525,18239.097,20388.111,21015.93,23040.746,24470.181,26072.394,26395.678,28029.058,30369.729,30130.41,29546.758,29763.056,31193.354,31739.898,31178.506,31954.957,35076.343,38306.161,39750.47,41227.401,44029.132,45888.994,43477.099,44926.871,47535.485,47548.497,47354.731,48259.524,46091.138,47144.81,48562.179,51077.864,51816.039,50236.58,54939.129,58338.474,61743.226,64276.763,66804.111,69261.608,71666.717
Middle East and Central Asia,2153.678,2205.735,2112.081,2082.126,2047.107,2045.138,2013.05,2324.575,2374.115,2649.587,3149.803,2212.611,1357.434,1418.951,1467.863,1631.461,1814.901,1888.603,1855.215,2041.224,2357.547,2232.533,1789.233,1940.939,2283.132,2734.821,3201.025,3753.578,4498.322,3969.661,4558.114,5493.25,5410.122,5468.904,5458.331,4760.797,4555.33,4591.213,4903.042,4993.315,4837.031,6127.341,7189.32,7254.275,7386.238,7578.292,7806.651,8069.742
Other advanced economies,6879.456,6922.473,6782.542,6688.6,6939.586,6854.526,8282.987,10094.604,11771.582,12671.232,14434.25,15144.162,15979.234,15607.313,17337.23,18755.836,19799.617,19017.926,17025.081,18106.033,18533.402,17795.522,19233.954,22036.356,25033.441,27442.7,29485.797,33440.47,34967.257,31866.544,36430.613,41277.373,41264.123,42357.395,42807.043,39087.718,39562.861,42250.986,44173.899,43069.197,42526.403,48905.393,50868.25,53554.814,56003.234,58331.741,60770.857,63260.86
Sub-Saharan Africa,,,,,,,,,,,906.496,891.425,855.704,823.993,780.788,934.664,1018.273,1030.707,1008.082,720.126,704.235,654.891,689.187,839.431,1000.573,1146.466,1283.191,1439.994,1595.396,1486.314,1715.152,1893.242,1939.643,1985.511,2019.578,1760.42,1596.19,1664.256,1759.809,1725.536,1587.275,1741.827,1873.572,1981.845,2099.289,2220.479,2350.649,2480.076
World,2864.122,2877.024,2772.884,2797.84,2847.722,2920.555,3378.342,3822.601,4224.717,4367.246,4764.863,4852.513,4803.3,4856.229,5132.826,5627.846,5696.333,5594.579,5449.9,5568.123,5672.277,5559.954,5654.736,6246.73,6945.233,7431.706,7951.142,8867.535,9602.634,8988.907,9717.606,10688.159,10734.925,10916.797,11070.389,10354.724,10392.702,10903.443,11471.331,11539.913,11130.855,12517.296,13446.741,14204.499,14867.45,15523.137,16183.734,16854.315
