"GDP per capita, current prices (Purchasing power parity; international dollars per capita)",1980,1981,1982,1983,1984,1985,1986,1987,1988,1989,1990,1991,1992,1993,1994,1995,1996,1997,1998,1999,2000,2001,2002,2003,2004,2005,2006,2007,2008,2009,2010,2011,2012,2013,2014,2015,2016,2017,2018,2019,2020,2021,2022,2023,2024,2025,2026,2027
Afghanistan,,,,,,,,,,,,,,,,,,,,,,,1050.992,1118.868,1113.148,1240.378,1306.705,1464.722,1512.004,1788.396,1908.187,2010.827,2317.687,2385.706,2516.011,2534.919,2400.615,2515.553,2449.569,2542.644,2456.289,,,,,,,
Albania,2155.361,2444.301,2614.754,2689.389,2783.011,2770.393,2927.299,2916.869,2921.8,3245.525,2976.254,2228.772,2128.303,2402.518,2701.027,3021.701,3377.971,3080.04,3411.117,3929.907,4325.59,4835.022,5148.558,5561.206,6050.646,6619.055,7271.782,7975.188,8805.047,9220.646,9725.55,10207.743,10526.271,10570.982,11259.261,11661.999,12077.602,13039.696,13894.731,14447.702,14127.997,15999.485,17383.163,18457.601,19615.088,20764.741,21967.463,23249.234
Algeria,4807.98,5257.375,5754.706,6102.674,6469.218,6722.106,6663.644,6606.802,6514.928,6923.03,7146.405,7122.672,7224.62,7072.624,7001.951,7274.612,7553.111,7639.758,7992.63,8236.77,8588.409,8914.443,9420.376,10145.84,10704.69,11517.753,11893.6,12437.935,12700.673,12741.339,13097.102,13480.048,13263.91,13003.307,12940,11944.989,11543.303,11644.063,11822.439,11893.882,11335.92,12109.695,13002.442,13525.894,13898.674,14236.607,14553.356,14903.395
Andorra,,,,,,,,,,,,,,,,,,,,,,,,,,,,,,,50887.54,52326.275,51193.13,50929.548,52686.154,52747.885,55695.334,56352.197,57550.886,58708.394,52451.572,58383.155,63599.56,65991.801,67797.785,68917.305,69964.09,71038.924
Angola,1222.206,1245.313,1288.183,1359.265,1454.373,1378.062,1406.395,1462.643,1564.645,1583.256,1544.606,1737.671,1922.26,2120.069,2323.25,2541.538,2794.31,2960.448,3042.925,3061.28,3132.296,3240.366,3631.64,3702.951,4095.947,4717.743,5266.909,5987.463,6586.081,6490.485,6687.066,6857.285,7623.612,7948.018,8507.964,7668.513,7449.176,7675.54,7471.446,7331.743,6803.89,6925.084,7359.579,7602.881,7848.264,8084.84,8331.116,8573.983
Antigua and Barbuda,3997.016,4577.959,4913.048,5457.846,6331.687,7150.883,8276.655,9203.058,10175.94,11232.968,12016.131,12590.004,12816.229,13507.343,14344.94,13638.543,14406.056,15031.031,15495.808,15903.648,16915.325,16232.981,16488.381,17665.522,18995.924,20648.659,23738.902,26364.466,26564.987,23266.434,21444.02,21223.826,20413.946,19531.897,19714.499,19498.26,20431.147,20231.285,21806.637,22928.742,18246.61,19620.787,21889.862,23435.284,24911.589,26099.112,26983.394,27612.916
Argentina,6172.506,6256.472,6327.151,6725.078,6988.092,6595.207,7117.301,7393.585,7413.917,7077.093,7094.54,7996.308,8899.403,9537.834,10178.731,9972.801,10589.852,11512.478,11955.652,11587.124,11633.001,11256.706,10089.08,11104.743,12303.2,13681.186,15090.274,16728.497,17567.283,16472.344,18063.91,19322.227,19641.353,20131.68,19683.772,20105.199,20307.87,23597.118,23290.635,22997.4,20763.821,23596.729,25822.258,27124.315,28273.601,29138.909,30006.354,30904.902
Armenia,,,,,,,,,,,,,1624.695,1463.386,1613.662,1818.53,1978.274,2100.428,2279.048,2399.862,2606.305,2936.416,3434.98,4008.133,4561.759,5404.495,6327.576,7416.799,8111.332,7031.813,7281.837,7778.182,9093.972,9563.81,9792.081,9753.364,10502.091,11974.031,12946.094,14213.451,13323.293,14661.27,15817.948,16946.672,18126.397,19328.853,20594.377,21946.513
Aruba,,,,,,,12181.911,14654.887,17897.9,20427.181,21194.78,22792.221,23842.409,24526.808,25740.59,26192.401,25960.867,27187.767,27359.068,27746.102,30241.96,31916.674,31886.383,32504.721,35055.116,35095.168,35934.148,37762.816,38895.618,34339.55,33713.113,35247.821,33967.263,35714.984,35398.96,35642.671,35715.501,36971.026,38126.424,37748.25,29980.68,36338.67,39508.046,42025.628,43958.881,45391.56,46804.767,48270.228
Australia,10497.998,11776.542,12307.702,12569.118,13677.996,14671.443,15106.943,15984.584,16949.739,18159.013,18859.776,19070.798,19802.485,20877.184,22138.34,22980.113,24064.666,25357.899,26554.989,27782.829,28953.712,30009.824,31393.739,32610.383,34481.213,36148.812,37649.611,39608.452,40516.346,40814.372,41726.568,43118.043,42902.942,46522.635,46990.142,46343.247,48048.644,49633.237,51400.721,52557.034,51776.718,56403.077,61941.004,64591.76,66817.978,68898.546,71143.311,73547.969
Austria,11227.043,12252.312,13240.951,14187.112,14746.338,15543.378,16210.521,16868.121,17608.347,18965.085,20394.198,21622.616,22323.602,22729.415,23634.051,24712.357,25733.624,26695.107,27931.746,29275.664,30875.236,31848.75,32717.293,33527.291,35147.252,36811.31,39055.307,41469.21,42745.915,41301.355,42465.956,44469.2,46477.668,47936.679,48813.542,49955.465,52659.772,54393.569,56636.7,58679.932,55125.04,59692.107,64751.064,68353.958,71290.976,73765.911,76190.085,78691.923
Azerbaijan,,,,,,,,,,,,,4389.149,3442.306,2783.272,2456.411,2537.245,2783.769,2955.078,3306.026,3555.959,3833.002,4220.077,4698.049,5220.141,6809.08,9321.792,11854.861,13188.685,14284.997,15022.397,14905.289,16062.577,17299.725,17550.596,15026.136,14448.333,14184.792,14610.345,15113.163,14511.668,15882.109,17153.256,17913.413,18584.176,19204.283,19828.111,20480.06
"Bahamas, The",12571.868,13112.422,14461.873,15691.856,16284.906,17262.463,17761.669,18559.783,19246.578,20116.502,20739.362,20200.762,19530.941,19712.44,20412.386,21311.889,22236.069,23343.113,24315.132,25994.832,27249.239,28172.105,28961.777,28751.74,29378.596,30914.684,32274.314,33224.783,32689.607,31166.932,31673.222,32170.209,33251.607,32624.581,34212.602,34869.354,35238.962,36821.566,38316.444,38842.207,33233.45,36150.66,40274.123,42705.389,44569.216,45834.131,46937.59,48048.649
Bahrain,20778.838,22478.878,24507.463,26349.956,27516.681,27186.194,26918.089,26308.146,27855.135,28223.52,30043.662,30499.137,32871.284,35268.839,36213.579,36705.158,37588.934,38116.8,39364.128,41202.932,43920.061,44376.286,43349.59,43671.649,44525.313,45440.074,46153.472,47436.56,48243.955,46748.709,47117.071,50673.418,54489.106,54035.418,51938.149,45626.742,44833.968,47486.023,49581.168,52233.693,50648.156,53384.101,57424.103,59689.294,61728.823,63592.097,65469.124,67423.725
Bangladesh,511.187,575.447,614.329,650.679,684.262,713.385,737.07,757.259,782.123,826.606,875.478,921.455,965.892,1009.411,1054.688,1104.34,1156.047,1212.482,1261.495,1321.612,1399.641,1472.316,1539.43,1631.989,1749.669,1889.993,2053.931,2219.544,2359.681,2473.248,2624.226,2820.247,3137.639,3333.284,3583.72,3810.078,4118.938,4450.315,4870.367,5329.609,5287.471,5899.594,6633.085,7236.856,7880.388,8543.74,9245.484,10000.965
Barbados,6000.493,6420.83,6464.076,6732.839,7207.857,7496.082,8011.595,8394.599,8962.916,9615.087,9611.807,9516.415,9146.665,9405.882,9764.562,10134.77,10690.022,11347.01,11859.29,12021.974,12797.794,12736.774,12999.536,13505.129,14019.847,14982.457,16259.148,16997.569,17370.85,16526.226,16278.008,16443.726,15425.321,15432.539,15252.103,15571.249,15996.873,15817.713,16060.406,16096.441,14018.112,14767.651,17407.896,18761.476,19749.914,20626.485,21461.573,22233.861
Belarus,,,,,,,,,,,5269.031,5379.227,4962.93,4683.885,4229.17,3858.481,4052.127,4615.586,5085.754,5344.205,5796.882,6227.661,6682.27,7344.615,8463.027,9618.436,10982.698,12318.895,13893.766,14047.51,15355.013,16545.091,18097.31,18996.626,19017.148,18111.125,17786.655,18334.758,19406.91,20080.202,20226.226,21689.663,21685.822,22532.435,23704.013,24474.624,25225.559,26003.948
Belgium,10768.951,11745.002,12556.111,13083.946,13897.562,14566.858,15129.227,15851.633,17166.629,18362.214,19607.204,20560.895,21276.737,21472.245,22566.181,23519.055,24236.313,25521.086,26257.719,27513.08,29109.973,30021.824,30870.862,31665.269,33544.993,35232.821,37014.524,39140.269,39760.009,38891.795,40162.441,41082.422,42409.301,43755.157,45043.18,46365.188,48679.68,50726.554,52665.775,54488.088,51721.573,57035.641,61586.771,64028.499,66252.995,68136.224,70094.852,72103.851
Belize,1373.986,1504.191,1449.535,1554.164,1745.062,1726.647,1836.514,2237.036,2517.249,2943.461,3300.661,3705.45,4140.186,4372.463,4345.742,4352.016,4383.677,4456.725,4508.84,4880.562,5489.413,5749.044,5984.875,6504.911,6812.946,6998.348,7349.745,7439.073,7587.152,7457.229,7619.798,7673.58,7253.432,7155.27,7117.915,7142.773,7083.922,6918.229,7041.392,7123.459,5846.546,6514.916,7147.399,7448.685,7632.045,7788.501,7941.726,8099.35
Benin,984.882,1062.02,1112.43,1097.192,1106.489,1152.738,1170.772,1139.488,1181.805,1158.911,1270.038,1323.031,1345.568,1407.697,1417.412,1484.893,1528.621,1595.109,1628.067,1672.847,1757.719,1836.784,1893.513,1937.578,2016.209,2053.529,2137.538,2261.253,2350.161,2353.036,2364.378,2416.327,2498.496,2669.688,2833.413,2886.829,3004.808,3044.517,3234.838,3422.429,3498.604,3777.529,4136.862,4399.583,4648.163,4891.278,5143.988,5410.319
Bhutan,475.12,575.418,644.327,702.532,764.428,800.086,853.808,1016.22,1173.227,1262.994,1413.461,1535.675,1624.645,1746.004,1848.029,2012.13,2154.392,2277.53,2382.116,2516.191,2678.443,2845.814,3075.203,3367.542,3630.369,3923.183,4256.271,4873.394,5444.284,5726.408,6267.618,6943.475,7599.81,7894.249,8382.376,9238.773,10067.515,10851.904,11476.237,12147.931,11884.268,11802.044,12966.816,13822.744,14961.001,16054.1,17168.571,18340.316
Bolivia,2069.783,2099.042,2097.179,2048.454,2074.817,2061.505,2006.989,2064.206,2154.202,2276.016,2420.132,2579.895,2627.291,2726.46,2833.679,2969.267,3093.878,3238.761,3373.338,3369.787,3428.929,3498.81,3575.072,3677.238,3864.14,4089.387,4342.517,4585.306,4878.831,4992.663,5177.257,5472.555,5937.484,6645.213,7080.98,7160.045,7528.313,8456.073,8896.101,9126.859,8313.768,9055.638,9855.931,10379.881,10874.828,11338.57,11779.363,12239.386
Bosnia and Herzegovina,,,,,,,,,,,,,,,,,3027.956,3811.412,4391.437,4917.532,5241.109,5479.938,5840.359,6183.778,6741.71,7241.862,7885.999,8597.061,9271.75,9299.635,9565.556,9971.438,10292.31,11038.037,11268.419,11709.916,12604.181,13240.387,14095.89,14775.381,14503.561,16009.957,17471.438,18448.494,19520.265,20577.414,21668.133,22827.365
Botswana,2282.687,2653.361,3148.26,3495.514,3720.245,3986.133,4259.914,4837.753,5963.391,6258.838,6809.425,7262.372,7203.151,7461.377,7363.463,7951.644,8102.446,8631.99,8410.072,9040.072,9476.577,9732.008,10431.8,11018.524,11270,11973.871,12825.593,13641.359,14054.008,11908.166,13046.684,14028.704,13143.962,14085.805,15517.703,14587.791,16638.522,15964.631,16660.711,17096.574,15470.878,17761.075,19286.911,20283.658,21166.489,21997.287,22853.215,23741.868
Brazil,4811.876,4925.285,5147.305,5057.28,5402.657,5890.568,6334.152,6596.432,6722.162,7083.272,6836.145,7020.471,7031.263,7414.354,7852.013,8241.96,8333.667,8629.74,8621.999,8652.936,9103.843,9307.473,9616.18,9796.624,10513.53,11061.84,11723.705,12637.878,13396.642,13328.001,14361.497,15109.717,15120.062,15669.155,15800.05,14816.265,14326.073,14596.871,15088.846,15424.06,14890.451,16160.652,17207.839,17867.687,18606.169,19269.147,19939.938,20439.132
Brunei Darussalam,,,,,,59204.277,57577.051,57286.315,57232.413,59579.234,60728.948,62998.563,65803.632,66009.824,67662.885,70617.064,72173.169,70608.129,69213.402,70642.466,72496.624,74324.065,75818.249,78330.47,78568.923,81619.399,86144.53,83877.132,81055.711,78951.328,80668.733,84000.908,88311.695,84019.147,81806.01,62921.9,56638.26,60280.819,59952.481,63385.952,64714.733,66795.076,74952.916,79210.886,82888.689,86347.687,89887.568,93608.182
Bulgaria,5355.825,6155.011,6790.292,7249.699,7843.054,8230.775,8844.299,9501.724,10099.818,10489.306,9954.336,9262.205,8765.687,8023.039,7988.374,8116.734,7680.621,6762.089,7147.232,6670.927,7062.775,7743.567,8374.113,9037.906,9935.949,11030.758,12207.067,13431.617,14590.758,14284.274,14793.942,15792.446,16375.743,16691.704,17670.061,18459.101,20145.734,21616.969,22889.871,24409.408,23739.078,25914.167,28593.084,30962.534,33256.701,35167.624,37086.068,39131.076
Burkina Faso,375.739,412.418,433.295,433.791,445.098,498.052,534.475,532.345,567.97,587.228,589.641,647.31,645.97,665.88,670.508,704.097,774.259,814.372,859.295,909.277,920.891,975.618,1004.642,1072.853,1117.782,1216.166,1292.861,1341.376,1403.293,1410.77,1502.268,1586.571,1619.399,1683.106,1692.303,1713.52,1895.295,2044.387,2170.981,2270.259,2275.778,2462.689,2663.385,2798.099,2932.877,3061.355,3195.503,3334.811
Burundi,313.734,374.221,381.963,399.948,403.211,451.739,462.265,485.536,512.918,524.844,547.278,581.456,584.07,561.596,542.231,500.383,460.307,462.584,481.465,479.545,484.607,489.102,493.605,503.75,521.121,558.396,589.116,607.692,628.709,635.879,655.52,675.193,684.554,734.995,772.157,838.038,793.743,770.707,778.468,783.49,772.416,800.198,855.613,894.677,933.546,972.726,1009.299,1044.514
Cabo Verde,781.608,913.719,979.508,1092.401,1150.064,1262.045,1297.152,1358.068,1459.411,1568.81,1602.324,1640.907,1688.484,1810.908,1984.303,2121.882,2249.604,2406.474,2580.463,2865.644,3079.991,3277.612,3439.499,3704.627,3927.331,4223.491,4689.266,5198.922,5590.269,5496.053,5582.802,5858.702,5719.978,5699.74,5658.987,5902.474,6224.242,6535.104,7028.12,7470.26,6366.72,7005.208,7739.918,8331.612,8916.875,9487.049,10037.876,10571.557
Cambodia,,,,,,,,515.45,568.44,592.442,601.801,646.791,683.685,702.866,745.104,780.834,817.622,841.866,869.129,970.507,1064.181,1157.665,1229.715,1336.976,1490.056,1713.431,1927.881,2151.674,2307.247,2298.492,2438.018,2635.942,2912.07,3109.918,3271.872,3500.583,3816.848,4101,4467.44,4833.97,4715.504,4967.438,5493.329,5932.144,6385.113,6860.934,7377.139,7933.256
Cameroon,1262.815,1572.258,1746.518,1887.462,2046.657,2223.255,2357.037,2297.855,2129.353,2109.704,1991.79,1922.425,1849.889,1780.26,1721.587,1766.31,1835.604,1912.922,1973.883,2026.275,2083.524,2144.593,2223.748,2318.07,2469.093,2508.625,2605.149,2709.916,2763.724,2776.799,2814.253,2892.448,2958.693,3129.859,3312.54,3395.629,3527.165,3665.118,3801.235,3901.725,3869.726,4069.528,4398.308,4638.297,4871.656,5100.066,5338.278,5591.358
Canada,11798.15,13197.482,13404.941,14149.519,15380.231,16465.963,16990.436,17893.032,19085.265,19947.668,20415.094,20403.324,20805.609,21615.645,22823.789,23682.378,24252.185,25469.836,26532.353,28068.767,29914.733,30810.534,31887.837,32794.347,34390.019,36260.724,37980.676,39428.171,40159.089,38788,40017.583,41716.377,42351.123,44360.366,45811.988,44702.516,46554.082,48688.106,50531.576,51652.558,48946.828,52984.521,57811.943,60544.648,62458.995,64142.882,65815.162,67543.994
Central African Republic,441.208,529.467,528.773,503.97,560.464,583.805,617.149,619.378,639.524,676.138,696.067,697.863,662.79,654.421,734.686,756.109,706.455,731.875,748.784,765.634,740.669,763.326,778.158,763.032,769.901,803.431,852.274,894.005,917.488,931.276,967.148,1012.657,1102.13,738.466,720.351,787.043,851.014,912.808,955.757,985.073,988.795,1020.988,1101.771,1153.825,1204.388,1251.962,1300.034,1358.285
Chad,411.47,393.159,430.079,504.692,536.488,581.001,609.883,627.947,677.025,694.411,719.862,795.757,807.185,783.637,817.312,800.923,805.181,836.247,873.418,848.713,829.199,911.556,966.379,1087.751,1437.246,1547.916,1550.732,1589.859,1615.329,1637.897,1821.218,1799.697,1735.752,1574.013,1684.135,1820.077,1682.038,1600.064,1626.929,1662.287,1598.035,1598.253,1704.613,1765.544,1818.418,1867.226,1918.382,1970.598
Chile,3461.766,3958.915,3573.97,3552.748,3836.915,3974.243,4206.313,4515.081,4930.246,5572.807,5895.683,6449.578,7162.835,7700.303,8137.811,8914.176,9567.357,10314.245,10745.005,10712.617,11403.724,11908.459,12332.109,12953.47,14112.202,15236.987,16531.347,17628.595,18407.097,18033.229,19106.856,20470.263,21635.96,22295.977,22648.515,22551.166,22655.056,23660.303,24743.38,24925.993,23269.445,26713.245,28526.228,29246.271,30186.322,31205.044,32309.721,33455.006
"China, People's Republic of",306.733,348.055,396.553,450.585,530.856,612.806,668.43,752.552,852.879,909.8,966.575,1078.147,1245.659,1435.677,1638.953,1837.378,2035.339,2239.259,2420.143,2621.205,2885.737,3174.085,3494.749,3897.377,4380.974,5003.411,5782.755,6750.182,7501.334,8222.376,9160.167,10180.906,11136.869,11905.091,12496.321,12926.23,13432.044,14151.786,15409.706,16563.768,17114.711,19259.713,21364.193,23131.752,24926.724,26732.861,28644.861,30669.961
Colombia,2840.643,3110.897,3262.845,3371.19,3534.89,3785.588,4003.662,4234.269,4468.161,4704.318,4987.774,5171.325,5411.209,5746.106,6061.389,6401.543,6546.205,6798.288,6808.155,6530.539,6772.161,6951.562,7146.51,7479.006,7990.242,8523.854,9266.282,10041.628,10453.73,10524.821,11009.496,11893.032,12305.526,13024.859,13627.067,13611.455,14351.744,14763.881,15234.559,15632.886,14421.024,16386.721,18225.131,19252.262,20197.514,21093.879,22036.25,23024.659
Comoros,912.249,1027.461,1108.243,1160.001,1239.612,1274.945,1287.596,1306.251,1376.79,1373.904,1488.161,1491.614,1603.271,1647.386,1581.472,1669.97,1656.347,1722.382,1705.683,1739.772,1725.237,1821.353,1894.762,1929.151,1993.561,2121.339,2093.785,2113.373,2182.529,2209.681,2260.849,2341.013,2510.017,2628.368,2700.604,2684.323,2826.352,2980.06,3078.492,3104.514,3049.198,3161.856,3355.314,3455.28,3546.194,3636.269,3728.795,3821.89
"Congo, Dem. Rep. of the",806.951,863.154,883.178,900.972,947.446,950.572,983.044,1001.226,1008.081,1001.366,939.599,860.929,758.321,646.094,597.238,606.662,589.085,526.637,501.889,480.008,437.811,425.861,431.949,450.626,478.328,507.028,533.025,563.147,590.204,591.464,620.764,655.852,657.466,741.084,837.168,893.471,951.455,1046.712,1098.036,1129.7,1126.224,1201.295,1315.937,1403.636,1486.736,1568.98,1651.541,1739.339
"Congo, Republic of ",1926.292,2098.833,2213.889,2285.087,2351.219,2408.43,2439.187,2481.096,3037.541,3602.228,3661.229,3798.117,3948.368,3995.236,3925.256,4064.841,4179.471,4106.197,4413.7,4206.136,4689.707,4452.785,4455.352,4452.803,4452.018,4892.277,5313.172,4971.559,5255.057,5760.198,6252.07,6363.661,7436.64,7123.201,6959.386,5444.904,4484.127,4986.526,4739.733,4686.558,4250.284,4312.03,4578.148,4724.043,5070.109,5125.633,5115.218,5261.015
Costa Rica,3560.086,3696.217,3532.788,3668.991,3990.222,4024.531,4206.264,4391.33,4577.528,4898.094,5137.372,5307.593,5798.778,6194.989,6421.803,6637.542,6668.094,6974.729,7375.399,7610.409,8142.242,8304.23,8572.13,8975.941,9473.048,10005.792,10906.195,11948.7,12570.358,12357.347,12931.528,13605.863,14367.698,15034.637,16076.627,17079.776,18503.17,19711.653,20479.984,21127.111,20303.397,22523.307,24489.609,25757.593,26975.907,28121.378,29285.528,30503.458
Croatia,,,,,,,,,,,,,8282.653,7978.86,8820.659,9757.09,10423.003,11114.417,11629.383,11546.954,12735.072,13669.611,14670.166,15782.72,16870.984,18129.401,19607.222,21131.192,21944.685,20500.855,20535.53,21012.892,21395.418,22079.537,22327.132,23305.365,25210.662,27129.359,28841.675,30551.851,28534.795,32942.598,36201.47,39006.925,41381.103,43452.846,45500.436,47652.662
Cyprus,5914.415,6588.577,7352.125,7941.826,8835.04,9435.803,9854.087,10701.395,11875.688,13146.787,14347.412,14553.022,15859.996,15952.548,16897.963,18776.354,19036.106,19578.087,20731.468,21827.181,23391.577,24612.609,25633.068,26517.457,28234.674,30109.879,32023.805,33931.55,34993.586,33615.944,33764.36,33755.062,31905.778,30236.855,29887.57,31847.99,35851.798,38515.934,41226.288,43592.169,41346.923,45033.613,48442.762,51180.462,53536.983,55629.83,57855.553,60270.729
Czech Republic,,,,,,,,,,,,,,,,14159.189,15088.15,15286.833,15418.753,15867.08,16894.708,17881.171,18500.716,19558.319,21044.631,23129.478,25395.071,27451.863,28482.176,27113.811,28010.309,29027.244,29269.604,30812.679,32542.452,33933.429,36136.77,39031.087,41120.356,42963.05,40790.794,43837.139,47527.254,50927.988,54016.702,56841.835,59414.089,62130.347
Côte d'Ivoire,2585.259,2863.506,2932.924,2827.797,2793.172,2873.991,2956.473,2901.972,3010.469,3094.957,3051.136,3033.922,2978.04,2769.546,2751.119,2881.585,3085.594,3234.328,3345.032,3359.683,3279.466,3272.34,3185.107,3122.626,3163.689,3234.955,3299.537,3361.128,3423.674,3467.495,3489.255,3302.872,3562.747,3833.793,4236.545,4557.772,4628.93,4729.649,5045.13,5317.16,5347.18,5781.112,6345.069,6796.715,7221.953,7628.599,8036.452,8467.558
Denmark,11869.997,12902.601,14217.211,15165.135,16381.81,17580.051,18793.876,19275.587,19936.363,20849.029,21923.701,22932.388,23842.014,24321.794,26084.441,27337.572,28454.213,29751.879,30637.972,31873.093,33712.739,34631.206,35209.273,35942.229,37792.459,39788.818,42494.996,43880.831,44260.562,42085.124,43203.86,44482.796,44892.724,46829.474,48039.691,49264.513,52159.798,55673.456,57812.089,59832.96,59135.902,63946.382,69273.251,72282.602,75101.941,77718.928,80362.872,83110.975
Djibouti,,,,,,,,,,,2834.384,2723.767,2764.111,2623.863,2627.063,2555.844,2453.873,2401.626,2361.364,2395.858,2407.078,2452.659,2523.5,2610.938,2712.806,2842.018,3027.373,3220.965,3426.918,3456.114,3589.072,3868.764,3957.992,4103.941,4291.976,4603.052,4719.636,4912.555,5372.838,5740.913,5782.401,6174.909,6666.774,7115.003,7628.909,8150.505,8704.462,9301.639
Dominica,,2043.657,2267.66,2425.426,2627.878,2759.415,3024.971,3307.209,3704.785,3856.581,4232.928,4451.023,4644.487,4856.959,4961.981,5219.099,5479.229,5695.035,5975.983,6081.185,6363.924,6502.673,6421.751,6969.485,7380.125,7666.943,8277.588,9047.845,9884.982,9838.933,10038.403,10335.991,10157.996,10344.154,11015.373,11139.636,11961.78,12071.428,12791.087,13467.88,11942.892,12834.988,14490.83,15589.111,16618.802,17562.051,18263.78,18994.928
Dominican Republic,2429.269,2710.836,2860.546,3038.097,3112.309,3068.061,3162.352,3482.744,3597.508,3818.55,3672.372,3766.767,4207.788,4541.005,4677.029,4962.816,5270.016,5745.665,6102.357,6457.724,6811.551,7039.751,7371.686,7316.316,7607.873,8480.446,9435.46,10292.675,10703.591,10757.548,11672.259,12157.893,12207.744,12818.364,13859.072,15186.042,16625.845,17301.383,18772.594,19896.19,18619.725,21582.716,23982.831,25703.864,27413.384,29119.143,30905.982,32808.077
Ecuador,3243.319,3585.704,3746.611,3681.382,3868.73,4058.328,4159.707,3908.637,4357.211,4431.526,4626.26,4913.646,5092.186,5203.874,5429.422,5561.569,5663.538,5916.163,6086.128,5794.125,5902.033,6138.571,6351.353,6540.153,7142.574,7660.58,8101.054,8352.44,8892.436,8837.941,9090.63,9842.963,10280.264,11106.117,11657.901,11014.886,11009.159,11623.715,11880.323,11923.018,10972.799,11747.783,12663.679,13207.154,13716.081,14189.325,14667.048,15163.485
Egypt,2183.096,2374.695,2633.421,2900.314,3158.339,3401.778,3543.614,3705.019,3908.758,4093.184,4307.181,4454.209,4476.698,4571.181,4769.291,4972.803,5202.527,5484.239,5847.532,6161.571,6495.118,6738.621,6923.812,7135.936,7484.256,7904.446,8525.137,9197.752,9831.249,10127.725,10530.535,10694.412,11620.118,11726.031,11350.945,11957.706,11616.339,11158.252,11796.497,12444.184,12823.295,13529.927,14927.518,15834.849,16777.398,17752.887,18782.288,19888.216
El Salvador,2136.987,2180.523,2152.364,2257.537,2355.707,2425.786,2454.304,2547.356,2649.457,2736.553,2925.296,3027.987,3268.983,3493.369,3687.339,3896.199,3956.864,4110.568,4229.276,4346.237,4461.859,4572.07,4688.942,4830.308,4979.465,5249.977,5621.674,5855.581,6069.023,5955.491,6127.956,6465.809,6541.216,6877.154,7233.191,7597.685,8038.622,8454.05,8819.789,9166.511,8497.768,9714.109,10580.567,11088.075,11548.794,11961.568,12374.811,12804.52
Equatorial Guinea,350.529,383.681,386.911,390.154,379.807,416.73,396.301,408.74,421.268,420.074,433.545,428.786,564.678,617.55,711.754,887.035,1328.762,3224.774,3912.015,4816.514,9957.142,15644.859,18246.296,20431.354,26215.801,28002.181,29388.537,33238.317,38108.991,37128.652,32710.736,34023.849,37302.871,34530.773,33482.867,23902.973,20353.109,22449.899,20794.713,19225.025,17896.992,17412.225,19036.448,18479.764,16271.117,15729.24,14886.207,14624.681
Eritrea,,,,,,,,,,,,,750.173,874.236,1089.912,1145.865,1278.087,1403.473,1439.951,1442.695,1262.073,1354.447,1356.362,1284.286,1279.372,1302.235,1287.948,1306.263,1049.45,1163.164,1284.314,1625.492,1669.213,1506.534,1991.679,1589.081,1700.785,1537.449,1758.713,1835.457,1820.427,1921.331,2101.426,2203.097,2300.015,2391.621,2485.538,2582.097
Estonia,,,,,,,,,,,,,,7473.369,7682.249,8172.161,8862.958,10309.283,10982.761,11057.561,12388.723,13514.167,14747.265,16283.183,17964.999,20409.931,23230.942,25784.404,24997.169,21518.511,22360.388,24557.244,25996.085,27464.524,28927.856,29183.777,31309.606,33903.126,36022.422,38028.514,37277.289,42049.691,44778.397,47151.825,50177.66,53092.468,55979.735,59043.503
Eswatini,1812.569,2059.743,2155.969,2163.296,2223.516,2254.32,2618.355,2826.349,3014.261,3293.838,3628.05,3711.296,3829.028,3961.761,4064.546,4263.318,4411.664,4524.689,4650.399,4809.627,4958.731,5076.825,5332.763,5598.029,5903.326,6396.461,6927.522,7365.564,7513.318,7624.232,7951.053,8239.445,8450.022,8901.07,8997.305,9023.533,8932.236,8650.839,8978.669,9286.172,9126.51,9701.113,10411.31,10802.239,11181.204,11550.883,11916.574,12298.357
Ethiopia,305.828,326.878,340.688,370.105,362.7,320.91,347.759,392.976,396.181,396.63,408.348,378.641,340.966,382.589,391.396,411.017,461.252,468.968,442.052,463.803,507.238,540.823,542.972,510.742,570.968,646.269,724.001,810.241,903.805,984.8,1084.922,1214.286,1314.853,1408.012,1680.731,1861.838,2134.42,2321.437,2519.662,2752.474,2907.85,3136.89,3407.212,3651.677,3917.041,4201.45,4510.912,4844.502
Fiji,2696.421,3054.202,3125.678,3034.169,3388.568,3311.724,3568.247,3379.994,3616.152,4196.126,4568.55,4558.723,4907.715,5114.009,5446.684,5661.183,5995.022,5908.925,6009.595,6577.187,6564.987,6792.294,7069.145,7215.907,7755.899,7841.087,8180.616,8269.852,8471.759,8366.43,8679.436,9055.823,9659.87,10378.816,11357.905,12400.559,12563.271,13316.586,14076.463,14185.79,12114.347,12047.89,13598.407,14997.085,16265.237,17249.144,18080.51,18963.608
Finland,9544.559,10546.266,11485.188,12232.426,13005.563,13823.494,14436.376,15273.385,16592.257,18062.426,18702.407,18109.101,17802.846,18011.08,19038.621,20174.673,21222.255,22886.373,24335.71,25698.026,27734.811,29044.568,29921.192,31055.02,33076.303,34948.852,37342.944,40220.933,41130.214,37866.982,39357.495,41015.786,40969.209,41587.16,41835.88,42569.551,44995.383,47621.51,49227.952,50676.29,50040.674,53757.297,58009.643,60771.684,63139.439,65296.954,67456.412,69701.251
France,10756.341,11838.317,12799.007,13396.529,14049.135,14656.079,15218.117,15925.839,17152.008,18520.988,19689.33,20452.298,21127.891,21410.345,22303.012,23203.359,23880.457,24773.586,25877.38,27010.631,28575.677,29600.565,30185.371,30825.781,32254.737,33584.769,35277.699,36871.46,37415.903,36413.312,37349.042,38789.621,39036.959,40951.508,41576.105,42289.109,44421.744,46369.701,48198.438,49768.901,46212.623,51363.756,56036.192,58336.765,60524.937,62484.102,64430.019,66450.302
Gabon,8862.348,9112.298,9855.253,10221.209,10869.893,11608.586,11344.068,9622.758,10088.801,11841.718,12639.335,13433.615,12912.136,13414.613,13863.262,14495.551,14922.997,15659.911,15987.253,14402.544,14098.997,14367.361,14261.98,14430.088,14617.921,14592.946,14396.289,15263.753,15246.606,14445.667,14967.238,15762.728,15487.112,15234.598,15499.573,14834.214,14490.228,15302.638,15585.924,16266.792,15946.595,16550.351,17848.286,18778.448,19706.826,20641.316,21611.667,22633.92
"Gambia, The",1204.524,1123.555,1389.234,1575.772,1448.977,1488.463,1493.251,1511.225,1528.63,1592.26,1677.332,1701.961,1701.838,1708.898,1629.628,1667.067,1696.041,1673.84,1747.967,1828.416,1912.396,2003.556,1906.766,2012.618,2143.362,2092.571,2080.855,2137.126,2246.639,2341.083,2435.158,2215.751,2199.788,2121.486,2027.031,2066.859,2068.743,2072.652,2209.621,2319.227,2274.094,2428.329,2645.763,2809.786,2976.613,3120.768,3243.791,3372.238
Georgia,,,,,,,,,,,,4141.626,2328.022,1723.246,1710.051,1862.162,2172.846,2533.101,2715.404,2894.76,3073.934,3358.934,3639.661,4148.422,4538.774,5157.117,5860.415,6802.66,7147.116,6964.009,7541.57,8322.29,9798.666,10609.666,11583.412,12100.141,12854.714,13595.578,14581.958,15607.868,14754.232,16906.103,18593.588,20326.035,21983.193,23683.068,25497.123,27459.426
Germany,11130.439,12173.96,12833.471,13590.761,14537.938,15364.316,16041.525,16676.829,17801.43,19033.21,20482.879,21951.892,22733.408,22917.878,23909.522,24737.972,25347.081,26230.334,27082.759,27990.735,29443.663,30592.077,30983.282,31384.058,32645.21,33963.145,36419.387,38605.05,39835.345,37939.093,40100.837,42541.246,43359.405,44993.667,47011.138,47622.332,50574.527,53373.757,55076.88,56523.391,54551.092,58377.571,63271.125,66893.392,69538.517,71959.106,74301.531,76687.007
Ghana,1201.274,1235.886,1174.813,1117.539,1184.541,1272.077,1347.281,1439.315,1550.292,1645.525,1727.486,1827.478,1906.812,1996.729,2060.567,2140.126,2227.92,2339.389,2423.576,2506.229,2463.97,2550.458,2643.605,2765.802,2923.363,3126.811,3331.414,3479.478,3779.064,3930.913,4071.218,4622.698,5152.343,5320.559,5595.442,5232.689,5020.65,5148.048,5481.368,5821.649,5798.889,6194.166,6753.84,7130.265,7503.343,7867.828,8143.25,8704.028
Greece,8784.908,9352.568,9760.833,9969.045,10481.746,11031.955,11278.359,11255.517,12115.005,13013.504,13416.81,14089.47,14378.795,14395.599,14912.906,15477.281,16131.615,17079.577,17837.178,18549.731,19662.591,20819.64,21868.065,23532.417,25329.97,26210.057,28455.749,30095.92,30501.345,29287.132,27953.502,25628.806,24818.16,25895.898,26541.279,26676.002,27489.176,28518.16,29761.277,30887.691,28456.558,32218.225,35596.048,37760.209,39626.68,41255.687,42831.874,44388.795
Grenada,2157.924,2352.854,2530.413,2634.461,2767.044,2980.632,3256.887,3668.011,3959.839,4322.383,4703.614,4925.039,4960.395,4924.251,5064.583,5234.741,5524.89,5863.681,6600.239,7132.126,7632.576,7616.552,7970.754,8865.889,9015.231,10500.682,10364.74,11270.37,11565.21,10835.701,10864.686,11116.743,11163.804,11887.335,13042.04,14151.894,15025.684,16217.5,17239.715,17579.609,15273.452,16704.903,18292.718,19412.315,20561.433,21598.332,22594.615,23568.871
Guatemala,2660.195,2857.948,2854.481,2819.281,2862.592,2861.941,2849.447,2949.156,3093.679,3260.316,3403.694,3540.501,3699.869,3825.644,3951.246,4116.029,4212.36,4361.954,4512.069,4639.228,4752.943,4862.183,5027.881,5138.536,5307.257,5512.623,5864.735,6246.15,6454.862,6395.815,6511.405,6794.298,7017.665,7183.099,7457.902,7849.062,7847.231,7912.491,8203.742,8500.462,8303.264,9153.979,9911.389,10366.976,10779.142,11158.219,11541.373,11939.869
Guinea,,,,,,,,,,,930.498,934.514,931.026,944.825,953.134,976.663,1005.86,1050.054,1079.651,1117.612,1152.089,1200.656,1261.025,1279.503,1319.503,1372.879,1417.619,1512.455,1563.64,1508.719,1549.891,1628.172,1615.263,1679.881,1670.741,1684.808,1928.285,2249.555,2389.998,2507.425,2633.638,2789.04,3029.433,3221.662,3422.663,3581.617,3745.355,3916.825
Guinea-Bissau,561.764,599.267,649.383,638.461,683.534,720.34,712.533,756.298,782.679,820.601,872.631,946.553,975.94,999.198,1027.667,1067.536,1103.398,1164.127,893.504,1036.013,1048.563,1099.929,1133.657,1128.591,1147.819,1234.764,1278.985,1318.296,1373.829,1384.955,1469.031,1585.903,1512.939,1530.465,1575.757,1873.62,1976.07,2253.422,2333.396,2428.591,2441.023,2581.044,2783.968,2934.124,3090.847,3244.272,3403.973,3572.086
Guyana,2468.501,2711.747,2625.151,2421.451,2574.708,2682.382,2751.325,2841.545,2790.769,2790.985,2831.683,3112.505,3429.448,3789.161,4180.924,4459.694,4882.496,5245.114,5192.387,5400.772,5434.136,5673.273,5828.364,5909.178,6165.956,6233.012,6741.1,7389.447,7659.48,7932.573,8356.558,8958.292,10443.668,10998.334,10942.789,11204.623,11268.43,11964.644,12723.087,13603.114,19693.818,24526.357,38258.272,52838.692,55892.499,58985.141,62200.878,65616.396
Haiti,1685.625,1831.476,1856.936,1867.148,1904.127,1944.133,1953.427,1957.724,2014.17,2028.17,2052.609,2109.693,2068.705,1972.855,1743.469,1919.356,1997.837,2049.094,2079.306,2127.677,2157.278,2162.138,2183.636,2268.201,2262.437,2366.831,2442.764,2583.934,2659.277,2787.896,2619.203,2765.212,2719.388,2902.474,2911.207,2841.174,3017.761,3079.714,3159.028,3115.976,3005.202,3031.76,3188.932,3286.608,3376.152,3457.603,3538.149,3621.192
Honduras,1392.118,1513.965,1537.487,1535.321,1609.945,1678.366,1674.305,1766.201,1857.048,1956.613,1974.526,2048.456,2151.335,2274.588,2229.036,2302.218,2359.736,2449.055,2476.906,2424.441,2588.382,2647.342,2718.14,2825.627,3007.549,3211.922,3447.439,3675.819,3820.484,3673.299,3778.879,3928.268,4032.581,4142.24,4452.583,4823.389,5146.017,5557.931,5807.485,5963.447,5399.403,6217.552,6740.374,7064.388,7372.25,7670.013,7988.709,8322.071
Hong Kong SAR,7130.724,8325.427,8956.705,9701.29,10892.082,11173.806,12515.916,14415.058,16032.843,16877.591,18099.32,19563.077,20995.387,22405.646,23784.528,24262.172,24975.456,26496.476,24962.978,25737.426,28025.56,28737.196,29688.406,31022.533,34456.073,37938.299,41456.163,45106.192,46777.468,45706.254,48995.997,51998.781,52082.354,53453.568,54604.905,56266.944,56903.213,59667.887,62220.799,61999.387,59411.173,66061.999,70448.012,75911.632,79666.016,83078.193,86546.524,90255.336
Hungary,6325.544,7125.125,7788.149,8169.413,8714.796,9002.824,9359.456,10027.596,10419.126,10952.123,11013.707,10033.762,9947.49,10132.992,10669.916,11184.852,11416.716,12001.855,12636.049,13242.403,14191.918,15135.446,16139.7,17186.229,18544.4,19975.093,21466.143,22123.797,22834.316,21470.985,22010.205,22966.957,23179.062,24459.302,25615.216,26749.404,27899.395,29837.955,32253.937,34343.64,33144.139,37128.209,40944.278,43724.074,46452.133,48986.162,51416.703,53872.16
Iceland,10927.449,12342.043,13222.388,13253.098,14125.774,14915.255,16063.041,17724.065,18080.514,18512.219,19286.729,19732.59,19211.457,19723.162,20660.544,20966.967,22244.382,23764.002,25563.4,26641.08,28260.768,29599.873,29890.375,30928.786,33989.668,36821.517,39505.817,42890.986,43576.459,39999.095,39548.369,41009.124,42154.444,44672.803,46239.206,49470.734,53942.986,56944.804,59382.762,60428.295,55717.377,59791.508,64621.199,67116.752,69357.826,72485.979,75717.883,79173.464
India,532.041,603.174,647.45,705.288,741.444,787.088,822.81,857.659,952.714,1027.048,1101.341,1127.389,1192.176,1253.46,1339.205,1442.897,1550.58,1610.8,1698.141,1834.385,1916.328,2021.142,2097.116,2270.579,2474.24,2745.053,3044.484,3381.8,3528.685,3798.485,4181.701,4493.67,4861.155,5057.233,5233.883,5464.858,5839.865,6182.921,6669.609,6965.526,6531.969,7340.903,8358.299,9118.349,9906.418,10727.06,11554.938,12408.7
Indonesia,1286.254,1485.642,1581.614,1679.27,1835.381,1929.229,2068.66,2215.353,2405.977,2674.603,2965.851,3285.429,3521.089,3827.829,4135.786,4495.053,4878.87,5136.919,4461.311,4507.902,4784.29,4999.028,5230.78,5510.422,5859.445,6297.401,6752.526,7271.341,7850.32,8155.793,8656.769,9213.212,9833.69,10188.332,10398.96,10359.28,10618.699,11073.521,11798.04,12481.915,12220.747,13099.366,14534.953,15722.563,16883.948,18002.089,19158.293,20379.16
Iran,5750.754,5713.022,7190.848,7988.833,7397.358,7481.529,6626.638,6616.014,6278.205,6758.102,7772.853,8840.042,9204.675,9149.848,9053.818,9328.703,9956.77,10094.614,10247.239,10423.672,11095.483,11424.376,12350.826,13476.366,14220.642,14906.511,15881.632,17425.993,17582.977,17646.784,18649.494,19282.626,17040.699,16253.935,16003.413,14231.155,15180.46,15737.322,15571.022,15467.024,15763.677,16908.217,18332.261,19073.43,19740.7,20349.345,20959.984,21592.908
Iraq,,,,,,,,,,,,,,,,,,,,,,,,6265.087,9603.557,9811.863,10423.334,10650.44,11472.698,11646.194,12217.104,13075.221,14843.033,15414.282,14027.484,10493.948,9592.605,10916.391,11400.589,11967.716,9951.455,10702.109,12141.299,12886.219,13216.39,13487.533,13753.314,14029.724
Ireland,7370.98,8169.179,8711.001,8924.546,9475.353,9934.354,10175.617,10788.964,11555.753,12759.728,14272.951,14913.234,15671.068,16323.692,17596.912,19605.17,21630.303,24113.977,26243.233,29084.046,32071.507,33999.66,35940.639,37142.364,39947.943,42525.345,44732.874,47029.052,45061.1,42741.535,43812.401,45036.118,46308.272,47761.217,50992.452,68872.135,71251.863,77782.489,85759.361,90405.341,96021.314,112463.438,124595.726,133530.074,141054.709,146937.405,152957.795,159262.944
Israel,7045.063,8018.368,8482.834,8854.892,9257.774,9801.422,10195.311,11049.845,11653.003,12073.892,12949.57,13188.132,13954.008,14441.652,15387.424,16769.439,17658.991,18214.166,18730.015,19189.328,20796.32,20789.147,20653.979,20919.964,22143.008,23372.428,25034.543,26806.535,27761.483,27595.847,28977.668,30647.158,31859.604,34339.102,34381.4,35482.434,37864.232,39206.06,40943.754,42429.056,41271.022,45750.26,50204.428,52657.327,54931.156,57073.197,59259.643,61543.81
Italy,10895.763,11973.705,12723.27,13334.619,14231.603,15060.229,15777.148,16664.216,17942.199,19238.696,20338.127,21309.837,21941.87,22255.397,23193.637,24314.384,25073.355,25957.803,26712.1,27526.584,29208.858,30429.865,30964.896,31513.058,32577.191,33621.261,35131.254,36478.426,36513.876,34561.925,35415.855,36250.623,36143.031,36288.529,36460.725,37175.638,40230.666,42111.532,43610.309,44702.85,41279.093,46161.424,50215.801,52618.986,54614.973,56392.029,58096.844,59571.486
Jamaica,2911.31,3269.024,3518.077,3732.957,3895.642,3923.146,4244.133,4650.162,4594.835,4989.694,5334.911,5524.915,5764.552,5982.046,6170.044,6399.981,6471.605,6412.696,6344.004,6434.41,6570.562,6745.267,6857.061,7222.765,7487.892,7763.926,8206.286,8519.509,8581.398,8312.528,8262.666,8531.299,8586.347,8895.191,9046.918,9346.692,9817.681,10286.743,10704.923,10989.634,9993.06,10850.089,11802.098,12546.554,13055.201,13553.603,14058.439,14550.296
Japan,9147.008,10358.115,11283.019,12054.507,12967.145,13989.796,14667.893,15666.266,17246.018,18719.64,20302.679,21620.806,22222.411,22558.217,23177.43,24224.047,25385.035,26014.089,25903.288,26131.265,27409.192,28068.309,28457.733,29410.86,30836.406,32372.671,33831.081,35257.877,35512.156,33742.464,35535.215,36215.055,37628.757,39436.811,39604.122,40959.265,40640.541,41408.954,42730.293,43484.553,42153.518,44738.55,48813.674,51670.129,53617.444,55364.475,57004.07,58681.721
Jordan,3513.281,4278.777,4597.272,4595.29,4823.067,4721.072,4885.331,4951.525,5032.45,4441.568,4439.261,4457.949,4883.051,4880.872,4988.809,5210.526,5178.712,5362.117,5491.671,5626.514,5893.248,6203.427,6614.1,6858.376,7414.784,8024.251,8666.674,9207.463,9574.607,9625.618,9461.326,9402.616,9189.189,9322.302,9181.046,9464.682,9445.917,10003.452,10252.425,10496.262,10353.98,10933.014,11861.124,12581.929,13306.054,14001.178,14697.739,15408.48
Kazakhstan,,,,,,,,,,,,,7052.109,6612.612,6315.295,5965.897,6182.5,6519.152,6567.988,6865.02,7727.254,8976.739,9999.424,11082.192,12369.714,13862.453,15636.772,17292.612,17737.805,17819.353,19070.565,20634.01,21878.292,24325.778,24545.57,23057.072,23653.798,24699.302,25985.047,27289.973,26550.957,28386.904,30502.019,32411.969,34306.346,36129.95,37582.399,39119.28
Kenya,1116.508,1226.478,1320.096,1345.862,1369.786,1423.464,1505.219,1574.953,1671.305,1756.545,1845.854,1874.206,1839.487,1826.655,1858.904,1924.908,1979.364,1969.353,1991.9,1999.655,1996.404,2066.564,2054.629,2096.303,2190.734,2323.854,2470.033,2634.647,2618.071,2658.213,2839.172,2977.165,3107,3405.896,3698.162,4072.47,4352.514,4649.975,4910.093,5125.633,5054.965,5519.978,6061.415,6429.271,6794.429,7154.797,7529.313,7924.419
Kiribati,898.211,972.371,1026.755,1023.719,1068.572,1032.084,1038.543,1041.111,1145.054,1124.38,1126.368,1145.48,1169.828,1194.995,1226.423,1234.21,1252.015,1277.839,1357.55,1329.298,1415.869,1403.318,1456.807,1489.233,1476.734,1566.93,1579.88,1618.035,1578.13,1566.607,1537.185,1569.262,1655.057,1729.282,1718.412,1880.35,1863.203,1866.98,1983.057,1977.494,1959.75,2035.421,2148.421,2236.181,2311.503,2372.404,2430.194,2487.422
"Korea, Republic of",2169.382,2507.264,2839.934,3296.932,3730.047,4108.97,4620.321,5284.697,6067.205,6684.637,7545.09,8555.88,9197.225,9961.025,11005.478,12193.246,13269.236,14197.182,13522.58,15177.331,16786.579,17860.116,19427.096,20328.384,21872.123,23480.115,25345.381,27401.178,28550.45,28812.526,30988.282,32546.752,33557.124,34244.314,35324.502,37907.502,39567.018,41001.069,42996.2,44658.786,44750.008,48577.784,53050.733,56326.58,59272.276,62034.891,64814.529,67676.791
Kosovo,,,,,,,,,,,,,,,,,,,,,5004.96,5350.723,5271.991,5419.652,5276.633,5617.872,5915.291,6488.291,6650.397,6918.384,7233.829,7828.578,8001.615,8371.768,8686.965,9444.731,9974.216,10392.703,11019.805,11839.605,11297.157,12833.168,13964.446,14885.079,15813.554,16700.303,17571.604,18473.678
Kuwait,33597.576,28526.6,26220.495,27415.09,29257.643,27197.787,28448.443,29866.51,26421.753,32922.236,24841.122,23727.489,42490.008,56395.344,50597.001,49036.789,47108.63,46473.96,47384.339,47523.217,51747.078,50913.244,50826.559,57787.244,60784.941,63527.654,66170.684,67440.608,69574.732,64261.196,61769.866,66969.827,72735.933,70727.47,64038.479,43308.023,40844.217,46479.559,46813.02,45851.592,43251.991,45008.707,50919.23,52939.464,54766.298,56419.615,58084.912,59812.727
Kyrgyz Republic,,,,,,,,,,,,,2072.701,1815.125,1480.179,1422.98,1527.748,1684.345,1713.373,1773.206,1885.199,2010.732,2022.775,2187.821,2375.958,2416.269,2541.845,2802.026,3047.649,3120.867,3102.849,3319.628,3654.196,4083.205,4325.505,4259.042,4727.851,5094.365,5295.987,5522.188,5006.768,5298.161,5561.818,5898.025,6166.55,6416.38,6674.698,6935.899
Lao P.D.R.,540.576,669.619,727.755,759.375,815.308,893.198,929.004,916.744,903.201,1002.726,1069.404,1116.781,1187.43,1251.27,1345.835,1434.524,1525.427,1623.061,1680.197,1741.783,1864.29,1965.553,2099.626,2239.371,2427.5,2635.722,2912.522,3172.431,3427.56,3642.422,3917.707,4251.551,4841.645,5289.478,5873.749,6168.459,6843.566,7255.169,7774.383,8156.891,8099.419,8488.818,9183.638,9661.795,10140.065,10623.677,11146.909,11719.367
Latvia,,,,,,,,,,,,,5996.688,5455.352,5783.787,6075.161,6426.301,7186.427,7804.777,8205.914,8933.405,9829.66,10839.721,12097.064,13585.688,15697.893,18296.219,20837.042,20707.617,18110.366,17858.125,19110.292,21181.265,22514.025,23724.25,24871.739,26591.254,28571.465,30668.559,32232.869,31594.068,34707.314,37329.794,39433.294,42050.813,44423.702,46865.278,49452.597
Lebanon,6344.871,6968.86,4656.024,5901.079,8780.029,11199.478,10615.588,12664.251,9353.769,5532.889,4833.775,6625.705,6725.795,6981.332,7347.148,7705.193,7977.101,8824.787,9184.071,9105.24,9181.194,9391.905,9411.679,9302.026,9861.373,9959.801,10292.557,11536.658,12831.04,14092.015,14963.249,14669.381,14819.533,14976.818,15029.25,15105.874,15535.425,16043.033,16052.292,15178.331,12034.901,,,,,,,
Lesotho,484.743,532.855,582.224,607.379,668.82,696.398,721.294,721.157,783.128,834.681,886.022,946.466,989.195,1026.717,1073.08,1071.665,1154.24,1214.097,1244.046,1280.653,1372.837,1448.64,1493.261,1583.506,1663.72,1767.933,1901.53,2036.678,2139.342,2146.356,2267.63,2415.582,2454.056,2748.731,2992.192,3210.948,3101.369,2752.736,2791.771,2822.672,2667.788,2803.375,3033.984,3136.865,3241.806,3342.572,3389.982,3420.036
Liberia,,,,,,,,,,,,,,,,,,,,,976.388,989.359,1024.726,729.471,764.043,812.456,877.703,979.748,1016.094,1033.778,1074.156,1145.498,1241.108,1432.636,1466.609,1359.019,1480.848,1655.355,1672.953,1618.619,1550.241,1641.525,1779.365,1887.023,1993.22,2097.181,2205.683,2321.126
Libya,36260.863,30339.858,31230.381,29677.305,27026.184,28205.856,24552.421,20580.274,20316.14,21648.796,24724.75,28884.519,28097.064,27073.529,27641.281,24201.877,24823.538,24690.16,24427.021,24494.643,25520.512,25245.279,25012.45,28400.591,29966.438,34080.035,36757.766,39524.517,32421.866,31229.728,32171.3,11167.411,23665.799,15877.89,8573.419,7671.709,7996.689,10708.893,12797.287,14598.22,5892.355,16847.819,18345.135,19529.377,20686.99,21741.797,22768.285,23815.324
Lithuania,,,,,,,,,,,,,,,,6855.441,7402.812,8216.517,8995.316,9082.166,9699.173,10652.224,11641.647,13232.851,14644.287,16538.602,18607.506,21486.784,22703.695,19675.853,20670.176,22884.952,24703.756,26721.624,28184.346,28842.243,30922.135,33826.612,36363,38809.063,39214.232,42943.84,46479.454,49114.854,51901.177,54497.783,57070.381,59680.19
Luxembourg,15914.8,17506.595,18766.14,19868.915,21541.979,23421.904,26157.531,27683.179,30818.913,34820.929,37617.432,41683.982,42823.32,45037.081,47070.808,48517.807,49435.921,52596.77,55944.2,60746.903,66404.079,69126.573,71644.131,74261.255,78317.41,81653.081,87742.523,95958.788,95969.648,91618.939,94565.385,95675.91,97758.245,102112.957,106567.988,109162.471,114487.597,116621.016,119506.21,123205.417,120085.786,131874.615,140693.962,145943.781,151837.526,156611.486,161506.593,166569.415
Macao SAR,,,,,,,,,,,,,,,,,,,,,,36017.263,39457.042,44299.191,55615.874,59221.919,65294.031,73246.238,75622.512,78086.395,97052.189,119402.985,129875.833,145946.787,141806.572,108260.128,109178.17,120248.881,128272.154,125002.3,57881.626,71122.609,85611.62,106910.518,127703.185,141393.331,149977.991,157281.64
Madagascar,1013.795,974.552,988.996,1010.492,1037.754,1054.002,1066.047,1073.953,1116.487,1172.225,1211.64,1139.801,1145.165,1161.595,1150.413,1158.016,1167.6,1193.389,1215.059,1250.092,1294.374,1360.062,1173.488,1274.659,1337.144,1402.614,1480.077,1561.134,1650.075,1550.184,1535.059,1548.329,1530.939,1535.496,1555.829,1546.837,1607.581,1586.398,1613.02,1652.052,1498.17,1630.605,1777.651,1880.207,1961.194,2072.848,2168.402,2269.362
Malawi,502.456,506.867,537.801,563.764,594.523,613.627,591.395,579.267,582.517,582.903,615.488,675.92,632.959,706.583,642.876,737.803,810.265,857.16,852.267,870.876,875.467,839.713,835.994,881.514,933.832,974.953,1023.195,1120.064,1195.094,1266.446,1331.427,1385.168,1347.724,1444.805,1405.803,1332.538,1347.139,1357.06,1409.895,1470.941,1460.199,1510.832,1602.739,1673.572,1749.124,1841.678,1935.59,2029.075
Malaysia,3337.809,3813.004,4182.352,4505.604,4908.031,4862.039,4883.186,5139.62,5708.049,6316.418,6846.151,7636.471,8272.479,9053.024,9827.278,10731.812,11715.045,12469.045,11386.386,11946.654,12945.83,12959.339,13532.215,14256.268,15278.813,16184.812,17383.124,18789.433,19711.418,19202.103,20525.538,21701.738,22963.302,23224.571,24273.001,24074.09,24779.859,25897.244,27491.285,29098.953,27734.597,29686.253,32901.066,35312.758,37494.929,39498.313,41595.849,43619.623
Maldives,1599.385,1817.486,2010.633,2104.607,2472.266,2791.398,2978.446,3238.526,3552.777,3932.926,3767.906,3976.401,4211.319,4423.416,4730.73,5089.642,5533.174,6084.942,6618.075,7052.757,7444.426,7707.282,8169.318,10280.492,11022.479,9732.164,12431.127,13485.724,14819.279,13607.723,14528.175,15834.725,16435.788,18250.006,20337.738,21931.337,23409.634,24927.362,27140.581,29040.411,19222.019,26270.129,29132.628,32127.801,34501.755,36575.671,38716.148,40999.975
Mali,541.565,554.563,509.926,535.658,557.359,583.239,621.696,644.011,658.156,745.653,830.268,904.404,888.464,917.362,946.769,969.549,1032.062,1072.226,1087.342,1140.446,1133.257,1298.399,1319.185,1423.082,1437.719,1529.447,1596.672,1641.407,1695.346,1728.741,1786.888,1826.648,1763.84,1812.966,1915.36,2032.666,2189.01,2246.755,2338.213,2419.844,2347.989,2446.763,2575.407,2711.928,2839.546,2953.858,3070.28,3191.864
Malta,5853.051,6522.549,6891.161,7083.235,7457.597,7811.407,8055.316,8663.391,9514.972,10488.248,11276.864,12023.641,13150.434,13853.269,14653.603,15849.381,16697.552,17668.449,18341.742,19191.557,19313.764,19384.466,20026.538,21111.771,21569.319,22838.451,23995.233,25781.076,27132.633,26793.628,28404.536,29062.601,30423.681,32560.229,34754.607,37922.113,40137.463,44936.003,47205.985,49026.312,43618.362,49559.882,54647.356,58397.363,61852.957,64866.906,68027.871,71296.692
Marshall Islands,,,,,,,,,,,,,,,,,,2095.324,2073.042,2045.291,2106.736,2330.675,2496.044,2491.261,2527.733,2630.42,2691.377,2840.59,2674.985,2772.749,2961.144,2989.717,2968.101,3125.8,3140.001,3208.658,3275.202,3433.929,3609.864,3902.56,3829.94,3898.091,4192.007,4420.657,4610.361,4770.219,4907.494,5044.618
Mauritania,,,,,,,,,,,2861.144,2878.702,2915.238,3073.068,2958.665,3225.28,3378.71,3205.902,3238.652,3308.886,3158.999,3112.91,3113.577,3298.797,3448.908,3756.938,4729.021,4630.767,4578.616,4493.08,4548.918,4715.713,4754.599,5098.713,4662.137,4585.9,5158.554,5636.44,5898.118,6212.986,6044.525,6341.327,6920.234,7278.852,7931.918,8393.292,8703.5,9085.689
Mauritius,1995.788,2279.084,2521.915,2606.648,2800.247,3062.301,3402.188,3812.036,4185.564,4509.25,4978.606,5317.565,5717.236,6077.692,6374.392,6728.982,7161.466,7603.476,8070.631,8291.955,9084.778,9512.586,9750.098,10461.52,11134.167,11581.356,12419.534,13424.376,14366.823,14898.595,15700.253,16653.244,16963.511,17866.307,18484.03,19225.922,20700.777,21415.336,22733.73,23816.063,20506.051,22195.362,25043.149,27242.3,29046.86,30609.659,32232.853,34026.196
Mexico,5984.846,6934.406,7148.559,7001.927,7331.849,7559.22,7314.372,7465.852,7670.605,8137.036,8710.689,9212.007,9580.878,9901.957,10435.612,9823.112,10514.413,11256.01,11796.59,12120.013,12835.669,12899.404,12916.055,13180.133,13878.144,14450.096,15349.701,15890.054,16133.6,15146.907,15879.324,16567.23,17212.608,17428.64,18119.833,18382.238,19422.129,19933.504,20643.639,20766.768,19117.049,20675.81,22215.811,23256.584,24059.784,24838.204,25639.175,26469.536
"Micronesia, Fed. States of",,,,,,,,,,,,,,,,2056.2,2024.454,1930.004,2000.59,2054.897,2198.364,2301.099,2357.713,2449.536,2443.078,2578.615,2668.847,2701.781,2707.229,2767.104,2878.741,3026.977,3020.765,2955.401,2936.127,3097.166,3150.87,3291.059,3370.935,3466.374,3438.367,3458.964,3649.575,3858.097,4055.809,4183.755,4294.08,4397.92
Moldova,,,,,,,,,,,,,4396.413,4458.155,3142.834,3166.411,3043.829,3156.314,2989.019,2932.786,3069.76,3337.096,3663.049,3993.886,4413.14,4907.21,5314.511,5635.106,6200.143,5871.77,6370.091,6882.486,7329.152,8345.09,8789.288,9221.849,10527.014,11547.401,12555.612,13493.42,12749.659,15405.7,16719.283,17884.148,19735.508,21610.47,23558.3,25684.635
Mongolia,,,,,,,,,,,3603.078,3301.454,3008.116,2954.347,3053.019,3266.674,3351.505,3493.838,3600.228,3710.166,3790.417,4006.757,4225.745,4571.615,5082.505,5518.767,6076.813,6691.212,7227.226,6991.064,7469.597,8781.925,10074.011,10375.299,10850.233,10441.614,10518.681,11137,12056.367,12730.045,12074.044,12530.203,13350.429,14469.202,15534.207,16540.752,17462.023,18350.376
Montenegro,,,,,,,,,,,,,,,,,,,,,8268.014,8513.511,8775.803,9135.284,9775.69,10490.315,11730.648,12850.188,14012.261,13256.216,13753.307,14471.959,13863.936,14870.353,15371.392,16336.11,18197.604,19703.459,21205.375,22468.926,19282.221,22566.337,24877.662,26683.549,28087.866,29447.308,30907.549,32445.75
Morocco,1491.875,1547.525,1755.357,1771.887,1871.099,2004.685,2163.668,2110.732,2358.829,2452.331,2636.625,2867.09,2818.175,2812.714,3122.338,2971.146,3352.002,3309.709,3539.802,3578.946,3679.53,3983.887,4116.979,4390.018,4662.65,4903.211,5367.904,5635.503,6007.614,6224.377,6459.083,6854.591,6856.813,7090.594,6793.07,7244.166,7355.973,7580.998,7922.828,8189.544,7687.785,8497.374,9041.236,9644.779,10080.642,10502.656,10958.285,11451.649
Mozambique,209.442,235.004,227.034,194.888,185.863,191.712,190.415,224.196,251.693,277.521,286.726,307.769,285.272,310.288,324.586,327.166,359.402,396.077,429.401,474.256,477.767,532.254,573.7,606.925,652.98,697.771,767.092,825.49,878.434,914.545,959.042,1023.065,1035.522,1084.985,1139.052,1291.269,1363.675,1283.66,1320.545,1335.876,1297.296,1341.383,1438.697,1512.161,1631.342,1701.119,1920.365,2155.967
Myanmar,,,,,,,,,,,,,,,,,,,797.651,864.689,980.927,1114.834,1232.227,1410.649,1658.851,1930.993,2241.848,2574.171,2803.788,2926.042,3094.988,3307.764,3696.748,3941.249,4130.258,4224.239,4141.472,4332.722,4684.393,5053.193,5240.843,4450.097,4775.683,5037.089,5289.169,5527.271,5776.134,6057.865
Namibia,,,,,,,,,,,4077.199,4258.612,4587.623,4471.493,4565.875,4716.846,4808.798,4938.957,4999.337,5080.915,5310.159,5553.975,5919.894,6144.338,6615.978,7017.777,7387.737,7857.332,8098.724,8053.944,8515.267,8999.744,9511.583,9901.42,10633.421,10792.674,10578.101,10316.885,10476.733,10374.76,9432.51,9737.669,10448.112,10962.592,11303.785,11615.94,11921.934,12247.961
Nauru,,,,,,,,,,,,,,,,,,,,,,,,,3504.268,3647.138,4438.135,3487.737,4207.143,4541.986,4892.807,5473.584,5980.83,7642.475,9042.836,8974.541,8927.405,8341.682,9197.284,9856.468,9852.935,10221.496,10749.988,11080.884,11401.788,11642.046,11848.772,12069.616
Nepal,447.683,518.837,558.599,550.241,611.033,654.017,682.215,695.48,758.335,803.267,850.716,911.375,944.504,977.05,1051.665,1083.401,1135.071,1188.78,1212.143,1259.63,1342.339,1425.661,1427.429,1491.597,1582.008,1667.06,1754.365,1840.936,1969.574,2055.331,2169.753,2288.249,2505.392,2702.225,2947.316,2996.22,2989.675,3565.198,3863.864,4119.586,4008.174,4210.808,4578.45,4917.395,5230.379,5519.413,5820.895,6137.471
Netherlands,11708.056,12644.386,13181.785,13886.584,14779.698,15587.882,16313.483,16926.444,18202.449,19643.272,21105.294,22178.398,22863.491,23530.074,24590.527,25664.237,26925.575,28440.777,29936.138,31671.12,33528.109,34811.398,35170.473,35727.487,37263.463,39104.386,41633.262,44306.707,46003.861,44383.24,45274.121,46703.305,47341.62,49314.469,49337.709,50418.735,52440.793,55509.264,57839.929,59674.844,57665.272,62841.077,68572.15,71864.299,74722.092,77188.141,79667.633,82228.797
New Zealand,9177.565,10289.109,11152.268,11464.993,12566.965,12995.443,13375.405,13916.241,14354.4,14828.047,15205.777,15112.876,15402.067,16403.102,17452.812,18416.537,19213.985,19763.89,19877.664,20956.492,22209.926,23134.572,24202.636,25237.519,26745.65,28132.842,29493.179,31034.973,31306.681,30816.547,31387.598,32375.689,32731.917,35470.228,36995.438,36978.563,39238.461,40926.4,42571.912,43831.68,42583.354,46585.163,50411.406,52643.024,54266.234,55556.65,57265.602,58950.978
Nicaragua,,,,,,,,,,,,,,,2191.542,2301.356,2425.278,2498.736,2568.927,2733.781,2852.616,2942.882,2950.831,3023.174,3204.088,3377.815,3588.9,3822.515,3977.537,3821.717,3987.382,4196.65,4363.384,4556.328,4897.516,5260.512,5672.494,5995.596,5871.207,5697.323,5679.183,6476.725,7071.048,7366.834,7649.67,7926.905,8219.532,8545.16
Niger,703.176,743.011,779.045,752.12,626.794,674.153,708.405,704.042,755.032,767.904,762.043,759.37,766.141,760.447,764.41,772.684,760.662,758.452,814.103,794.783,774.505,819.176,841.466,845.06,839.172,894.975,941.428,960.495,1015.506,1003.121,1060.719,1066.129,1156.135,1125.268,1138.765,1145.241,1148.283,1163.64,1229.443,1276.008,1288.644,1310.286,1434.72,1526.763,1681.809,1877.107,1974.89,2065.718
Nigeria,,,,,,,,,,,1827.108,1831.238,1866.395,1892.626,1890.287,1917.72,1982.005,2023.373,2045.611,2033.854,2140.44,2276.676,2583.856,2812.939,3109.46,3344.125,3584.371,3847.993,4094.175,4347.296,4765.867,4967.821,5000.032,5225.167,5507.167,5426.346,5234.686,5190.363,5278.214,5352.233,5185.972,5459.178,5852.609,6062.781,6237.996,6389.759,6541.579,6702.159
North Macedonia ,,,,,,,,,,,,,5987.073,5641.884,5629.888,5651.128,5783.505,5943.9,6184.138,6515.113,6938.301,6854.497,7045.762,7327.393,7852.08,8462.94,9149.39,9989.108,10719.709,10728.237,11196.971,11682.801,11908.504,12716.658,13423.774,13884.951,15127.586,15640.295,16460.689,17417.673,16609.981,17986.122,19726.393,20867.178,22171.945,23441.024,24738.762,26112.811
Norway,14799.832,16399.929,17388.862,18733.88,20527.724,22281.107,23564.593,24428.72,25091.697,26269.027,27669.471,29320.707,30878.748,32317.692,34488.53,36494.068,38828.621,41391.411,42692.122,43841.617,45989.375,47803.643,48948.682,50086.825,53167.374,55878.268,58478.914,61205.861,61820.437,60439.47,60773.588,61827.823,65100.984,66742.128,65647.112,60189.92,58735.939,62782.105,64590.319,65829.873,65804.038,70825.024,77807.997,81716.094,85091.102,87689.295,90016.051,92431.487
Oman,8966.601,10608.838,12559.854,14052.162,15478.084,18286.513,17863.849,16541.076,18022.549,18216.51,22617.579,23925.024,25625.402,26914.435,27667.786,28800.346,29448.591,31129.841,31711.805,31687.238,33928.596,35637.659,35207.742,34368.768,35131.958,36456.786,38826.567,40791.861,44029.702,45430.148,45072.565,42936.108,43037.729,41211.821,39151.455,32165.641,29352.964,29758.244,30470.195,30651.462,31312.039,32347.054,35285.602,36160.764,36816.983,37629.765,38125.591,38625.88
Pakistan,982.575,1109.49,1230.732,1327.605,1391.322,1518.719,1604.444,1694.649,1819.69,1932.309,2037.617,2166.561,2286.923,2329.613,2421.288,2533.481,2683.625,2710.623,2770.633,2860.357,2952.838,3016.684,3097.039,3226.728,3492.259,3850.337,4123.307,4390.082,4512.302,4462.212,4536.619,4700.696,4734.753,4839.617,5004.193,5169.631,5048.852,5158.983,5481.843,5641.048,5540.703,5973.108,6469.995,6808.415,7154.309,7501.89,7874.985,8268.05
Palau,,,,,,,,,,,,,,,,,,,,,8121.494,9031.348,9468.873,9329.85,9869.523,10424.742,10791.094,11441.81,11220.785,10763,10951.143,11942.371,12588.162,12815.073,13706.867,14756.112,14880.094,14650.735,15297.111,15310.197,14038.251,11999.034,13652.223,16544.567,17264.24,17939.838,18597.178,19250.546
Panama,3530.806,4120.302,4501.203,4365.3,4540.913,4807.334,4968.989,4893.23,4295.826,4440.309,4878.532,5402.203,5853.293,6188.034,6367.064,6480.341,6941.636,7366.939,7834.886,8088.649,8328.926,8394.157,8545.552,8907.462,9647.299,10466.152,11496.501,12999.766,14298.769,14318.31,15075.964,16845.133,18596.285,20727.235,22827.398,25275.185,27828.763,30510.958,31918.742,32981.812,27007.281,32003.01,36084.791,38523.296,40924.013,43312.96,45817.199,48474.517
Papua New Guinea,1073.961,1157.783,1211.656,1273.723,1278.57,1333.365,1407.528,1504.297,1556.196,1527.773,1470.664,1615.789,1743.436,1971.921,2168.231,2081.361,2201.006,2043.653,2109.321,2125.152,2067.851,2061.169,2040.214,2215.103,2234.119,2346.34,2422.96,2621.605,2603.589,2735.584,2891.523,2830.28,2861.767,2958.748,3350.401,3531.732,3686.166,3809.453,3810.104,3969.251,3796.866,3941.439,4298.95,4524.365,4678.974,4816.049,4955.592,5100.106
Paraguay,3532.89,4099.003,4166.668,4076.023,4215.827,4386.16,4348.264,4494.67,4775.302,5089.742,5497.761,5523.774,5630.589,5927.596,6248.646,6678.64,6769.805,7035.122,6976.767,6838.854,6695.307,6662.316,6641.848,6940.461,7287.516,7546.383,8017.866,8539.554,9120.458,9011.021,9974.114,10455.239,9957.426,10980.329,11355.137,11372.589,11907.055,12433.769,12953.666,12949.326,12818.779,13722.379,14429.657,15323.81,16035.298,16713.987,17407.288,18132.447
Peru,3106.395,3498.006,3613.256,3324.462,3492.968,3595.418,4019.773,4339.669,3981.205,3506.785,3383.268,3504.536,3496.315,3696.212,4162.439,4483.726,4612.329,4911.069,4865.482,4928.288,5097.07,5167.896,5457.518,5719.132,6083.833,6584.916,7210.784,7943.251,8734.713,8787.887,9526.675,10223.399,10553.318,11087.723,11322.272,11407.94,11946.155,12540.71,13211.39,13322.643,11878.875,13879.01,15035.404,15795.284,16504.438,17178.554,17864.903,18581.387
Philippines,1923.011,2123.387,2279.146,2353.472,2205.19,2057.782,2119.381,2210.188,2388.536,2574.82,2689.647,2705.438,2715.082,2774.855,2890.811,3017.068,3094.494,3237.71,3178.223,3260.342,3482.139,3591.678,3704.976,3890.796,4174.122,4431.865,4721.694,5071.932,5298.459,5316.296,5676.845,5919.231,6359.805,6687.843,7045.232,7278.232,7788.953,8199.054,8793.065,9362.552,8451.712,9175.131,10236.565,11051.961,11898.524,12749.633,13652.651,14624.292
Poland,4823.833,4709.823,4715.145,5101.659,5221.256,5552.699,5826.406,6076.879,6491.663,6996.406,6673.87,6399.482,6660.985,7089.929,7604.928,8286.824,8958.366,9751.043,10346.505,10965.004,11814.429,12229.194,12602.942,13309.528,14358.287,15334.59,16784.332,18470.461,19620.352,20294.586,21370.105,22828.03,23745.315,24553.092,25471.41,26855.679,28321.382,30161.551,32532.198,34688.969,34225.518,37786.365,41684.686,44214.694,46799.93,49405.396,52144.56,55047.846
Portugal,6060.95,6808.762,7340.856,7666.796,7830.575,8187.933,8622.255,9512.429,10384.526,11526.063,12925.328,13844.641,14614.734,14840.109,15341.472,15969.164,16768.378,17728.717,18695.574,19588.603,20651.14,21375.592,21756.65,21897.23,22832.434,23688.735,24771.693,26027.642,26573.135,25883.984,26637.945,26769.433,26438.145,27936.013,28742.318,29668.81,31604.416,33086.048,34897.549,36465.952,33754.244,36843.684,40805.194,43010.775,45238.232,47277.846,49248.564,51310.204
Puerto Rico,6926.125,7599.762,7756.649,8026.309,8842.458,9221.032,10073.979,10719.714,11694.645,12613.88,13444.407,14127.392,15006.512,15961.895,16859.792,17857.759,18456.312,19526.55,20851.482,21879.942,22935.174,25617.325,26547.022,27687.386,28989.617,29346.905,29952.588,30583.06,30774.707,30533.316,30928.775,31824.12,32582.631,33172.653,33682.717,34006.721,34300.2,34627.223,35044.467,36201.441,35660.267,37969.364,42759.119,44665.568,45487.712,46420.212,47572.507,49006.779
Qatar,85154.278,82689.716,74834.519,68712.719,77414.379,65756.543,66235.506,65708.248,68447.581,72092.898,54629.367,54629.044,61134.238,61724.335,63855.333,64639.679,67091.41,84382.255,90512.363,91618.666,96566.993,100130.387,105585.059,106790.855,119823.415,116862.39,130946.262,133452.961,118534.339,127888.978,145599.024,163740.318,169698.495,161194.263,143222.077,97846.475,84268.877,91742.857,93869.107,94864.486,96554.44,104667.549,112789.349,121492.707,127930.097,135578.336,143418.053,153366.677
Romania,4954.636,5396.634,5925.432,6500.607,7110.426,7294.83,7580.298,7785.586,7977.958,7781.8,7610.827,6861.461,6427.278,6716.909,7173.888,7893.982,8402.622,8072.989,7809.682,7865.926,8287.497,8927.072,9853.052,10362.292,11808.146,12829.637,14371.653,15922.507,18163.75,17436.51,17079.338,17850.597,18833.963,19746.055,20611.966,21546.568,24197.403,27219.977,29281.844,31244.356,30570.7,33714.955,36621.889,39002.356,41468.184,43820.951,46246.021,48810.491
Russian Federation,,,,,,,,,,,12645.212,12379.64,10805.223,10091.285,8999.021,8818.323,8668.371,8958.217,8588.117,9303.208,10511.652,11346.418,12126.991,13333.081,14727.813,16221.781,18133.156,20228.99,21700.48,20117.852,21271.946,22783.519,24278.842,26044.835,25730.584,24062.479,24104.124,25999.323,27386.15,28495.032,28170.742,30849.944,30012.908,30243.959,31502.921,32529.818,33504.085,34479.194
Rwanda,413.199,447.013,446.237,473.77,541.398,563.907,586.707,579.249,580.986,550.586,560.357,537.86,586.036,572.87,366.844,493.957,567.732,633.834,636.359,601.673,649.532,702.31,787.327,800.913,852.78,940.133,1034.874,1119.338,1228.037,1285.901,1354.862,1463.948,1495.857,1559.408,1719.511,1815.604,1910.119,2005.479,2174.251,2364.085,2263.915,2539.91,2807.56,3036.942,3283.687,3523.796,3729.921,3949.551
Saint Kitts and Nevis,3008.346,3399.786,3849.951,3938.822,4500.743,4974.989,5565.775,6226.697,7166.327,7932.869,8682.452,9139.814,9554.711,10191.614,10835.418,11307.335,12057.887,13022.475,13162.46,13717.331,15204.172,16152.789,16397.127,15836.843,16677.41,18626.118,19564.675,19981.419,22394.096,21538.928,21570.391,22133.192,21039.328,21858.709,23555.356,23424.164,24377.521,25340.706,26369.377,27846.074,23999.82,23856.873,27608.222,29463.493,31168.705,32336.852,33520.845,34754.133
Saint Lucia,2447.949,2778.486,2973.754,3174.079,3502.746,4005.693,4604.755,4835.096,5618.225,6252.709,7053.311,7218.903,7844.981,8022.861,8161.064,8314.083,8573.193,8509.851,9009.007,9273.044,9348.359,9121.866,9230.49,9723.203,10590.27,10752.002,11629.056,12034.263,12713.462,12985.161,13124.599,13907.988,13668.235,14032.142,14220.866,13944.981,14634.208,15236.049,15931.225,16104.397,12896.628,14255.194,16509.029,17907.725,18880.759,19500.381,20048.752,20616.326
Saint Vincent and the Grenadines,1936.697,2183.18,2358.641,2510.714,2719.259,2904.482,3101.705,3177.991,3700.951,3951.669,4263.599,4471.113,4891.393,5180.562,5223.054,5687.952,5846.19,6161.788,6500.915,6723.042,6990.83,7254.21,7717.305,8342.174,8877.125,9352.646,10259.971,10850.213,11093.208,11015.172,10658.941,10801.668,10941.051,11482.471,11891.286,12035.302,13012.279,13030.296,13737.84,14028.914,13432.987,13910.237,15505.353,16974.471,17929.355,18807.041,19673.396,20583.181
Samoa,,,,,,,,,,,,,,,,,,,2654.812,2663.272,2848.412,3111.065,3318.904,3539.339,3723.139,4069.201,4256.914,4364.943,4576.053,4548.585,4685.352,4941.773,4787.002,4809.158,4864.45,5088.86,5524.488,5667.924,5709.253,6036.217,5911.078,5621.958,5935.357,6316.944,6686.435,7016.426,7320.815,7601.971
San Marino,,,,,,,,,,,,,,,,,,,,,,,,,62450.639,65215.65,68918.713,74851.525,75030.331,67001.075,63059.61,58183.641,54797.229,53898.349,55875.218,56137.697,58102.788,59522.01,61532.387,63621.784,59804.784,65319.147,70139.194,72802.706,75333.74,77644.566,79961.441,82361.537
Saudi Arabia,44859.482,47671.836,38212.18,31746.044,29864.029,26466.249,30086.742,27414.106,30571.364,30103.822,34260.79,38793.744,38823.075,38455.712,38550.247,38496.953,39271.755,39422.096,40036.427,38136.457,40207.372,39642.276,38187.662,42278.821,45739.043,48168.242,49362.681,49936.802,52301.702,49863.307,51270.003,55917.976,57284.476,56015.946,56785.549,49637.153,46422.861,48014.585,49189.723,49055.696,46511.677,49386.496,55367.749,57947.196,59799.226,61424.388,63065.884,64797.154
Senegal,1068.832,1196.597,1332.573,1274.009,1329.989,1375.686,1404.204,1480.95,1478.619,1550.907,1552.539,1600.633,1613,1624.757,1609.823,1697.752,1717.224,1751.453,1833.393,1924.869,1997.197,2079.633,2062.611,2166.669,2270.285,2380.73,2446.933,2516.713,2589.582,2606.177,2653.151,2669.517,2739.419,2742.421,2830.697,2971.347,3075.937,3203.906,3388.544,3510.424,3503.628,3767.167,4092.526,4481.105,4916.513,5157.907,5408.028,5583.363
Serbia,,,,,,,,,,,,,,,,,,6137.809,6382.3,5706.668,6308.895,6784.786,7384.195,7882.847,8847.337,10081.588,10966.544,12036.893,13016.825,12793.583,13094.547,13742.302,13929.189,14624.104,14657.076,14932.417,15856.452,16621.467,17880.955,19040.62,19190.174,21636.962,23903.725,25709.035,27505.617,29309.523,31206.415,33231.75
Seychelles,4353.796,4525.571,4678.072,4837.167,5196.682,5865.081,5991.298,6171.149,6703.996,7637.714,8472.574,8881.817,9691.265,10425.98,10115.926,10226.669,11288.267,12732.797,12938.303,13106.253,13849.069,13827.358,13951.85,13380.262,13397.325,14993.292,16560.352,18684.085,18231.028,18075.859,18913.904,20947.836,21565.038,22369.391,24682.865,24812.989,27076.695,28530.625,29816.813,30991.395,28703.564,31999.802,35272.281,38026.383,40549.529,42861.297,45268.157,47818.351
Sierra Leone,782.743,851.982,901.827,901.232,944.219,890.655,889.906,913.67,945.139,1007.111,1045.578,987.937,913.176,939.381,997.447,917.509,701.306,584.801,580.249,530.834,548.509,639.145,785.651,836.253,876.122,908.906,945.769,1021.493,1071.541,1088.093,1134.21,1203.173,1405.478,1746.554,1787.656,1599.215,1678.271,1633.73,1694.124,1777.159,1726.962,1817.943,1957.577,2060.262,2168.005,2277.386,2374.971,2474.41
Singapore,9479.437,10958.813,11927.268,13281.001,14689.878,15039.424,15562.96,17406.203,19547.275,21730.066,23812.874,25527.98,27019.33,30059.251,33054.632,35087.014,36869.616,39283.068,37557.037,39943.662,43775.817,43104.222,45080.22,48774.722,54377.323,58814.973,64054.385,68793.779,67718.301,66212.171,75389.75,80052.391,82064.961,83001.788,84423.191,86974.748,89436.598,95310.334,100686.059,102431.353,99681.18,116487.048,131580.166,140497.102,147916.218,153784.025,159950.228,166379.131
Slovak Republic,,,,,,,,,,,,,,8235.422,8883.255,9729.054,10572.912,11294.56,11867.986,12009.705,12412.962,13154.013,13961,15030.821,16258.119,17875.915,19991.671,22754.902,24470.983,23256.82,24881.266,26111.488,26983.393,28015.76,29011.389,29941.177,29667.553,30900.883,32792.639,34203.008,33061.191,35462.909,38620.426,41717.363,44313.947,46883.034,49131.16,51445.851
Slovenia,,,,,,,,,,,,,11164.713,11808.375,12699.818,13495.917,14232.402,15233.978,15927.321,17069.603,18011.65,18987.545,19920.184,20904.028,22385.231,23950.225,26032.74,28502.656,30070.414,27674.562,28180.946,28968.766,29066.166,29990.243,30883.368,31646.714,33946.557,36680.185,39198.634,40919.23,39377.825,44066.857,48533.937,51390.647,54154.899,56873.904,59637.897,62506.983
Solomon Islands,967.046,1005.145,1015.291,1061.169,1067.263,1034.615,1022.915,1104.666,1126.112,1186.781,1223.607,1303.628,1460.709,1511.583,1622.209,1772.564,1783.246,1747.86,1741.356,1709.648,1458.545,1336.202,1284.231,1358.854,1450.96,1540.921,1627.249,1706.259,1798.896,1814.335,1946.438,2077.498,2099.436,2189.958,2193.875,2187.46,2277.515,2381.014,2468.736,2478.755,2348.592,2389.257,2385.153,2480.381,2562.663,2636.538,2710.265,2785.84
Somalia,,,,,,,,,,,,,,,,,,,,,,,,,,,,,,,,,959.112,869.899,998.331,1160.858,1217.587,1157.545,1197.038,1224.491,1201.301,1241.49,1321.959,1372.24,1418.329,1462.893,1509.085,1558.5
South Africa,,,,,,,,,,,,,,6965.757,7172.054,7390.897,7704.802,7908.406,7915.689,8099.081,8501.654,8767.014,9107.439,9468.952,10057.683,10794.984,11609.53,12397.864,12853.953,12548.362,12885.352,13361.588,13191.404,13590.776,13594.671,13696.845,13737.623,13838.851,14171.492,14235.908,13289.268,14396.028,15361.297,15802.958,16172.028,16483.225,16786.797,17098.885
"South Sudan, Republic of",,,,,,,,,,,,,,,,,,,,,,,,,,,,,,,,3100.981,1341.084,1577.529,1508.249,1361.585,1028.288,888.762,865.585,862.015,791.187,843.491,927.541,980.219,1021.168,1058.925,1095.503,1133.594
Spain,7818.981,8443.629,9028.083,9492.119,9961.993,10482.732,11028.917,11919.08,12963.921,14118.342,15183.471,16050.818,16501.705,16619.134,17323.734,18373.014,19118.207,20146.398,21209.276,22412.988,23877.427,25244.72,25919.409,26721.123,27856.347,29232.419,30877.493,32218.439,32589.799,31300.844,31597.32,31872.363,31724.63,32452.66,33544.355,34938.577,37309.865,39626.469,41328.354,42600.441,38244.467,41838.523,46413.073,49189.464,51762.669,53662.633,55483.78,57331.185
Sri Lanka,1050.493,1195.201,1318.863,1399.604,1531.174,1641.742,1729.379,1780.172,1873.876,1971.274,2149.451,2433.111,2383.213,2594.599,2836.128,3045.826,3455.261,3854.809,3814.69,3958.777,4362.529,4342.901,4538.774,4862.087,5220.161,5673.723,6249.022,6803.652,7294.528,7548.376,8195.166,9007.734,10315.18,10852.064,11256.856,11557.488,12224.216,12584.104,13167.533,13621.75,13223.519,14190.228,15386.766,16196.311,16975.841,17720.535,18474.676,19278.623
Sudan,1080.398,1220.757,1311.509,1305.369,1219.397,1216.063,1326.632,1407.871,1491.207,1532.766,1506.932,1618.311,1696.398,1732.987,1780.308,2049.481,2151.039,2272.988,2437.919,2526.114,2736.932,3024.916,3174.959,3349.056,3523.958,3749.868,4013.696,4248.116,4382.191,4179.545,4281.655,5197.992,3929.483,3934.82,4509.179,4438.092,5569.196,4705.146,4572.485,4408.041,4190.283,4275.1,4441.507,4633.698,4884.273,5189.412,5492.644,5785.799
Suriname,,,,,,,,,,,6984.243,6132.323,6439.982,6352.804,5963.024,6676.672,7470.818,8012.677,8182.739,8103.356,8179.976,8646.568,9001.501,9650.698,10444.035,11171.842,12042.703,12853.172,13456.334,13762.454,14453.214,15363.359,16889.574,17908.844,18301.191,16962.525,14777.806,17879.62,18994.461,19288.281,16291.949,16178.333,17300.216,17986.508,18695.477,19414.994,20149.07,20914.478
Sweden,10531.883,12044.337,12960.234,13739.847,14833.185,15629.109,16371.723,17263.615,18216.384,19278.567,20000.988,20322.842,20478.079,20455.126,21537.57,22799.883,23565.409,24699.072,26034.346,27500.429,29393.065,30400.788,31441.165,32674.808,34868.248,36841.13,39463.037,41605.336,41877.304,39952.65,42498.762,44450.32,45258.806,46098.791,46936.61,48857.878,50061.576,52413.085,54123.643,55656.195,54396.195,58961.909,62926.053,65966.807,68523.19,70763.415,73060.308,75460.126
Switzerland,18131.494,20067.437,20875.694,21690.19,23130.178,24652.607,25485.661,26367.66,27973.356,30125.615,32145.472,32547.325,32797.541,33194.376,34035.576,34698.722,35315.549,36628.318,38082.844,39113.709,41396.994,42822.11,43155.207,43623.692,45660.224,48102.24,51336.845,54499.663,56386.925,54796.435,56612.086,58268.404,60269.914,62653.277,64508.424,66395.113,68457.674,69846.969,73062.748,74756.448,73231.455,78529.709,84658.442,87763.803,90861.413,93138.227,95960.328,98302.032
Syria,2072.763,2378.846,2507.484,2562.092,2402.08,2570.812,2417.78,2426.257,2738.951,2586.98,2863.245,3182.208,3581.412,3829.845,4019.206,4216.533,4313.921,4238.443,4418.161,4235.652,4318.248,4456.602,4661.696,4523.639,4815.538,5107.023,5396.288,5714.742,5937.644,6175.688,6374.064,,,,,,,,,,,,,,,,,
São Tomé and Príncipe,1559.222,1500.361,1606.943,1568.008,1489.013,1635.296,1529.63,1479.752,1519.386,1581.863,1561.054,1587.673,1588.232,1624.631,1664.304,1701.131,1725.862,1740.738,1771.723,1808.71,1825.271,1879.442,1918.064,2041.97,2128.252,2293.338,2511.529,2588.604,2792.517,2811.267,2965.511,3089.646,3041.828,3409.17,3911.894,3904.929,3952.145,3975.025,4092.893,4178.253,4255.699,4412.332,4681.44,4848.998,5033.7,5217.823,5208.632,5414.309
Taiwan Province of China,3446.189,3967.229,4338.255,4843.05,5441.392,5808.781,6541.777,7475.605,8264.09,9243.556,9999.434,11091.867,12171.167,13186.409,14353.832,15475.934,16602.114,17731.284,18526.532,19903.696,21460.875,21512.344,22927.291,24277.209,26562.487,28767.258,31220.651,34138.84,34951.775,34484.556,38404.269,40532.641,41741.269,43435.454,45494.282,46910.952,47272.281,48500.845,51005.031,53476.035,56037.844,62526.794,68729.509,72876.834,76317.421,79514.396,82775.299,86186.378
Tajikistan,,,,,,,,,,,,,1462.803,1322.413,1055.304,932.654,897.539,914.63,954.905,975.225,1062.493,1176.257,1278.928,1408.964,1567.736,1689.657,1824.75,1977.353,2127.672,2176.264,2293.764,2458.602,2708.847,3004.451,3303.956,2958.106,3089.443,3237.941,3494.449,3744.206,3879.177,4329.23,4629.918,4848.514,5077.94,5299.606,5529.271,5772.603
Tanzania,580.085,618.702,640.681,660.931,686.888,718.863,758.51,798.946,837.991,876.509,942.781,962.302,956.763,958.338,962.884,988.761,1025.122,1053.66,1080.672,1122.297,1174.979,1240.673,1314.009,1392.684,1499.033,1613.766,1692.739,1833.132,1918.041,1976.619,2066.521,2210.068,2099.43,2194.768,2243.354,2348.069,2478.806,2527.809,2687.04,2840.419,2925.615,3103.812,3358.284,3534.987,3723.44,3906.068,4100.639,4303.002
Thailand,1576.137,1791.226,1965.897,2117.434,2278.401,2415.509,2553.72,2814.675,3244.263,3722.863,4251.167,4708.106,5207.217,5740.799,6274.513,6857.318,7296.215,7132.67,6582.423,6900.44,7294.585,7644.604,8172.984,8866.931,9611.27,10261.335,11036.589,11884.186,12256.485,12188.321,13196.814,13519.129,14870.976,15407.665,15480.211,15822.371,16616.195,17422.952,18533.932,19216.85,18197.922,19209.587,21057.275,22587.12,23999.373,25288.915,26603.106,27951.464
Timor-Leste,,,,,,,,,,,,,,,,,,,,,1231.604,1446.387,1351.256,1327.222,1345.51,1403.314,1359.833,1507.253,1671.971,1801.548,1939.065,2060.248,2345.545,2483.175,2721.042,2912.736,3130.591,3177.485,3168.043,3779.737,4174.477,4052.723,3339.202,3445.691,3504.586,3597.075,3690.197,3809.892
Togo,997.27,1020.103,1006.116,955.124,1009.812,1043.212,1062.957,1028.935,1138.393,1197.693,1282.41,1287.698,1248.027,1047.05,1191.306,1419.383,1350.28,1382.214,1322.936,1333.062,1310.575,1314.217,1349.963,1432.298,1419.805,1360.156,1401.511,1384.566,1429.05,1477.23,1543.984,1632.628,1655.51,1720.574,1792.303,1885.301,1954.215,2012.241,2110.383,2210.778,2221.738,2373.326,2599.138,2774.451,2954.374,3133.327,3320.427,3519.301
Tonga,723.103,897.474,1069.156,1163.025,1718.225,1881.668,2099.526,2182.327,2169.354,2267.886,2451.094,2667.466,2611.545,2658.462,2776.535,3049.333,3097.598,3125.753,3220.537,3327.169,3516.174,3632.892,3839.526,3901.399,3914.454,4003.887,4020.296,4009.172,4269.647,4063.607,4135.318,4488.443,4608.493,4728.634,4940.191,5074.688,5517.673,5813.063,5977.414,6136.58,6259.049,6481.54,6783.118,7206.47,7612.902,7975.914,8286.224,8610.08
Trinidad and Tobago,6974.788,7859.2,8522.384,7817.905,7521.807,7343.271,7165.361,6942.227,6850.161,7009.021,7331.111,7764.162,8689.03,8786.278,9250.025,9767.256,10627.347,11602.717,12667.884,13852.818,15105.728,15960.938,17293.115,19982.323,21910.46,23811.916,27897.456,29735.862,31159.103,29700.04,30928.228,31320.799,30084.919,30088.486,29727.24,27651.728,26374.641,27277.878,27616.845,27959.539,26125.123,26802.121,29884.003,31534.12,33239.926,34124.292,34979.476,35876.776
Tunisia,2242.571,2519.313,2598.804,2761.15,2990.032,3155.301,3053.313,3268.593,3329.604,3486.606,3756.898,3955.853,4275.79,4392.794,4560.251,4697.704,5033.179,5339.191,5598.5,5953.602,6287.793,6614.54,6752.224,7154.624,7744.094,8195.968,8810.261,9559.865,10049.474,10308.284,10678.623,10556.817,10692.256,10709.667,10944.959,10735.106,10897.887,11138.348,11567.508,11826.644,10741.84,11423.789,12299.682,,,,,
Turkey,3516.261,3926.528,4214.957,4486.247,4857.894,5116.463,5471.033,6051.131,6280.292,6427.173,7159.251,7344.767,7831.631,8523.369,8101.209,8729.416,9368.681,10096.034,10376.778,10035.022,10819.359,10288.123,10988.38,11712.504,13045.27,14483.143,15768.293,16804.886,17041.96,16089.087,17376.351,19459.771,20504.429,22221.39,23945.523,25691.067,26513.617,28242.491,29345.629,29719.191,30448.713,34755.241,37488.16,39331.716,41318.138,43097.452,44935.425,46859.849
Turkmenistan,,,,,,,,,,,,,4329.611,3949.124,3251.311,3012.444,2808.639,2494.299,2655.062,3098.535,3714.305,4521.846,5260.494,6216.691,7245.322,8356.309,9451.864,10654.959,12310.455,12986.989,15033.512,17027.433,17095.776,16673.23,17210.396,16849.51,16037.679,17511.847,17899.994,17101.762,16457.775,17720.986,18856.742,19647.753,20274.857,20830.884,21356.031,21916.83
Tuvalu,,,,,,,,,,,,,,,,,,,,,,,2742.358,2697.715,2683.185,2629.7,2711.109,2938.706,3151.425,2955.227,2879.748,3120.356,3008.525,3186.26,3287.138,3617.296,3812.067,4103.838,4251.701,4909.071,4998.701,5317.522,5798.16,6157.235,6535.667,6896.2,7263.722,7637.38
Uganda,525.467,579.697,646.292,683.203,665.077,643.571,639.78,657.463,710.374,757.219,807.203,820.201,860.076,908.411,967.36,1044.956,1097.758,1131.851,1177.402,1248.504,1284.129,1383.35,1455.537,1520.847,1596.737,1752.674,1870.077,2005.754,2180.63,2293.692,2415.549,2569.511,2372.961,2395.126,2440.641,2405.011,2359.139,2383.251,2500.489,2671.997,2574.596,2736.069,2960.521,3151.707,3325.001,3544.068,3729.479,3888.488
Ukraine,,,,,,,,,,,,6947.912,6382.709,5622.957,4463.723,4034.854,3732.647,3714.531,3716.856,3794.609,4147.652,4654.744,5021.326,5651.901,6535.504,7001.631,7813.605,8734.185,9142.82,7842.853,8295.96,8959.21,9388.766,10749.363,10804.267,10224.946,11215.911,11942.821,12724.967,13447.358,13196.407,14325.239,,,,,,
United Arab Emirates,89074.08,96707.295,89599.711,85304.257,85269.509,81397.857,64243.652,66551.378,56221.3,65073.255,84138.778,84998.104,85904.503,84876.479,86936.838,87498.064,92628.977,96853.918,89871.072,88352.109,102780.872,100665.087,99074.254,103680.038,110145.349,109107.286,101203.912,86479.413,70073.846,65805.589,67133.971,72143.637,74088.15,74733.86,77094.162,67253.732,65650.718,68504.474,70501.536,73141.899,71139.081,73574.962,78255.046,82023.732,85981.978,89816.302,93869.375,98317.185
United Kingdom,9085.061,9870.745,10699.929,11580.588,12247.193,13121.882,13776.71,14847.763,16200.444,17198.638,17904.835,18226.777,18653.131,19509.927,20624.634,21511.076,22383.253,23825.533,24785.191,25793.784,27253.053,28335.404,29262.789,30604.77,31998.662,33598.482,35288.404,36767.171,37077.088,35479.046,36379.238,37363.815,38511.147,40232.72,41584.048,42928.485,44606.06,46553.491,48163.69,49575.598,45329.054,50388.334,55300.908,57393.882,59418.995,61764.334,63905.461,65918.607
United States,12552.943,13948.701,14404.994,15513.679,17086.441,18199.32,19034.766,20000.968,21375.999,22814.077,23847.977,24302.776,25392.931,26364.192,27674.021,28671.48,29946.973,31440.087,32833.666,34496.241,36312.782,37101.453,37945.761,39405.354,41641.617,44034.256,46216.853,47943.353,48470.553,47102.428,48586.288,50008.108,51736.738,53245.516,55083.507,56729.681,57839.992,59885.714,62769.664,65051.88,63078.471,69231.4,76027.043,79709.604,82434.441,85110.466,87818.196,90627.571
Uruguay,4617.822,5115.591,4892.64,4885.966,4975.19,5175.332,5714.827,6285.429,6563.672,6858.26,7096.864,7552.584,8287.667,8657.608,9397.455,9396.88,10040.335,10665.006,11183.402,11042.637,11030.097,10837.477,10169.979,10480.138,11289.782,12471.645,13360.891,14616.154,15945.179,16653.947,18069.707,19306.763,19489.132,20475.344,21491.934,21614.465,22092.545,22637.313,23203.971,23617.162,22361.661,24233.22,26662.558,28192.478,29572.331,30837.869,32040.211,33295.124
Uzbekistan,,,,,,,,,,,,,2394.344,2340.711,2222.666,2208.478,2243.573,2326.836,2417.339,2520.201,2685.646,2823.965,2946.749,3092.684,3373.623,3678.067,4030.788,4473.303,4894.436,5235.602,5579.569,5888.157,6106.886,6355.118,6551.283,6739.703,6855.585,6897.807,7318.613,7733.084,7821.097,8585.073,9243.079,9795.996,10329.148,10898.467,11493.118,12125.748
Vanuatu,944.044,1042.318,1091.934,1141.016,1255.557,1259.765,1246.294,1222.566,1209.905,1267.885,1449.334,1514.798,1558.399,1576.37,1678.721,1687.278,1713.626,1782.368,1777.411,1763.289,1867.387,1803.358,1697.456,1763.878,1841.106,1954.622,2136.281,2206.358,2321.23,2356.148,2356.997,2425.718,2439.926,2438.089,2503.995,2481.245,2586.434,2739.021,2820.913,2897.796,2682.335,2715.572,2850.587,2934.567,3010.116,3083.704,3130.449,3174.753
Venezuela,7947.413,8332.046,8818.81,8034.167,8519.784,8624.837,9221.621,9660.912,10392.473,9074.979,9699.678,10744.449,11387.292,11426.533,11145.897,11574.827,11515.738,12208.997,12139.928,11348.984,11638.601,12101.976,11020.349,10200.466,12194.137,13658.037,15231.41,16753.767,17706.212,16992.963,16692.632,17493.729,18553.419,18861.611,18209.227,17014.178,14212.889,12321.887,10680.642,7342.593,5176.852,5381.316,5949.033,6307.881,,,,
Vietnam,538.174,610.507,687.514,750.868,827.458,884.377,913.951,939.154,1002.546,1101.037,1151.216,1236.333,1350.267,1468.308,1604.954,1765.743,1934.81,2095.661,2207.278,2310.315,2489.261,2684.52,2881.255,3124.414,3426.502,3765.771,4114.332,4484.274,4782.897,5023.933,5357.054,5826.158,6400.242,6762.711,7281.166,7635.282,8316.211,9085.612,9867.432,10559.323,10897.029,11533.882,12880.717,14103.587,15338.212,16606.065,17953.957,19403.551
West Bank and Gaza,,,,,,,,,,,,,,,2143.911,2187.665,2128.272,2346.591,2629.551,2799.045,2539.453,2291.008,1981.383,2241.612,2729.918,3043.467,3016.788,3123.008,3328.424,3543.639,3697.884,4035.484,4720.42,4825.991,5192.039,5612.253,5944.744,6025.007,6089.409,6127.942,5365.646,5781.664,6243.442,6505.263,6673.575,6798.257,6923.05,7054.75
Yemen,,,,,,,,,,,2002.121,2100.021,2208.362,2235.159,2324.355,2404.847,2470.661,2561.001,2666.219,2728.064,2880.032,2971.257,3048.612,3135.31,3254.566,3446.883,3565.829,3681.616,3783.873,3848.868,4082.86,3540.961,3429.987,3626.62,3593.329,2548.239,2275.993,2149.652,2166.575,2185.958,1979.726,1977.257,2077.661,2148.388,2307.981,2459.078,2606.841,2752.147
Zambia,1321.438,1493.246,1491.454,1485.507,1467.548,1487.632,1498.397,1513.022,1661.459,1613.968,1613.941,1608.158,1629.967,1620.321,1392.281,1425.362,1501.483,1543.079,1512.601,1562.423,1616.807,1696.887,1755.882,1866.959,1999.396,2152.916,2329.387,2519.512,2688.107,2868.811,3108.172,3249.598,3348.124,3503.855,3467.109,3360.018,3332.669,3407.306,3520.21,3526.107,3366.139,3549.216,3776.372,3913.486,4048.029,4179.775,4322.937,4489.477
Zimbabwe,,,,,,,,,,,,,,,,,,,2440.665,2454.245,2410.034,2459.457,2311.499,1973.28,1884.626,1784.419,1747.477,1729.349,1465.085,1569.285,1883.804,2174.895,2385.894,2545.906,2576.737,2643.158,2668.326,2311.529,2444.065,2293.622,2157.234,2342.561,2523.028,2620.071,2713.807,2802.873,2893.849,2985.293
Africa (Region),1870.808,1976.933,2096.453,2144.386,2219.352,2284.967,2300.483,2311.294,2411.12,2517.727,2450.907,2511.641,2495.746,2502.875,2546.709,2602.547,2712.392,2773.43,2837.15,2894.5,2995.811,3111.434,3230.919,3373.687,3571.941,3808.824,4050.684,4303.344,4451.32,4500.543,4692.438,4732.588,4854.882,4924.627,4986.541,4991.715,5000.762,5016.849,5182.536,5316.093,5133.106,5494.425,5921.875,6198.463,6460.245,6716.37,6974.287,7251.236
Asia and Pacific,1177.393,1331.013,1444.413,1553.202,1680.605,1804.525,1902.762,2037.847,2232.339,2401.837,2584.786,2755.644,2943.26,3112.672,3295.617,3524.239,3762.767,3947.386,3935.941,4110.079,4383.3,4585.558,4810.248,5138.047,5573.89,6093.646,6684.856,7362.11,7778.368,8045.961,8725.906,9368.554,10010.567,10531.388,10910.129,11245.392,11622.394,12162.607,12987.474,13646.807,13555.153,15043.375,16624.042,17849.552,19045.768,20229.124,21451.164,22730.018
Australia and New Zealand,10268.833,11520.66,12110.361,12381.03,13489.112,14387.569,14815.075,15637.93,16517.825,17606.79,18254.951,18407.983,19065.331,20126.289,21349.631,22210.465,23243.783,24408.71,25423.651,26631.743,27821.931,28861.633,30187.561,31365.534,33170.719,34792.682,36273.827,38173.036,38991.28,39169.787,40029.877,41366.954,41261.997,44751.161,45385.987,44832.682,46621.001,48216.347,49961.585,51132.8,50257.142,54773.911,60026.518,62606.954,64732.578,66680.499,68833.812,71116.269
Caribbean,2841.172,3120.287,3277.803,3281.656,3350.837,3403.799,3538.171,3650.372,3729.238,3886.654,4127.824,4227.134,4355.849,4385.416,4367.447,4611.303,4820.251,5001.212,5133.759,5326.44,5540.356,5685.14,5860.412,6237.049,6522.155,6870.337,7438.045,7819.73,8014.598,7825.885,7822.684,8045.769,7997.04,8193.045,8226.408,8041.016,8073.171,8396.496,8644.198,8730.928,8202.209,8713.565,9957.385,10952.254,11410.85,11776.777,12134.834,12500.439
Central America,2478.565,2680.745,2726.787,2777.347,2878.396,2915.165,2966.737,3107.65,3176.591,3344.363,3442.498,3586.664,3865.382,4093.372,3996.829,4170.769,4316.978,4542.07,4742.384,4905.239,5107.431,5231.83,5393.812,5510.6,5766.049,6164.519,6688.376,7228.839,7565.964,7484.185,7836.192,8256.542,8554.88,8989.929,9611.5,10349.148,11040.873,11607.311,12167.948,12609.342,11672.612,13307.83,14618.815,15443.243,16233.213,16994.602,17781.678,18611.771
Central Asia and the Caucasus,3516.261,3926.528,4214.957,4486.247,4857.894,5116.463,5471.033,6051.131,6280.292,6427.173,7159.251,7344.767,5601.736,5742.419,5418.331,5653.988,6009.715,6431.414,6621.712,6561.764,7135.689,7116.383,6869.641,7376.805,8175.098,9117.495,10076.809,10946.811,11302.551,11044.066,11870.82,12985.675,13710.253,14758.867,15569.43,15996.057,16341.947,17229.231,17820.108,18204.259,18270.548,23845.978,25658.432,26959.39,28302.189,29534.897,30758.831,32040.467
East Asia,1331.658,1507.11,1651.558,1793.616,1973.362,2152.694,2286.708,2482.591,2746.12,2954.452,3176.913,3432.75,3659.701,3884.893,4157.878,4465.704,4779.586,5049.402,5166.559,5424.732,5838.547,6173.053,6549.154,7024.189,7650.695,8404.182,9301.821,10371.952,11088.146,11548.676,12642.099,13669.927,14644.878,15493.43,16071.949,16651.087,17109.872,17855.208,19154.777,20293.378,20683.684,22983.774,25374.725,27315.605,29183.411,31036.17,32975.562,35023.526
Eastern Europe ,5030.495,5303.836,5611.953,6039.551,6394.396,6666.469,6980.074,7297.895,7646.702,7932.129,7668.5,7110.907,8675.356,8250.646,7672.375,7902.806,7926.756,8158.977,8150.529,8594.642,9456.508,10153.346,10819.761,11757.747,12981.113,14208.388,15791.586,17496.948,18732.622,17682.277,18532.819,19755.138,20806.612,22181.837,22516.19,22054.216,22815.987,24556.625,26094.793,27419.51,26960.259,29610.607,32871.142,34103.688,35888.413,37496.202,39084.399,40729.577
Europe,9347.351,10190.713,10861.475,11482.298,12174.469,12846.279,13427.194,14124.184,15149.716,16213.446,17108.386,17754.285,15325.714,15280.949,15566.679,16058.629,16471.821,17093.77,17644.327,18453.378,19729.073,20714.526,21418.672,22300.199,23665.239,25051.589,26882.123,28669.775,29597.489,28284.882,29302.026,30549.634,31335.861,32718.13,33486.497,33938.428,35623.803,37703.003,39446.576,40895.682,39045.974,42900.356,47905.982,50136.816,52351.609,54351.564,56310.062,58279.497
Middle East (Region),12565.717,13236.584,12733.277,12396.459,12107.46,11767.609,11575.379,11410.385,11644.464,12122.552,12330.302,13571.385,14280.792,14414.615,14354.493,14662.308,15201.483,15569.761,15838.553,15714.631,16767.298,16929.351,17215.997,16838.891,18469.925,19418.627,20566.837,21580.127,22249.746,21925.192,22818.003,26054.781,26059.77,25781.451,25312.869,21743.816,21297.593,22376.195,22771.9,22977.717,21956.557,23311.667,25671.895,26878.901,27866.451,28782.338,29701.025,30680.017
North Africa,3747.134,3779.67,4107.149,4282.05,4440.76,4672.913,4633.901,4572.052,4755.134,5028.53,5307.862,5594.269,5614.49,5591.038,5766.527,5771.862,6068.386,6224.9,6528.876,6764.167,7081.784,7342.44,7568.972,8038.439,8481.096,9090.693,9704.159,10351.551,10557.311,10724.679,11103.002,10565.29,11444.597,11201.789,10709.035,10838.427,10632.081,10591.553,11115.512,11586.122,11211.445,12298.24,13411.131,14175.577,14893.598,15615.598,16368.101,17178.691
North America,11065.469,12344.206,12710.121,13493.859,14741.273,15627.254,16175.805,16926.586,17994.067,19137.569,20000.834,20419.955,21276.719,22072.541,23176.192,23772.373,24838.321,26118.987,27275.321,28595.474,30137.063,30766.354,31414.156,32524.881,34316.288,36193.853,37995.278,39378.203,39815.821,38513.703,39745.504,40961.514,42294.782,43473.791,44953.136,46008.557,47123.796,48747.778,50951.415,52546.776,50600.014,55339.007,60571.916,63449.631,65570.686,67637.797,69733.419,71907.471
Pacific Islands ,1305.156,1430.593,1487.801,1525.067,1599.223,1625.313,1717.969,1767.408,1835.627,1903.081,1915.291,2023.348,2154.425,2351.384,2547.192,2516,2643.59,2506.222,2565.021,2635.1,2579.127,2590.631,2599.881,2751.173,2827.746,2931.08,3030.826,3190.795,3204.237,3282.313,3422.029,3407.334,3463.812,3601.276,3988.91,4216.454,4363.571,4530.895,4593.507,4725.338,4392.479,4492.112,4900.811,5196.612,5421.823,5607.307,5779.853,5958.464
South America,4619.525,4817.21,4980.061,4916.558,5206.08,5471.552,5864.705,6120.618,6276.845,6365.795,6347.145,6683.139,6907.15,7263.631,7646.696,7960.449,8140.487,8543.903,8612.015,8489.541,8815.491,8964.221,8982.369,9221.728,10025.331,10736.71,11554.812,12519.805,13244.891,13043.028,13904.842,14734.995,14995.224,15567.931,15685.009,15128.368,14847.494,15390.666,15693.524,15698.033,14656.692,16240.519,17536.823,18319.441,19099.856,19790.042,20493.397,21125.417
South Asia,578.651,655.662,707.919,766.781,807.394,860.212,900.298,939.02,1030.031,1105.209,1181.593,1223.728,1291.416,1351.391,1436.4,1536.486,1646.765,1708.274,1786.487,1909.603,1997.41,2092.957,2168.949,2331.391,2533.632,2800.245,3084.982,3398.098,3549.037,3767.594,4096.036,4385.424,4721.653,4912.59,5099.313,5321.112,5630.145,5948.192,6406.761,6701.425,6344.859,7081.641,7999.484,8684.727,9393.797,10127.376,10872.132,11643.307
Southeast Asia,1442.882,1646.895,1781.87,1897.931,2015.165,2103.34,2205.807,2315.281,2544.515,2826.819,3098.932,3374.868,3616.386,3918.136,4234.374,4585.462,4918.226,5121.371,4353.904,4491.947,4801.37,4993.867,5254.263,5591.544,6030.05,6488.787,7001.169,7567.965,8003.748,8140.692,8731.605,9236.819,9928.089,10291.364,10606.213,10731.864,11164.25,11740.501,12525.247,13199.571,12786.587,13598.327,15048.873,16216.131,17348.606,18441.282,19580.465,20777.928
Sub-Saharan Africa (Region) ,1283.053,1411.844,1466.521,1475.876,1527.459,1542.09,1576.07,1613.026,1687.934,1747.549,1780.738,1795.005,1779.73,1796.426,1815.512,1885.003,1958.357,2004.792,2037.377,2062.837,2128.494,2221.779,2327.57,2414.274,2572.479,2743.413,2920.633,3106.68,3251.634,3286.258,3450.931,3614.229,3599.139,3735.717,3908.894,3896.69,3953.232,3975.219,4083.415,4165.128,4030.742,4271.481,4588.534,4791.783,4987.551,5176.69,5364.724,5567.283
Western Europe,10295.246,11266.779,12022.311,12693.874,13466.806,14232.463,14876.671,15661.675,16837.035,18070.197,19219.845,20119.946,20730.19,21091.719,22055.617,23019.894,23809.621,24901.408,25896.645,26967.421,28540.256,29694.434,30332.333,31080.672,32481.327,33906.805,35862.305,37643.611,38248.617,36678.22,37775.256,38993.323,39538.224,40897.465,41967.638,43080.525,45424.664,47713.94,49558.121,51048.08,48094.929,52793.617,57605.405,60439.296,62887.498,65095.036,67245.646,69377.265
Western Hemisphere (Region),7985.605,8751.005,9001.042,9379.521,10147.157,10712.628,11148.124,11637.072,12247.123,12874.169,13282.694,13633.936,14173.742,14731.526,15375.557,15808.823,16401.157,17222.654,17835.091,18449.23,19359.789,19729.273,20058.749,20716.237,21959.398,23217.142,24495.779,25627.748,26167.306,25409.628,26393.238,27363.056,28139.886,28983.105,29791.016,30100.801,30563.651,31627.02,32884.39,33675.085,32183.297,35286.033,38510.884,40314.653,41727.355,43064.333,44419.236,45732.24
ASEAN-5,1389.779,1582.646,1709.872,1817.434,1925.05,1976.505,2079.821,2218.999,2439.651,2713.041,2976.918,3247.012,3482.394,3771.213,4072.431,4416.875,4742.142,4928.982,4494.781,4623.276,4934.316,5137.748,5403.064,5742.836,6164.122,6608.358,7095.719,7645.095,8102.337,8248.527,8805.567,9297.917,10003.973,10374.871,10690.587,10801.985,11264.635,11838.101,12637.161,13335.886,12883.908,13756.593,15249.368,16474.896,17668.179,18822.197,20024.59,21286.195
Advanced economies,10225.297,11326.511,11967.118,12750.125,13768.581,14646.006,15340.412,16220.277,17478.388,18749.34,19873.116,20672.679,21371.403,21888.65,22939.436,23768.481,24779.919,25927.261,26776.553,27954.739,29565.817,30506.187,31288.12,32347.717,34091.379,35916.479,37909.215,39721.582,40329.906,38989.965,40479.083,41805.257,42878.804,44423.121,45655.993,46919.643,48437.171,50412.11,52573.246,54230.893,52147.009,57052.447,62442.26,65653.148,68215.285,70601.965,72968.618,75384.702
Emerging and Developing Asia,556.944,633.429,692.866,755.957,824.712,893.907,948.998,1019.767,1132.805,1228.195,1325.676,1429.61,1564.14,1716.695,1886.029,2065.088,2244.718,2386.745,2406.571,2562.554,2754.693,2947.82,3152.847,3440.414,3785.996,4217.035,4730.331,5340.598,5775.253,6187.597,6796.11,7406.009,8056.478,8501.575,8863.923,9140.383,9561.877,10079.09,10895.606,11582.064,11541.264,12807.994,14257.759,15425.013,16604.394,17789.487,19021.699,20313.385
Emerging and Developing Europe,4484.133,4801.73,5097.32,5462.137,5817.358,6078.514,6402.106,6815.85,7112.974,7338.412,7465.983,7204.877,8547.427,8299.082,7710.635,7825.791,7903.81,8198.854,8213.842,8534.877,9372.522,9841.303,10500.904,11381.256,12603.232,13818.479,15295.75,16820.687,17867.665,16889.121,17812.47,19197.961,20260.2,21698.257,22252.608,22164.507,22894.339,24591.937,26004.619,27097.499,26959.268,29947.031,33100.287,34369.223,36136.753,37721.396,39319.319,40979.088
Emerging market and developing economies,1603.442,1743.583,1824.072,1879.528,1979.674,2068.802,2146.634,2231.553,2358.911,2480.421,2591.146,2735.925,3216.325,3316.534,3412.114,3554.293,3733.977,3912.616,3942.641,4066.753,4331.979,4521.851,4713.162,5044.636,5503.352,5992.345,6570.283,7206.66,7642.857,7777.824,8334.501,8917.399,9396.416,9791.465,10053.049,10032.768,10282.571,10756.387,11376.884,11853.858,11602.765,12797.092,13966.637,14853.668,15747.728,16619.131,17511.318,18435.814
European Union,9230.123,10059.847,10705.135,11281.299,11958.107,12579.677,13141.484,13783.45,14763.843,15825.603,16735.097,17430.544,17706.651,17795.318,18626.304,19296.348,20007.18,20854.342,21695.261,22596.384,23980.326,25039.151,25694.221,26406.334,27761.479,29121.259,31031.247,32822.683,33646.343,32343.245,33369.747,34623.113,35093.063,36294.289,37331.184,38491.346,40855.784,43182.991,45123.693,46749.027,44417.625,48749.645,53201.23,56094.178,58628.52,60881.824,63105.367,65367.104
Latin America and the Caribbean,4672.599,5022.895,5188.236,5119.938,5397.411,5632.335,5863.742,6085.594,6242.703,6415.5,6529.213,6876.096,7129.964,7458.58,7785.116,7899.364,8176.755,8622.72,8795.488,8793.318,9179.785,9306.906,9340.897,9577.121,10293.972,10937.544,11737.301,12562.725,13141.584,12795.584,13558.482,14302.315,14632.258,15108.23,15383.022,15120.946,15204.166,15735.743,16142.641,16213.519,15073.975,16624.5,17968.475,18811.992,19586.156,20288.763,21006.728,21685.543
Major advanced economies (G7),11065.061,12272.266,12942.023,13820.367,14956.075,15928.598,16656.197,17571.254,18929.431,20272.566,21430.734,22219.582,23025.436,23658.472,24721.969,25704.978,26730.207,27884.978,28822.179,29972.364,31602.131,32507.433,33199.618,34280.724,36010.251,37852.596,39797.021,41465.819,41992.356,40477.022,41942.544,43285.029,44501.122,46054.854,47347.657,48541.722,49956.996,51865.844,54021.689,55692.394,53378.545,58332.606,63844.812,67012.227,69431.002,71755.293,74045.431,76373.955
Middle East and Central Asia,5087.916,5342.2,5368.494,5378.214,5373.6,5405.41,5386.525,5347.52,5526.942,5802.54,6167.978,6694.758,6450.643,6441.454,6503.533,6630.24,6913.153,7091.443,7287.651,7369.232,7810.389,8029.153,8023.731,8520.707,9269.693,9911.433,10626.465,11304.352,11662.428,11619.333,12078.628,12811.216,12833.717,12792.206,12658.157,11588.435,11367.598,11680.837,12014.378,12254.586,11777.766,13010.898,14194.676,14900.559,15531.343,16142.568,16759.634,17416.479
Other advanced economies,6775.978,7619.282,8144.778,8678.91,9478.659,10101.341,10759.161,11604.136,12513.963,13456.217,14386.712,15211.385,15980.729,16853.125,18065.405,18826.477,19888.237,20981.024,21225.566,22527.538,24174.983,25086.587,26297.354,27399.557,29432.519,31420.253,33673.841,36055.257,37016.793,36590.378,38903.434,40720.744,41685.169,43420.249,44537.416,45707.98,47197.104,49155.078,51354.956,52944.005,52293.893,57258.5,62547.954,66062.569,69092.787,71815.372,74589.366,77447.485
Sub-Saharan Africa,1297.472,1425.463,1477.569,1488.009,1549.731,1565.557,1594.002,1627.755,1701.934,1762.769,1791.515,1799.073,1778.237,1793.426,1811.537,1869.597,1941.332,1984.928,2011.258,2033.409,2092.92,2177.017,2281.111,2363.079,2520.562,2688.282,2858.174,3042.989,3189.235,3236.274,3404.613,3547.285,3580.53,3721.618,3880.564,3870.641,3879.958,3936.968,4054.304,4145.201,4014.363,4261.377,4583.672,4786.614,4978.044,5160.969,5343.391,5541.153
