"GDP, current prices (Purchasing power parity; billions of international dollars)",1980,1981,1982,1983,1984,1985,1986,1987,1988,1989,1990,1991,1992,1993,1994,1995,1996,1997,1998,1999,2000,2001,2002,2003,2004,2005,2006,2007,2008,2009,2010,2011,2012,2013,2014,2015,2016,2017,2018,2019,2020,2021,2022,2023,2024,2025,2026,2027
Afghanistan,,,,,,,,,,,,,,,,,,,,,,,19.661,21.792,22.527,25.982,28.22,32.848,34.772,42.198,46.309,50.334,59.945,63.784,69.444,72.056,70.098,74.712,77.406,81.873,80.912,,,,,,,
Albania,5.759,6.663,7.28,7.649,8.083,8.214,8.848,8.994,9.181,10.476,9.782,7.281,6.911,7.754,8.664,9.633,10.702,9.697,10.672,12.217,13.362,14.796,15.708,16.904,18.315,19.933,21.761,23.686,25.951,26.994,28.331,29.655,30.53,30.604,32.529,33.595,34.736,37.609,40.055,41.623,40.658,45.965,49.827,52.76,55.896,58.982,62.187,65.577
Algeria,89.746,101.183,114.311,125.202,136.986,149.231,151.931,154.599,157.01,170.999,178.817,182.647,189.798,190.211,192.526,204.126,215.762,221.897,235.839,246.815,261.998,275.938,295.932,323.5,346.468,378.416,396.663,421.124,439.329,449.362,471.208,494.947,497.33,497.988,506.135,477.358,471.382,485.802,503.376,516.48,497.091,538.424,586.175,618.272,644.168,669.027,693.444,720.021
Andorra,,,,,,,,,,,,,,,,,,,,,2.221,2.456,2.607,2.89,3.209,3.488,3.769,3.931,3.783,3.606,3.577,3.651,3.571,3.563,3.718,3.784,4.072,4.215,4.384,4.552,4.092,4.644,5.157,5.455,5.714,5.921,6.128,6.344
Angola,10.89,11.396,12.1,13.102,14.389,15.364,16.128,17.201,18.899,19.649,19.681,22.805,25.984,29.518,33.317,37.541,42.513,46.392,49.115,50.893,53.636,57.151,65.974,69.288,78.94,93.652,107.69,126.095,142.863,145.013,153.887,162.539,186.124,199.866,220.365,204.604,204.875,217.805,218.54,220.887,211.134,221.341,242.286,257.804,274.109,290.843,308.693,327.223
Antigua and Barbuda,0.274,0.311,0.33,0.361,0.412,0.458,0.521,0.569,0.62,0.678,0.724,0.765,0.792,0.853,0.929,0.908,0.985,1.057,1.12,1.177,1.279,1.248,1.281,1.385,1.504,1.652,1.919,2.155,2.196,1.946,1.815,1.816,1.772,1.72,1.762,1.77,1.883,1.893,2.072,2.212,1.786,1.949,2.206,2.395,2.581,2.74,2.87,3.006
Argentina,172.522,177.997,183.044,197.314,208.525,200.165,218.786,229.867,233.316,225.476,230.785,263.638,297.418,323.499,349.671,346.845,372.716,409.894,430.468,421.755,427.907,418.256,378.498,420.534,470.303,527.986,588.077,658.373,698.222,661.108,736.799,797.264,819.698,849.616,839.897,867.177,885.228,1039.331,1036.305,1033.474,942.43,1081.721,1195.581,1268.425,1335.392,1390.024,1445.718,1503.9
Armenia,,,,,,,,,,,,,5.605,4.932,5.309,5.856,6.271,6.595,7.088,7.416,8.027,8.985,10.477,12.185,13.822,16.268,18.983,22.176,24.172,20.884,21.6,23.086,27.009,28.5,29.231,29.167,31.429,35.677,38.437,42.111,39.466,43.433,46.864,50.212,53.711,57.279,61.034,65.047
Aruba,,,,,,,0.741,0.882,1.083,1.262,1.361,1.519,1.645,1.807,1.997,2.09,2.155,2.346,2.42,2.488,2.74,2.918,2.936,3.027,3.335,3.426,3.572,3.782,3.925,3.489,3.434,3.624,3.552,3.799,3.817,3.893,3.941,4.098,4.25,4.235,3.329,4.05,4.42,4.719,4.954,5.134,5.309,5.49
Australia,155.389,177.109,188.171,194.614,214.434,233.284,243.807,262.062,282.842,307.554,323.818,331.431,347.675,369.925,396.131,416.391,441.107,469.375,496.728,525.629,554.204,581.784,615.488,646.571,691.211,734.238,776.619,832.416,870.114,892.432,925.181,971.113,983.68,1083.874,1110.863,1111.523,1171.891,1229.582,1293.822,1343.248,1329.811,1450.081,1605.196,1693.977,1775.142,1853.297,1936.642,2026.127
Austria,84.657,92.574,100.169,107.011,111.241,117.332,122.496,127.636,133.406,144.027,155.91,166.73,174.1,179.165,187.387,196.421,204.814,212.708,222.806,233.981,247.359,256.137,264.425,272.183,287.133,302.783,322.907,343.995,355.712,344.515,355.061,373.031,391.635,406.37,417.06,431.092,460.236,479.46,503.194,519.834,490.668,533.976,582.127,617.591,647.348,673.17,698.769,725.323
Azerbaijan,,,,,,,,,,,,,32.738,25.773,21.145,18.776,19.603,21.713,23.276,26.294,28.564,31.102,34.568,38.849,43.583,57.519,79.73,102.735,115.795,127.456,135.166,135.804,148.34,161.865,166.329,144.146,140.23,139.153,144.615,150.852,146.09,160.713,175.658,185.644,194.907,203.827,212.974,222.616
"Bahamas, The",2.658,2.825,3.188,3.539,3.754,4.032,4.22,4.484,4.747,5.047,5.291,5.241,5.155,5.294,5.577,5.943,6.308,6.734,7.131,7.748,8.252,8.66,9.032,9.094,9.421,10.046,10.617,11.061,11.011,10.619,10.912,11.207,11.713,11.621,12.323,12.699,12.977,13.712,14.428,14.789,12.795,14.073,15.854,16.998,17.938,18.653,19.316,19.994
Bahrain,7.326,8.242,9.312,10.353,11.176,11.422,11.708,11.851,13,13.646,14.653,15.495,16.977,18.7,19.713,20.514,21.568,22.455,23.809,25.587,28.003,29.347,30.802,33.388,36.677,40.388,44.327,49.301,53.382,55.089,58.169,60.556,65.875,67.717,68.276,62.523,63.831,71.282,74.525,77.502,74.564,79.392,87.15,92.444,97.561,102.566,107.757,113.248
Bangladesh,40.711,47.053,51.562,56.051,60.5,64.75,68.686,72.448,76.794,83.235,90.325,97.305,104.301,111.389,118.903,127.187,136.009,145.693,154.764,165.452,178.675,191.532,203.941,219.978,239.681,262.776,289.442,316.641,340.512,360.908,387.271,420.989,473.808,509.208,553.757,595.349,650.672,710.584,785.863,868.972,870.79,981.123,1113.6,1226.153,1347.053,1472.933,1606.992,1751.971
Barbados,1.513,1.625,1.641,1.714,1.839,1.918,2.057,2.163,2.317,2.495,2.503,2.486,2.398,2.475,2.578,2.685,2.843,3.029,3.178,3.233,3.453,3.448,3.529,3.677,3.829,4.105,4.472,4.694,4.817,4.602,4.551,4.614,4.344,4.36,4.322,4.426,4.559,4.519,4.6,4.622,4.036,4.262,5.037,5.443,5.744,6.014,6.273,6.516
Belarus,,,,,,,,,,,,,50.706,47.963,43.256,39.268,41.097,46.585,51.086,53.544,57.911,62.009,66.154,72.205,82.625,93.27,105.763,118.003,132.574,133.648,145.811,156.715,171.038,179.366,179.598,171.204,168.422,173.63,183.356,189.336,190.329,202.798,201.749,208.577,218.325,224.295,230.021,235.933
Belgium,106.129,115.845,123.735,128.982,136.933,143.596,149.157,156.372,169.533,182.293,195.048,205.341,213.235,216.189,227.933,238.262,245.83,259.555,267.626,281.012,298.059,308.126,318.27,327.921,348.748,368.037,389.074,414.282,424.115,418.207,435.357,451.933,469.721,487.344,503.621,521.018,550.622,575.834,600.316,624.189,595.959,659.677,715.658,747.135,776.097,801.078,826.955,853.472
Belize,0.206,0.226,0.222,0.245,0.282,0.287,0.314,0.393,0.451,0.541,0.624,0.719,0.824,0.896,0.917,0.942,0.973,1.025,1.075,1.186,1.371,1.472,1.572,1.752,1.883,1.985,2.139,2.223,2.328,2.35,2.457,2.548,2.472,2.502,2.555,2.631,2.677,2.683,2.804,2.91,2.452,2.803,3.148,3.353,3.504,3.648,3.794,3.946
Benin,3.581,3.996,4.314,4.393,4.57,4.919,5.156,5.174,5.54,5.593,6.323,6.813,7.174,7.773,8.099,8.769,9.316,10.02,10.534,11.148,12.068,12.998,13.814,14.572,15.626,16.392,17.564,19.118,20.439,21.047,21.751,22.86,24.309,26.709,29.147,30.531,32.668,34.023,37.169,40.431,42.493,47.17,53.108,58.066,63.069,68.234,73.776,79.775
Bhutan,0.194,0.241,0.277,0.309,0.345,0.371,0.409,0.503,0.6,0.662,0.749,0.812,0.848,0.896,0.936,1.013,1.093,1.173,1.258,1.366,1.494,1.635,1.818,2.027,2.224,2.447,2.703,3.133,3.543,3.772,4.18,4.688,5.194,5.462,5.871,6.591,7.27,7.934,8.435,8.965,8.857,8.881,9.853,10.605,11.589,12.557,13.559,14.625
Bolivia,10.681,11.727,11.961,11.927,12.333,12.509,12.433,13.054,13.908,15.001,16.284,17.721,18.423,19.665,21.023,22.468,23.877,25.492,27.075,27.574,28.906,30.055,31.282,32.764,35.048,37.745,40.776,43.79,47.373,49.278,51.928,55.765,61.453,69.841,75.554,77.543,82.736,94.285,100.615,104.685,96.689,106.857,117.877,125.908,133.652,141.165,148.836,156.951
Bosnia and Herzegovina,,,,,,,,,,,,,,,,,11.394,14.239,16.389,18.406,19.659,20.577,21.954,23.251,25.369,27.273,29.714,32.342,34.806,34.743,35.431,36.495,37.104,38.975,39.732,41.195,44.253,46.394,49.279,51.581,50.574,55.731,60.679,63.907,67.445,70.892,74.455,78.211
Botswana,2.092,2.476,3.047,3.508,3.871,4.301,4.765,5.61,7.168,7.797,8.8,9.665,9.864,10.505,10.645,11.787,12.298,13.399,13.33,14.604,15.573,16.298,17.782,19.11,19.898,21.542,23.547,25.584,26.922,23.263,25.925,28.274,26.808,29.053,32.411,30.937,35.938,35.203,37.554,39.385,36.382,42.636,47.262,50.739,54.048,57.338,60.809,64.487
Brazil,570.51,597.009,637.674,640.115,698.418,777.425,852.913,905.479,939.886,1007.999,1002.131,1046.71,1065.567,1141.707,1228.298,1309.441,1362.871,1433.434,1454.471,1481.867,1581.938,1640.061,1716.479,1770.328,1922.557,2046.341,2193.06,2389.039,2558.893,2572.051,2798.926,2970.631,2998.535,3133.894,3187.155,3014.754,2939.094,3018.706,3145.949,3241.32,3153.142,3435.897,3680.942,3844.36,4025.385,4190.641,4359.224,4536.43
Brunei Darussalam,,,,,,13.137,13.03,13.394,13.816,14.674,15.389,16.41,17.583,18.054,19.02,20.288,21.255,21.302,21.422,22.387,23.547,24.738,26.097,27.384,28.261,29.261,31.4,31.035,30.396,30.009,31.203,33.044,35.21,33.885,33.344,25.949,23.633,25.891,26.523,28.042,28.696,29.687,33.389,35.286,36.924,38.465,40.042,41.699
Bulgaria,47.172,54.372,60.156,64.387,69.78,73.282,78.719,84.458,89.534,92.58,87.305,80.55,75.444,68.253,67.156,67.467,63.176,55.194,57.931,53.814,57.558,61.105,65.702,70.507,77.113,85.144,93.742,102.621,110.985,108.042,111.027,115.715,119.29,120.943,127.263,132.052,143.072,152.4,160.23,169.682,164.192,178.161,195.399,210.322,224.551,236.028,247.411,259.487
Burkina Faso,2.564,2.881,3.102,3.184,3.352,3.849,4.239,4.333,4.746,5.038,5.195,5.858,6.006,6.361,6.582,7.104,8.031,8.686,9.425,10.259,10.69,11.653,12.35,13.577,14.565,16.323,17.879,19.117,20.614,21.361,23.443,25.515,26.835,28.735,29.761,31.033,35.34,39.238,42.88,46.135,47.592,52.999,58.985,63.771,68.786,73.888,79.369,85.238
Burundi,1.283,1.576,1.655,1.784,1.851,2.135,2.249,2.431,2.643,2.784,2.988,3.268,3.376,3.24,3.183,2.992,2.803,2.863,3.033,3.112,3.239,3.367,3.5,3.657,3.897,4.195,4.558,4.843,5.176,5.408,5.753,6.109,6.386,7.069,7.649,8.551,8.358,8.375,8.714,9.033,9.172,9.787,10.779,11.609,12.477,13.391,14.311,15.255
Cabo Verde,0.226,0.268,0.293,0.333,0.359,0.402,0.422,0.451,0.495,0.543,0.568,0.595,0.627,0.689,0.752,0.826,0.897,0.982,1.077,1.222,1.34,1.454,1.555,1.705,1.837,2.004,2.255,2.529,2.749,2.731,2.805,2.977,2.94,2.964,2.979,3.146,3.358,3.571,3.822,4.111,3.545,3.947,4.413,4.807,5.206,5.605,6.001,6.395
Cambodia,,,,,,,,4.241,4.813,5.168,5.422,6.03,6.604,7.034,7.772,8.409,9.068,9.594,10.156,11.608,13.007,14.439,15.629,17.293,19.593,22.885,26.133,29.58,32.164,32.398,34.743,37.972,42.401,45.764,48.654,52.598,57.942,62.891,69.203,75.41,73.93,78.658,87.856,95.822,104.171,113.053,122.774,133.35
Cameroon,11.122,14.25,16.275,18.07,20.121,22.44,24.446,24.511,23.38,23.867,23.235,23.116,22.922,22.724,22.63,23.868,25.499,27.317,28.977,30.579,32.324,34.161,36.375,38.946,42.615,44.486,47.475,50.757,53.209,54.953,57.245,60.471,63.568,69.099,75.135,79.113,84.393,90.038,95.853,100.963,102.725,110.79,122.764,132.693,142.811,153.164,164.201,176.108
Canada,288.709,327.094,336.235,358.492,393.376,425.039,442.898,472.338,510.559,542.874,564.117,571.03,589.301,619.32,660.978,693.018,717.134,760.722,799.257,852.366,916.809,954.244,998.365,1036.411,1097.084,1167.744,1235.488,1295.165,1333.258,1302.543,1358.93,1430.807,1468.095,1554.123,1621.397,1594.899,1678.387,1776.855,1869.824,1939.047,1859.721,2025.395,2236.928,2367.516,2467.907,2560.535,2653.901,2750.727
Central African Republic,1.006,1.243,1.273,1.243,1.416,1.515,1.657,1.698,1.788,1.928,2.028,2.079,2.022,2.045,2.351,2.477,2.367,2.506,2.619,2.733,2.695,2.827,2.932,2.922,2.998,3.182,3.436,3.672,3.84,3.973,4.207,4.475,4.889,3.285,3.216,3.536,3.862,4.195,4.46,4.674,4.776,5.023,5.528,5.906,6.295,6.683,7.09,7.568
Chad,1.858,1.814,2.029,2.439,2.66,2.96,3.2,3.399,3.784,4.009,4.293,4.9,5.131,5.144,5.542,5.615,5.838,6.275,6.787,6.835,6.929,7.911,8.716,10.196,13.991,15.629,16.216,17.199,18.066,18.934,21.767,22.246,22.192,20.808,23.012,25.683,24.494,24.028,25.182,26.508,26.249,27.034,29.684,31.64,33.526,35.404,37.391,39.471
Chile,38.682,44.972,41.263,41.677,45.723,48.097,51.811,56.587,62.851,72.243,77.698,86.566,98.396,107.471,115.328,128.197,139.539,152.472,160.905,162.428,174.971,184.82,193.512,205.403,226.108,246.588,270.253,291.188,307.357,304.42,326.038,353.197,377.407,392.675,402.863,405.277,411.578,435.804,463.973,476.266,452.784,526.732,568.319,588.222,612.684,639.157,667.84,697.841
"China, People's Republic of",302.76,348.305,403.112,464.138,553.986,648.661,718.609,822.54,946.918,1025.381,1105.115,1248.742,1459.551,1701.521,1964.285,2225.45,2491.03,2768.307,3019.394,3297.109,3657.469,4050.989,4489.109,5036.463,5694.74,6542.261,7601.315,8918.947,9961.922,10972.761,12282.959,13735.671,15137.455,16277.355,17200.686,17880.337,18701.703,19814.058,21656.955,23356.237,24168.026,27206.271,30177.926,32661.126,35167.666,37671.714,40303.626,43069.901
Colombia,78.513,87.898,94.215,99.445,106.487,113.267,122.277,132.029,142.24,152.864,165.375,175.024,186.805,202.152,217.098,233.181,242.333,254.967,259.306,251.905,265.147,275.67,286.976,304.107,328.924,355.205,390.76,428.362,450.911,458.973,485.368,529.875,553.768,591.784,625.019,630.4,672.094,700.091,735.197,772.197,726.422,836.534,940.589,1004.126,1064.236,1122.544,1184.061,1249.162
Comoros,0.322,0.372,0.411,0.44,0.475,0.504,0.525,0.55,0.598,0.617,0.687,0.666,0.732,0.768,0.753,0.812,0.823,0.874,0.884,0.921,0.932,1.005,1.068,1.111,1.176,1.282,1.298,1.343,1.423,1.479,1.553,1.651,1.818,1.955,2.063,2.107,2.278,2.468,2.619,2.712,2.736,2.913,3.206,3.423,3.644,3.878,4.128,4.393
"Congo, Dem. Rep. of the",20.274,22.402,23.678,24.952,27.105,28.092,30.01,31.574,32.839,33.697,32.662,30.914,28.311,25.079,24.041,25.223,25.188,23.613,22.954,22.392,21.036,21.058,22.017,23.704,25.98,28.439,30.876,33.696,36.48,37.762,40.932,44.655,46.214,53.768,62.685,69.036,75.927,86.267,93.465,99.313,102.254,112.622,127.384,140.29,153.426,167.178,181.703,197.598
"Congo, Republic of ",3.061,3.438,3.738,3.978,4.219,4.455,4.651,4.877,6.155,7.757,8.129,8.689,9.259,9.603,9.671,10.265,10.818,10.894,12.003,11.724,13.399,13.04,13.374,13.701,14.041,15.815,17.605,16.885,18.294,20.553,22.866,23.856,28.576,28.056,28.096,22.531,19.019,21.679,21.121,21.406,19.899,20.693,22.519,23.817,26.201,27.15,27.773,29.278
Costa Rica,8.195,8.768,8.631,9.226,10.326,10.729,11.551,12.401,13.279,14.582,15.672,16.569,18.505,20.288,21.658,23.031,23.769,25.503,27.636,29.206,31.023,32.83,34.481,36.679,39.33,42.177,46.664,51.862,55.361,55.229,58.889,62.759,67.139,71.16,77.049,82.853,90.838,97.896,102.857,107.228,104.124,116.672,128.134,136.126,144,151.625,159.492,167.798
Croatia,,,,,,,,,,,,,39.175,36.896,39.907,43.447,46.841,50.815,52.344,52.585,55.792,58.779,63.111,67.913,72.63,78.138,84.527,91.075,94.582,88.256,88.2,89.956,91.316,93.971,94.622,97.976,105.229,111.909,117.905,124.193,115.509,132.881,145.032,155.361,163.961,172.342,181.004,190.135
Cyprus,3.008,3.393,3.829,4.19,4.725,5.106,5.395,5.923,6.642,7.461,8.313,8.658,9.684,9.983,10.798,12.118,12.494,13.045,13.998,14.905,16.152,17.169,18.085,18.926,20.411,22.073,23.826,25.717,27.167,26.79,27.658,28.346,27.503,26.181,25.644,26.976,30.414,32.923,35.629,38.182,36.716,40.35,43.802,46.699,49.29,51.673,54.168,56.862
Czech Republic,,,,,,,,,,,,,,,,146.309,155.73,157.594,158.8,163.266,173.645,182.961,188.729,199.351,214.557,235.894,259.628,281.498,294.603,282.683,293.046,304.401,307.49,324.03,342.1,357.6,381.382,412.903,436.289,457.548,436.214,469.135,509.953,547.42,581.179,611.678,639.317,668.34
Côte d'Ivoire,20.664,23.41,24.906,25.234,25.622,27.384,29.276,29.85,31.255,33.439,34.312,35.487,36.205,36.996,37.851,40.798,44.925,48.315,51.268,52.831,52.91,54.168,54.095,54.413,56.561,59.339,62.097,64.901,67.828,70.482,72.768,70.672,78.215,86.354,97.907,108.069,112.61,118.051,129.2,139.706,144.148,159.898,180.059,197.891,215.739,233.811,252.716,273.196
Denmark,60.799,66.113,72.78,77.592,83.746,89.854,96.155,98.783,102.259,106.951,112.587,118.021,123.075,126.002,135.551,142.585,149.414,156.945,162.224,169.36,179.69,185.25,189.016,193.495,203.99,215.313,230.64,239.023,242.362,231.95,239.122,247.352,250.525,262.368,270.331,278.823,297.689,320.054,334.223,347.395,344.334,373.45,406.011,425.309,443.623,460.866,478.392,496.668
Djibouti,,,,,,,,,,,,1.653,1.7,1.623,1.635,1.611,1.579,1.587,1.607,1.677,1.727,1.798,1.885,1.983,2.093,2.226,2.405,2.594,2.798,2.861,3.016,3.303,3.436,3.625,3.857,4.207,4.385,4.638,5.152,5.589,5.713,6.188,6.774,7.326,7.957,8.607,9.303,10.057
Dominica,0.124,0.151,0.167,0.178,0.192,0.201,0.219,0.239,0.267,0.277,0.302,0.317,0.331,0.346,0.353,0.372,0.39,0.406,0.426,0.433,0.453,0.463,0.457,0.496,0.525,0.545,0.588,0.642,0.701,0.697,0.71,0.723,0.706,0.721,0.776,0.793,0.852,0.839,0.889,0.973,0.876,0.946,1.074,1.161,1.244,1.321,1.381,1.443
Dominican Republic,13.73,15.672,16.923,18.4,19.303,19.49,20.583,23.226,24.563,26.65,26.139,27.279,31.031,34.106,35.74,38.564,41.618,46.097,49.746,53.443,57.202,59.929,63.599,63.982,67.388,76.054,85.593,94.426,99.325,100.907,110.637,116.474,118.183,125.424,136.976,151.56,167.506,175.941,192.722,206.081,194.548,227.482,254.992,275.684,296.594,317.808,340.263,364.367
Ecuador,26.044,29.62,31.828,32.148,34.707,37.38,39.312,37.879,43.327,45.154,48.253,52.435,55.568,58.023,61.786,64.503,66.821,70.915,74.056,71.54,73.96,78.663,83.162,87.112,96.795,105.113,113.128,118.73,128.699,130.258,136.471,150.267,159.56,175.196,186.847,179.31,181.967,195.011,202.244,205.887,192.141,208.602,228.025,241.153,253.965,266.419,279.259,292.768
Egypt,88.533,99.039,112.832,127.657,142.874,158.336,169.211,180.805,194.656,208.343,221.218,233.503,239.541,252.329,268.511,286.433,305.909,329.603,358.454,385.714,415.688,440.032,461.126,485.244,518.659,558.844,615.515,676.955,739.31,778.822,828.753,860.9,958.66,992.022,985.262,1064.236,1057.087,1062.266,1145.44,1230.73,1290.024,1388.333,1562.377,1690.489,1826.936,1971.823,2127.882,2298.238
El Salvador,10.107,10.43,10.376,10.948,11.494,11.931,12.194,12.81,13.511,14.176,15.417,16.176,17.706,19.18,20.509,21.93,22.514,23.62,24.52,25.403,26.271,27.099,27.956,28.953,29.995,31.774,34.176,35.753,37.214,36.672,37.895,40.156,40.804,43.093,45.534,48.056,51.095,54.006,56.63,59.161,55.118,63.322,69.314,73.002,76.414,79.54,82.699,85.998
Equatorial Guinea,0.089,0.104,0.112,0.123,0.128,0.15,0.149,0.159,0.169,0.174,0.185,0.189,0.257,0.291,0.347,0.448,0.696,1.756,2.217,2.841,6.117,10.009,12.159,14.192,19.002,21.207,23.282,27.565,33.095,33.754,31.111,33.83,38.743,37.423,37.816,28.095,24.861,28.459,27.322,26.148,25.168,25.289,28.522,28.537,25.876,25.743,25.058,25.305
Eritrea,,,,,,,,,,,,,1.694,1.957,2.417,2.525,2.807,3.081,3.177,3.227,2.893,3.217,3.365,3.34,3.48,3.681,3.758,3.915,3.214,3.629,4.071,5.224,5.425,4.943,6.594,5.312,5.744,5.247,6.073,6.419,6.455,6.919,7.695,8.213,8.731,9.246,9.786,10.354
Estonia,,,,,,,,,,,,,,11.205,11.257,11.74,12.546,14.428,15.224,15.373,17.307,18.759,20.342,22.32,24.478,27.651,31.288,34.569,33.423,28.717,29.772,32.598,34.385,36.198,38.05,38.389,41.197,44.663,47.621,50.458,49.559,55.929,59.557,62.695,66.679,70.496,74.255,78.228
Eswatini,1.01,1.182,1.273,1.316,1.397,1.469,1.777,2.003,2.231,2.536,2.89,3.041,3.211,3.389,3.544,3.793,4.011,4.207,4.365,4.557,4.742,4.9,5.195,5.503,5.855,6.401,6.994,7.501,7.708,7.879,8.276,8.638,8.922,9.465,9.634,9.73,9.698,9.457,9.913,10.354,10.285,11.049,11.985,12.568,13.148,13.728,14.315,14.931
Ethiopia,10.496,11.489,12.316,13.803,13.971,12.768,14.287,16.672,17.359,17.957,19.113,18.334,17.081,19.823,20.952,22.701,26.245,27.455,26.602,28.675,32.21,35.373,36.499,36.437,41.793,48.535,55.786,64.054,72.594,80.366,89.953,102.289,112.533,122.434,148.487,167.119,194.652,215.094,237.196,263.259,282.569,312.752,345.138,375.82,409.581,446.349,486.893,531.266
Fiji,1.709,1.983,2.082,2.073,2.364,2.347,2.552,2.427,2.6,3.077,3.377,3.397,3.687,3.872,4.157,4.354,4.647,4.613,4.726,5.209,5.237,5.457,5.719,5.878,6.362,6.476,6.803,6.924,7.127,7.073,7.372,7.729,8.283,8.942,9.832,10.782,11.02,11.784,12.525,12.692,10.899,10.9,12.37,13.719,14.961,15.954,16.816,17.735
Finland,45.54,50.493,55.268,59.226,63.335,67.649,70.892,75.231,81.943,89.488,93.033,90.518,89.531,91.046,96.676,102.866,108.591,117.46,125.264,132.593,143.425,150.483,155.438,161.682,172.649,183.014,196.259,212.244,218.01,201.691,210.619,220.471,221.286,225.68,228.059,232.93,246.904,262.075,271.4,279.628,276.489,297.482,321.233,336.658,349.799,361.658,373.478,385.71
France,577.953,639.608,695.434,732.12,771.225,808.39,843.255,886.779,959.932,1042.172,1113.963,1162.522,1206.625,1228.294,1283.873,1340.053,1383.537,1439.742,1508.624,1580.03,1681.913,1754.324,1801.641,1852.686,1951.586,2047.437,2166.041,2278.481,2324.832,2274.583,2344.221,2446.475,2474.005,2608.524,2662.033,2719.224,2863.816,2997.297,3125.381,3239.795,3016.963,3361.627,3677.579,3839.354,3994.533,4135.395,4276.136,4422.583
Gabon,6.63,6.967,7.701,8.163,8.872,9.683,9.671,8.384,8.983,10.776,11.755,12.896,12.783,13.602,14.409,15.443,16.295,17.528,18.341,16.936,16.994,17.75,18.061,18.73,19.448,19.901,20.123,21.976,22.785,22.409,24.1,26.345,26.868,27.464,28.956,28.63,28.685,30.987,31.995,33.842,33.612,35.33,38.574,41.076,43.616,46.212,48.93,51.809
"Gambia, The",0.724,0.717,0.919,1.085,1.038,1.11,1.159,1.221,1.286,1.394,1.528,1.614,1.68,1.786,1.762,1.859,1.948,2.009,2.164,2.335,2.52,2.725,2.678,2.918,3.208,3.23,3.312,3.505,3.795,4.074,4.367,4.095,4.191,4.166,4.103,4.311,4.446,4.589,5.038,5.447,5.502,6.051,6.792,7.429,8.107,8.755,9.374,10.038
Georgia,,,,,,,,,,,,,12.728,9.212,8.43,8.831,9.937,11.171,11.648,12.151,12.655,13.562,14.527,16.452,17.872,20.2,22.785,26.345,27.499,26.665,28.656,31.405,36.64,39.451,43.054,45.036,47.93,50.663,54.385,58.116,54.84,63.036,69.136,75.341,81.21,87.185,93.522,100.338
Germany,855.295,937.245,987.315,1041.928,1110.043,1170.245,1222.667,1271.318,1365.314,1474.374,1617.093,1755.564,1830.039,1855.111,1940.192,2011.395,2064.932,2138.041,2205.789,2279.076,2398.385,2493.79,2527.57,2559.339,2659.156,2762.46,2956.298,3126.729,3217.262,3053.452,3219.486,3415.02,3487.234,3628.559,3807.115,3890.125,4164.749,4411.728,4566.19,4696.684,4536.523,4856.766,5269.963,5575.882,5798.313,5999.573,6191.677,6386.168
Ghana,12.858,13.546,13.189,12.853,14.565,15.992,17.324,18.935,20.871,22.674,24.368,26.395,28.204,30.251,31.981,34.033,36.308,39.075,41.494,43.985,46.599,49.472,52.564,56.341,60.98,66.811,72.878,77.898,86.544,92.048,100.391,116.773,133.277,140.883,151.592,144.984,142.203,148.983,161.999,175.629,178.482,193.768,216.676,234.6,253.185,272.27,289.004,316.802
Greece,84.196,90.728,95.245,97.908,103.477,109.431,112.21,112.39,121.342,130.891,135.79,144.737,149.067,150.16,156.434,163.068,170.807,181.543,190.737,199.368,211.877,225.601,238.105,256.874,277.119,287.522,313.147,332.139,337.373,324.933,310.823,285.079,275.144,284.948,290.011,289.649,296.436,307.089,319.671,331.258,305.013,344.173,378.693,400.065,418.113,433.512,448.229,462.617
Grenada,0.192,0.213,0.236,0.253,0.272,0.298,0.326,0.365,0.389,0.419,0.453,0.475,0.482,0.484,0.503,0.525,0.558,0.596,0.673,0.731,0.785,0.786,0.826,0.922,0.941,1.099,1.088,1.185,1.22,1.146,1.154,1.187,1.2,1.286,1.42,1.551,1.657,1.798,1.921,1.969,1.719,1.89,2.081,2.221,2.365,2.499,2.628,2.757
Guatemala,19.183,21.133,21.644,21.923,22.83,23.411,23.906,25.374,27.291,29.48,31.531,33.576,35.92,38.022,40.193,42.842,44.848,47.491,50.235,52.828,55.375,57.981,61.385,64.234,67.917,72.193,78.57,85.574,90.41,91.564,95.265,101.567,107.165,112.026,118.754,127.566,130.131,133.883,141.635,149.744,149.246,167.884,185.473,197.946,210.003,221.811,234.095,247.105
Guinea,2.74,3.018,3.262,3.434,3.608,3.908,4.111,4.351,4.789,5.176,5.602,5.936,6.27,6.742,7.162,7.654,8.142,8.712,9.131,9.612,10.076,10.68,11.407,11.777,12.376,13.147,13.891,15.196,16.128,15.982,16.857,18.173,18.497,19.731,20.122,20.799,24.4,29.177,31.773,34.168,36.785,39.929,44.455,48.458,52.768,56.599,60.667,65.03
Guinea-Bissau,0.439,0.478,0.529,0.531,0.581,0.625,0.631,0.683,0.721,0.771,0.836,0.928,0.978,1.024,1.077,1.144,1.209,1.303,1.022,1.211,1.252,1.341,1.412,1.436,1.492,1.639,1.735,1.827,1.947,2.007,2.145,2.367,2.307,2.386,2.51,3.05,3.288,3.832,4.055,4.313,4.431,4.788,5.279,5.683,6.114,6.551,7.014,7.511
Guyana,1.885,2.075,2.008,1.847,1.954,2.023,2.059,2.107,2.051,2.026,2.039,2.235,2.463,2.728,3.023,3.242,3.564,3.85,3.827,3.997,4.032,4.216,4.331,4.388,4.576,4.628,5.015,5.513,5.729,5.957,6.292,6.772,7.916,8.37,8.36,8.594,8.714,9.307,9.952,10.673,15.498,19.358,30.287,41.955,44.513,47.117,49.835,52.729
Haiti,10.024,11.088,11.444,11.714,12.161,12.641,12.93,13.193,13.735,14.112,14.575,15.259,15.255,14.848,13.405,15.04,15.95,16.664,17.219,17.935,18.501,18.853,19.348,20.417,20.689,21.993,23.073,24.812,25.96,27.665,26.415,28.339,28.318,30.706,31.283,31.002,33.431,34.631,36.049,36.076,35.29,36.096,38.476,40.186,41.834,43.417,45.024,46.698
Honduras,5.113,5.738,6.008,6.186,6.688,7.188,7.386,8.025,8.691,9.422,9.784,10.444,11.283,12.27,12.369,13.143,13.863,14.806,15.407,15.51,17.017,17.875,18.835,20.08,21.904,23.958,26.319,28.703,30.491,29.94,31.431,33.314,34.844,36.446,39.876,43.955,47.719,52.444,55.762,58.265,53.681,62.901,69.388,74.001,78.583,83.193,88.172,93.465
Hong Kong SAR,36.081,43.126,47.112,51.902,59.154,61.46,69.66,80.945,90.932,96.65,104.107,113.765,123.612,134.389,145.545,152.124,161.506,172.67,164.341,170.835,188.094,193.41,199.678,209.843,234.222,259.415,286.226,312.965,325.754,319.779,345.525,369.685,373.483,385.448,396.044,411.294,419.838,442.425,465.891,466.266,441.229,489.064,522.16,564.194,594.623,623.688,653.494,685.452
Hungary,67.745,76.28,83.295,87.182,92.73,95.42,98.835,105.383,109.028,114.138,114.269,104.085,103.195,105.032,110.437,115.618,117.832,123.631,129.899,135.774,145.07,154.382,164.221,174.303,187.614,201.708,216.314,222.698,229.371,215.375,220.41,229.348,230.214,242.367,253.001,263.642,274.251,292.352,315.379,335.64,323.803,361.286,398.278,425.167,451.533,475.996,499.436,523.101
Iceland,2.48,2.83,3.07,3.122,3.368,3.589,3.891,4.327,4.476,4.664,4.895,5.049,4.99,5.175,5.476,5.598,5.961,6.413,6.963,7.345,7.886,8.387,8.566,8.922,9.876,10.81,11.847,13.196,13.747,12.774,12.562,13.059,13.472,14.378,15.059,16.281,17.938,19.267,20.692,21.572,20.289,22.051,24.197,25.503,26.742,27.921,29.12,30.38
India,371.871,431.502,474.089,528.563,568.564,617.36,659.873,703.008,797.869,878.47,961.777,1004.812,1084.054,1162.464,1266.355,1390.841,1523.236,1612.25,1731.227,1904.198,2024.745,2172.728,2292.813,2523.801,2794.959,3150.25,3548.305,4001.378,4236.785,4625.515,5161.394,5618.382,6153.153,6477.517,6781.022,7159.796,7735.002,8276.933,9021.596,9526.243,9005.107,10218.623,11745.26,12931.937,14176.283,15485.183,16822.228,18214.299
Indonesia,189.71,223.449,242.586,262.655,292.747,313.799,343.129,374.724,415.013,470.468,532.011,599.111,652.732,721.363,792.324,875.433,961.158,1023.683,899.317,919.204,986.83,1045.827,1109.917,1185.929,1279.028,1394.231,1516.315,1656.103,1813.468,1910.902,2057.206,2229.512,2413.435,2535.041,2622.252,2647.707,2744.897,2894.126,3116.589,3331.572,3302.094,3566.283,3995.064,4361.948,4726.918,5084.771,5458.119,5854.633
Iran,225.953,233.24,305.036,352.124,338.784,356.024,327.654,335.181,325.895,359.443,423.589,493.601,521.5,526.006,528.118,552.138,597.954,616.478,636.384,658.276,712.541,746.023,818.86,907.162,971.91,1034.363,1119.592,1243.627,1270.655,1291.681,1382.998,1449.084,1295.741,1250.61,1255.791,1131.04,1221.423,1281.375,1282.415,1287.862,1326.345,1436.872,1573.467,1653.453,1728.41,1799.518,1872.053,1947.868
Iraq,,,,,,,,,,,,,,,,,,,79.244,100.251,98.072,93.694,87.735,162.639,256.161,268.62,292.521,306.1,337.64,351.286,378.271,415.269,483.559,515.106,490.962,369.519,346.956,405.43,434.638,468.122,399.376,440.668,512.926,558.551,587.757,615.41,643.853,673.87
Ireland,25.259,28.344,30.545,31.509,33.693,35.435,36.302,38.554,41.11,45.121,50.418,52.979,56.126,58.786,63.58,71.141,79.03,89.032,97.92,109.749,122.784,132.21,142.188,149.358,163.775,178.6,193.28,209.036,203.486,194.345,200.132,206.473,213.241,221.16,238.003,324.658,339.965,375.332,419.001,447.468,479.43,566.661,633.533,685.172,730.403,767.824,806.594,847.525
Israel,27.613,31.653,34.088,36.339,38.483,41.467,43.803,48.249,51.731,54.522,60.314,65.233,71.494,75.948,83.009,92.931,100.335,106.071,111.768,117.389,130.723,133.806,135.626,139.892,150.708,161.898,176.535,192.369,202.84,206.474,220.833,237.916,251.921,276.637,282.342,297.227,323.49,341.474,363.558,384.027,380.286,428.522,478.01,509.647,540.437,570.786,602.443,635.999
Italy,614.396,676.266,719.171,754.246,805.012,852.233,892.952,943.103,1015.697,1089.857,1153.057,1209.208,1245.704,1264.579,1318.382,1382.137,1425.275,1476.385,1520.035,1566.513,1662.671,1733.306,1764.791,1802.118,1876.837,1951.525,2047.765,2134.379,2154.383,2053.69,2113.984,2173.17,2172.384,2187.375,2200.256,2241.524,2420.426,2529.502,2613.905,2673.976,2461.947,2734.428,2972.091,3112.229,3228.702,3332.781,3432.331,3517.958
Jamaica,6.149,7.028,7.692,8.325,8.708,8.902,9.717,10.724,10.659,11.598,12.618,13.154,13.827,14.468,15.054,15.757,16.083,16.092,16.077,16.463,16.967,17.571,17.965,18.992,19.76,20.561,21.81,22.723,22.97,22.328,22.272,23.059,23.269,24.136,24.568,25.418,26.72,28.04,29.235,30.047,27.353,29.733,32.378,34.46,35.898,37.311,38.745,40.146
Japan,1068.091,1218.353,1336.487,1437.751,1556.708,1689.973,1781.351,1911.765,2113.466,2303.045,2506.131,2679.432,2763.735,2814.583,2899.875,3038.574,3191.182,3278.059,3272.846,3307.878,3476.344,3568.39,3625.525,3753.838,3938.87,4135.674,4321.794,4504.455,4534.63,4303.871,4534.092,4629.401,4799.614,5021.591,5034.456,5200.905,5159.726,5248.419,5405.183,5488.653,5304.968,5614.998,6110.075,6439.205,6650.699,6833.636,6999.797,7167.161
Jordan,8.355,10.547,11.785,12.276,13.43,13.691,14.731,15.507,16.388,15.098,15.83,16.764,19.423,20.507,22.002,23.91,24.51,25.998,27.151,28.311,30.188,32.365,35.171,37.269,41.376,46.265,51.927,57.595,62.776,66.352,68.704,72.051,74.34,79.417,81.884,87.705,90.249,97.892,102.169,106.03,105.643,112.271,122.18,129.749,137.33,144.77,152.49,160.648
Kazakhstan,,,,,,,,,,,,,120.227,111.753,99.782,93.52,95.709,99.014,98.226,102.3,114.87,133.314,148.659,165.692,186.471,210.977,240.758,269.272,283.493,288.732,313.53,344.049,369.966,417.452,427.478,407.416,423.833,448.473,478.011,508.459,501.205,542.917,590.37,634.552,679.027,722.631,759.573,798.542
Kenya,17.552,20.001,22.31,23.553,24.793,26.619,29.051,31.499,34.596,37.59,40.609,42.544,43.044,44.022,46.101,49.085,52.057,53.173,55.375,57.39,58.894,62.617,63.899,67.082,72.075,78.546,85.71,94.057,96.083,100.215,109.592,117.598,125.523,141.004,156.802,176.338,192.816,211.109,228.319,243.98,246.14,274.898,308.671,334.722,361.57,389.106,418.382,449.828
Kiribati,0.053,0.058,0.063,0.063,0.067,0.066,0.068,0.07,0.079,0.08,0.082,0.084,0.087,0.09,0.094,0.096,0.099,0.102,0.111,0.11,0.12,0.12,0.127,0.132,0.134,0.145,0.149,0.156,0.156,0.158,0.158,0.164,0.176,0.187,0.188,0.209,0.21,0.213,0.23,0.233,0.234,0.247,0.266,0.281,0.296,0.309,0.321,0.334
"Korea, Republic of",82.705,97.089,111.684,131.582,150.716,167.67,190.42,219.958,255.012,283.756,323.453,370.433,402.36,440.224,491.301,549.83,604.078,652.411,625.913,707.517,789.105,846.037,925.599,973.574,1051.667,1131.379,1227.687,1333.989,1400.534,1420.683,1535.597,1625.275,1684.563,1726.903,1792.6,1933.849,2026.536,2105.893,2218.889,2309.266,2317.181,2510.534,2735.87,2900.87,3049.023,3188.037,3327.648,3471.22
Kosovo,,,,,,,,,,,,,,,,,,,,,7.369,7.878,7.965,8.33,8.605,9.275,9.905,11.022,11.437,12.09,12.84,13.935,14.528,15.242,15.679,16.732,17.789,18.691,19.79,21.102,20.216,23.056,25.189,26.957,28.753,30.487,32.206,33.994
Kuwait,46.029,40.85,39.252,42.932,46.812,46.236,51.207,56.746,52.844,69.137,52.912,32.269,60.336,83.465,92.593,96.112,98.457,102.652,107.6,107.165,114.734,117.564,122.995,147.167,167.381,190.024,210.619,229.271,239.462,223.944,221.263,247.607,276.884,275.264,258.671,181.157,176.815,206.276,216.351,219.006,202.018,213.166,245.182,259.163,272.579,285.493,298.824,312.847
Kyrgyz Republic,,,,,,,,,,,,,9.142,8.142,6.668,6.439,7.021,7.851,8.107,8.522,9.19,9.897,10.049,10.968,12.054,12.41,13.19,14.704,16.12,16.691,16.812,18.184,20.288,23.124,24.987,25.107,28.459,31.28,33.136,35.28,32.629,35.256,37.792,40.88,43.643,46.37,49.204,52.209
Lao P.D.R.,1.734,2.19,2.435,2.606,2.874,3.235,3.459,3.511,3.558,4.064,4.498,4.836,5.292,5.735,6.336,6.925,7.537,8.197,8.644,9.119,9.925,10.633,11.534,12.488,13.745,15.16,17.027,18.86,20.725,22.396,24.482,26.987,31.202,34.6,39,41.583,46.85,50.445,54.899,58.48,58.928,62.642,68.703,73.242,77.859,82.594,87.714,93.302
Latvia,,,,,,,,,,,,,16.051,14.558,15.196,15.191,15.87,17.57,18.894,19.688,21.277,23.133,25.159,27.816,30.928,35.316,40.762,46.026,45.387,39.17,37.868,39.646,43.312,45.564,47.483,49.398,52.357,55.718,59.325,61.886,60.271,65.709,70.532,74.358,79.135,83.433,87.843,92.507
Lebanon,16.426,18.079,12.134,15.473,23.162,29.701,28.247,33.788,25.112,15.085,13.549,19.358,20.689,22.662,25.005,27.187,28.803,32.285,33.921,34.124,35.281,37.483,39.362,40.821,45.06,46.799,48.99,54.999,61.137,67.825,74.114,76.31,82.065,88.558,94.099,98.682,104.309,109.403,110.109,104.058,82.144,,,,,,,
Lesotho,0.621,0.701,0.785,0.84,0.908,0.968,1.028,1.076,1.2,1.316,1.436,1.555,1.69,1.796,1.917,2.012,2.15,2.263,2.32,2.39,2.564,2.708,2.794,2.965,3.117,3.315,3.568,3.848,4.069,4.11,4.372,4.688,4.795,5.407,5.926,6.402,6.225,5.563,5.68,5.781,5.501,5.85,6.408,6.706,7.014,7.32,7.514,7.672
Liberia,,,,,,,,,,,,,,,,,,,,,2.59,2.721,2.886,2.09,2.232,2.437,2.725,3.165,3.423,3.624,3.9,4.288,4.773,5.647,5.922,5.624,6.283,7.203,7.467,7.409,7.276,7.898,8.776,9.538,10.323,11.128,11.989,12.922
Libya,108.353,94.836,102.224,101.224,96.167,99.81,90.26,78.895,87.867,97.886,105.327,125.937,125.313,123.455,128.532,114.959,120.146,121.476,122.379,124.678,132.196,132.79,133.566,153.931,165.115,190.507,209.152,228.452,190.641,186.129,194.35,66.148,148.702,99.491,53.661,48.497,51.056,69.056,83.347,96.026,39.147,113.049,124.326,133.674,143.012,151.805,160.561,169.622
Lithuania,,,,,,,,,,,,,,,,24.879,26.662,29.376,31.927,32.007,33.942,36.972,40.083,45.193,49.455,54.95,60.845,69.43,72.612,62.233,64.021,69.298,73.809,79.034,82.647,83.784,88.692,95.675,101.873,108.438,109.599,119.795,129.658,137.01,144.782,152.026,159.202,166.482
Luxembourg,5.796,6.395,6.861,7.264,7.882,8.586,9.634,10.262,11.523,13.148,14.366,16.136,16.804,17.925,19.007,19.684,20.348,21.928,23.614,25.963,28.793,30.347,31.814,33.291,35.631,37.661,41.159,45.694,46.43,45.214,47.478,48.971,51.309,54.839,58.578,61.454,65.973,68.884,71.943,75.635,75.187,83.705,90.532,95.204,100.412,104.996,109.769,114.769
Macao SAR,,,,,,,,,,,,,,,,,,,,,,15.714,17.381,19.788,25.73,28.68,33.524,39.414,41.532,42.331,53.602,66.543,75.588,88.663,90.217,70.023,70.409,78.535,85.609,84.952,39.539,48.591,59.66,75.769,92.043,103.133,110.526,116.655
Madagascar,8.867,8.755,9.119,9.562,10.081,10.52,10.942,11.345,12.145,13.135,14.053,13.612,14.087,14.724,15.032,15.605,16.233,17.123,17.994,19.105,20.408,22.116,19.674,22.025,23.805,25.719,27.944,30.338,32.996,31.886,32.469,33.667,34.211,35.257,36.702,37.486,39.997,40.515,42.807,45.495,42.756,46.108,51.521,55.837,60.203,64.562,69.13,74.027
Malawi,3.298,3.421,3.723,4.012,4.38,4.725,4.81,5.009,5.35,5.635,6.179,6.945,6.583,7.392,6.771,7.869,8.813,9.555,9.765,10.254,10.567,10.365,10.712,11.546,12.499,13.312,14.368,16.173,17.743,19.343,20.922,22.393,22.415,24.722,24.747,24.133,25.1,26.013,27.804,29.844,30.479,32.444,35.409,38.039,40.901,44.305,47.906,51.666
Malaysia,46.347,54.253,61.028,67.382,75.233,76.932,79.385,85.732,97.576,110.589,125.061,141.635,157.735,177.453,197.938,221.953,248.624,271.442,254.298,273.692,304.161,312.623,334.612,360.969,395.799,428.524,466.415,509.194,544.035,539.233,586.796,630.696,677.647,701.7,745.387,750.777,783.874,829.297,890.231,946.385,903.704,970.748,1089.499,1183.942,1272.36,1356.033,1444.143,1530.878
Maldives,0.243,0.287,0.327,0.355,0.432,0.507,0.561,0.626,0.705,0.801,0.797,0.881,0.959,1.035,1.137,1.246,1.384,1.554,1.726,1.877,2.011,2.127,2.292,2.931,3.191,2.859,3.717,4.111,4.588,4.283,4.65,5.153,5.438,6.14,6.957,7.628,8.279,8.964,9.924,10.796,7.266,10.097,11.385,12.767,13.94,15.026,16.172,17.414
Mali,3.84,4.012,3.768,4.042,4.289,4.568,4.944,5.192,5.378,6.187,7.016,7.81,7.863,8.336,8.838,9.294,10.153,10.823,11.265,12.138,12.405,14.635,15.325,17.052,17.783,19.539,21.081,22.408,23.927,25.208,26.892,28.34,28.185,29.823,32.435,35.447,39.327,41.593,44.608,47.569,47.544,51.035,55.335,60.017,64.729,69.358,74.259,79.519
Malta,1.845,2.074,2.205,2.351,2.455,2.593,2.746,2.974,3.289,3.661,3.974,4.351,4.81,5.118,5.468,5.966,6.318,6.739,7.046,7.416,7.508,7.587,7.903,8.388,8.625,9.196,9.718,10.457,11.066,11.01,11.76,12.061,12.703,13.757,14.924,16.674,18.079,20.684,22.456,24.197,22.444,25.578,28.486,30.653,32.63,34.391,36.247,38.178
Marshall Islands,,,,,,,,,,,,,,,,,,0.103,0.104,0.104,0.108,0.118,0.124,0.125,0.128,0.135,0.139,0.147,0.14,0.145,0.157,0.159,0.158,0.167,0.169,0.173,0.177,0.187,0.197,0.214,0.211,0.217,0.235,0.25,0.263,0.274,0.284,0.295
Mauritania,,,,,,,,,,,5.71,5.903,6.144,6.659,6.593,7.393,7.966,7.776,8.081,8.496,8.348,8.468,8.719,9.507,10.224,11.448,13.965,14.06,14.282,14.388,14.942,15.889,16.42,18.036,16.883,16.995,19.569,21.878,23.415,25.215,25.069,26.887,29.993,32.246,35.92,38.853,41.183,43.945
Mauritius,1.928,2.235,2.503,2.611,2.834,3.125,3.499,3.95,4.367,4.74,5.271,5.691,6.2,6.67,7.094,7.553,8.121,8.731,9.365,9.745,10.782,11.38,11.745,12.694,13.595,14.225,15.326,16.641,17.874,18.585,19.632,20.857,21.304,22.487,23.312,24.28,26.155,27.082,28.771,30.168,25.983,28.118,31.72,34.502,36.784,38.759,40.811,42.978
Mexico,404.343,480.331,507.355,508.842,545.189,574.732,568.252,592.337,621.094,671.949,733.175,789.918,836.529,879.797,942.99,902.193,980.94,1066.175,1133.852,1181.49,1267.975,1291.299,1310.902,1356.11,1447.108,1526.933,1644.803,1727.961,1781.237,1697.898,1806.252,1911.319,2012.768,2064.491,2173.228,2230.644,2383.39,2472.586,2587.222,2628.61,2443.011,2666.61,2890.685,3051.967,3183.309,3312.234,3444.955,3583.476
"Micronesia, Fed. States of",,,,,,,,,,,,,,,,0.217,0.215,0.205,0.213,0.219,0.235,0.246,0.251,0.26,0.259,0.272,0.28,0.282,0.281,0.286,0.296,0.312,0.312,0.306,0.304,0.321,0.327,0.343,0.352,0.362,0.36,0.363,0.383,0.406,0.427,0.442,0.454,0.466
Moldova,,,,,,,,,,,,,13.089,13.238,9.343,9.403,9.01,9.312,8.805,8.625,9.006,9.771,10.697,11.628,12.824,14.218,15.36,16.248,17.851,16.888,18.304,19.772,21.055,23.961,25.218,26.233,29.732,32.101,34.281,36.186,33.582,39.855,42.483,44.634,48.377,52.03,55.709,59.655
Mongolia,2.955,3.505,4.032,4.433,4.864,5.303,5.92,6.281,6.837,7.402,7.489,7.03,6.524,6.467,6.746,7.327,7.628,8.062,8.425,8.806,9.109,9.746,10.419,11.407,12.817,14.079,15.698,17.534,19.267,18.99,20.623,24.692,28.89,30.402,32.507,31.928,32.818,35.392,39.044,41.969,40.539,42.824,46.421,51.162,55.829,60.392,64.967,69.569
Montenegro,,,,,,,,,,,,,,,,,,,,,5.002,5.171,5.351,5.594,5.996,6.444,7.214,7.913,8.646,8.196,8.519,8.974,8.604,9.237,9.558,10.164,11.324,12.263,13.194,13.976,11.98,14.029,15.476,16.611,17.496,18.355,19.277,20.249
Morocco,28.99,30.855,35.913,37.111,40.118,44.004,48.616,48.551,55.498,59.039,63.719,70.628,70.722,71.862,81.168,78.391,89.703,89.825,97.412,99.853,104.068,114.202,119.602,129.233,139.068,148.151,164.29,174.689,188.585,197.848,207.866,223.316,226.124,236.67,229.402,247.207,253.685,264.213,279.042,291.441,276.391,308.565,331.542,357.069,376.714,396.076,416.963,439.526
Mozambique,2.436,2.8,2.768,2.424,2.349,2.447,2.439,2.867,3.211,3.554,3.724,4.102,3.938,4.459,4.852,5.066,5.736,6.495,7.22,8.178,8.462,9.699,10.765,11.733,13.001,14.3,16.17,17.891,19.569,20.938,22.568,24.745,25.746,27.733,29.941,34.918,37.951,36.776,38.951,40.565,40.548,43.143,47.606,51.466,57.097,61.214,71.032,81.952
Myanmar,,,,,,,,,,,,,,,,,,,35.372,38.895,44.715,51.423,57.409,66.268,78.47,91.911,107.354,124.038,135.972,142.844,152.146,163.804,184.501,198.338,209.644,216.278,213.835,225.517,245.693,266.971,278.806,238.303,257.343,273.036,288.293,302.835,318.001,335.007
Namibia,,,,,,,,,,,5.485,5.973,6.676,6.723,7.073,7.519,7.901,8.376,8.749,9.171,9.707,10.163,11.011,11.619,12.722,13.734,14.717,15.665,16.389,16.543,17.753,19.044,20.502,21.744,23.796,24.615,24.588,24.438,25.287,25.511,23.624,24.827,27.118,28.965,30.404,31.806,33.232,34.755
Nauru,,,,,,,,,,,,,,,,,,,,,,,,,0.035,0.036,0.04,0.032,0.04,0.043,0.049,0.055,0.062,0.083,0.107,0.112,0.116,0.112,0.121,0.125,0.127,0.134,0.144,0.152,0.159,0.166,0.172,0.178
Nepal,6.725,7.975,8.788,8.86,10.069,11.026,11.761,12.257,13.666,14.816,16.083,17.686,18.832,20.02,22.128,23.376,25.074,26.848,27.949,29.614,32.137,34.711,35.294,37.411,40.214,42.918,45.73,48.569,52.522,55.255,58.612,61.877,67.618,72.735,79.3,80.943,81.509,98.516,108.558,117.856,116.785,124.876,138.2,151.076,163.556,175.671,188.569,202.369
Netherlands,164.978,179.659,188.313,199.127,212.748,225.305,237.026,247.382,267.848,290.823,314.312,332.908,345.905,358.579,377.257,395.848,417.182,442.741,468.626,499.144,531.888,556.532,566.43,578.52,605.831,637.618,680.046,724.769,754.712,731.693,750.418,777.881,792.042,827.476,830.319,852.113,890.399,948.182,993.753,1031.31,1003.813,1098.174,1201.755,1263.045,1317.008,1364.332,1412.142,1461.651
New Zealand,28.527,32.151,35.12,36.45,40.355,42.136,43.762,45.937,47.821,49.909,51.787,52.832,54.416,58.618,63.207,67.696,71.743,74.759,75.849,80.416,85.735,89.917,95.629,101.649,109.355,116.357,123.438,131.16,133.429,132.662,136.63,142.009,144.371,157.733,167.208,170.578,185.068,197.061,208.692,218.527,216.575,238.278,260.122,275.016,287.253,297.98,311.215,324.619
Nicaragua,6.186,7.134,7.513,8.167,8.33,8.242,8.323,8.468,7.68,7.846,8.129,8.39,8.616,8.785,9.421,10.187,11.032,11.667,12.237,13.282,14.14,14.887,15.233,15.925,17.221,18.522,19.82,21.389,22.548,21.945,23.189,25.166,26.49,27.95,30.356,32.945,35.895,38.335,37.93,37.19,36.894,42.386,46.757,49.22,51.642,54.071,56.651,59.509
Niger,4.074,4.452,4.829,4.825,4.158,4.62,5.013,5.141,5.688,5.968,6.11,6.289,6.561,6.739,7.01,7.333,7.475,7.72,8.585,8.687,8.776,9.626,10.257,10.688,11.015,12.194,13.316,14.105,15.487,15.893,17.464,18.247,20.574,20.822,21.91,22.907,23.871,25.137,27.592,29.745,31.194,32.929,37.423,41.324,47.225,54.672,59.649,64.687
Nigeria,,,,,,,,,,,173.963,178.853,186.942,194.375,199.036,207.014,219.347,229.568,237.945,242.557,261.742,285.481,332.274,371.029,420.772,464.382,510.909,563.115,615.232,670.896,755.404,808.786,836.15,897.506,971.492,982.912,973.442,990.7,1033.87,1075.606,1069.036,1154.076,1268.536,1347.041,1420.473,1491.006,1563.915,1641.372
North Macedonia ,,,,,,,,,,,,,11.57,10.956,10.989,11.096,11.435,11.789,12.325,13.042,13.943,13.819,14.244,14.848,15.96,17.238,18.683,20.429,21.961,22.022,23.035,24.064,24.559,26.27,27.776,28.76,31.37,32.458,34.191,36.164,34.363,37.21,40.81,43.17,45.869,48.495,51.18,54.022
Norway,60.566,67.356,71.686,77.452,85.105,92.671,98.359,102.559,105.904,111.2,117.591,125.318,132.755,139.768,149.97,159.478,170.563,182.673,189.577,196.118,206.989,216.044,222.584,229.043,244.527,258.817,273.206,288.991,295.936,292.689,298.286,307.472,327.988,340.138,338.506,313.315,308.491,332.135,343.875,352.637,354.327,383.529,423.871,447.832,469.126,486.352,502.252,518.823
Oman,12.166,15.594,18.461,22.244,26.251,31.014,32.317,31.794,34.642,37.074,41.684,45.698,50.709,55.1,58.441,62.549,65.535,70.783,73.515,74.799,81.503,87.075,87.459,86.807,90.288,95.438,103.669,111.211,122.639,130.968,135.135,141.481,155.907,158.88,156.303,133.78,129.565,135.696,140.215,141.546,139.19,147.88,165.947,175.505,184.408,194.51,203.38,212.642
Pakistan,78.978,91.817,104.862,116.366,125.356,140.581,152.537,165.392,182.245,198.498,215.376,234.075,257.53,269.164,286.923,307.767,334.085,345.632,361.734,382.172,406.104,423.422,443.403,473.522,522.617,587.292,640.638,694.379,742.996,750.455,779.074,824.079,847.095,883.375,931.731,981.558,1010.73,1058.469,1149.817,1206.902,1209.203,1329.554,1468.862,1576.501,1689.613,1807.014,1934.692,2071.746
Palau,,,,,,,,,,,,,,,,,,,,,0.154,0.173,0.183,0.182,0.194,0.207,0.213,0.221,0.213,0.201,0.2,0.214,0.222,0.223,0.238,0.261,0.266,0.262,0.268,0.268,0.245,0.211,0.243,0.297,0.313,0.329,0.344,0.36
Panama,6.997,8.364,9.355,9.285,9.881,10.697,11.302,11.372,10.198,10.763,12.07,13.653,15.11,16.312,17.135,17.801,19.463,21.082,22.882,24.105,25.326,26.041,27.041,28.74,31.727,35.072,39.242,45.184,50.589,51.546,55.206,62.728,70.434,79.815,89.33,100.479,112.346,125.038,132.743,139.144,115.551,138.81,158.608,171.537,184.548,197.748,211.72,226.718
Papua New Guinea,3.179,3.52,3.768,4.05,4.155,4.44,4.786,5.039,5.369,5.5,5.527,6.261,7.289,8.457,9.543,9.408,10.212,9.729,10.299,10.638,10.608,10.834,10.985,12.215,12.616,13.565,14.338,15.876,16.133,17.34,19.326,19.946,21.265,22.465,25.985,27.971,29.803,31.442,32.103,34.141,33.34,35.331,39.339,42.265,44.621,46.886,49.251,51.744
Paraguay,11.131,13.301,13.926,14.031,14.947,16.016,16.382,17.471,19.15,21.059,22.747,24.337,25.314,27.193,29.251,31.902,32.998,34.991,35.409,35.417,35.381,35.877,36.428,38.752,41.407,43.616,47.124,51.021,55.377,55.587,62.497,66.53,64.335,72.02,75.594,76.83,81.617,86.46,91.362,92.623,92.97,100.901,107.554,115.768,122.77,129.672,136.85,144.451
Peru,53.843,62.156,65.783,61.982,66.659,70.204,80.287,88.639,83.119,74.785,73.635,77.814,79.158,85.283,97.826,107.279,112.302,121.636,122.524,126.108,132.44,136.26,145.931,155.008,167.063,183.13,202.994,226.239,251.621,256.009,280.674,304.634,318.033,337.9,348.886,355.376,376.168,399.121,424.907,441.808,397.869,469.509,513.715,545.075,575.242,604.725,635.175,667.256
Philippines,92.074,104.235,114.681,121.406,116.576,111.475,117.605,125.71,138.93,153.338,163.907,168.711,173.277,181.254,193.222,206.398,222.494,238.069,239.511,251.014,267.951,282.342,297.398,318.695,348.748,377.462,409.796,448.308,476.755,486.76,528.741,560.551,612.131,654.004,699.662,733.864,798.601,854.095,929.955,1004.508,919.293,1011.099,1143.862,1252.267,1367.063,1485.358,1612.829,1751.799
Poland,171.568,169.02,170.766,187.391,193.443,207.266,218.828,229.402,245.293,264.63,254.847,245.009,255.686,272.968,293.405,319.711,345.877,376.774,399.996,423.984,452.059,467.815,481.964,508.671,548.352,585.38,640.441,704.195,747.842,773.952,812.553,868.897,903.837,934.553,968.368,1020.667,1075.284,1145.324,1235.465,1317.238,1299.137,1429.836,1575.777,1669.395,1764.448,1859.512,1958.761,2063.684
Portugal,59.193,67.076,72.761,76.345,78.276,82.073,86.505,95.41,104.049,115.319,129.037,137.896,145.453,147.877,153.285,160.11,168.755,179.22,189.951,200.152,212.498,221.509,226.696,229.019,239.373,248.81,260.655,274.409,280.564,273.547,281.646,282.621,277.992,292.135,298.952,307.312,326.331,340.796,358.879,375.1,347.571,379.687,419.652,441.327,463.043,482.695,501.543,521.216
Puerto Rico,22.184,24.543,25.264,26.377,29.329,30.879,34.073,36.632,40.392,44.05,47.426,50.16,53.645,57.467,61.151,65.274,68.007,72.555,78.154,82.753,87.397,97.827,101.508,105.935,110.94,112.145,113.976,115.696,115.74,114.207,115.102,117.073,118.421,119.192,119.065,118.146,117.009,114.27,112.142,115.845,112.663,118.519,132.001,136.508,137.63,139.047,141.074,143.874
Qatar,20.834,21.917,21.361,21.015,25.254,22.658,23.971,24.785,26.865,29.398,26.032,26.502,29.932,30.368,31.615,32.394,34.383,44.68,49.815,52.42,57.331,61.261,66.492,70.507,86.319,95.963,126.704,153.799,184.17,209.562,249.717,283.716,311.041,322.985,317.406,238.529,220.585,249.963,259.095,265.545,259.184,274.059,301.231,317.986,331.487,347.791,364.223,385.594
Romania,111.193,121.835,134.408,148.052,162.599,167.573,175.049,180.814,186.254,182.332,178.539,160.717,149.97,155.869,165.458,180.986,191.577,183.084,176.225,176.653,185.932,200.041,214.745,224.11,254.124,274.328,305.498,336.451,374.818,356.407,346.62,360.566,378.487,395.318,411.273,428.249,478.155,534.707,571.977,606.594,590.895,651.62,707.747,753.69,801.273,846.661,893.446,942.917
Russian Federation,,,,,,,,,,,,,1602.609,1497.86,1335.563,1307.66,1283.56,1323.738,1267.082,1366.548,1537.897,1652.594,1757.977,1924.417,2117.874,2323.559,2590.557,2887.648,3097.461,2873.513,3039.017,3259.319,3480.299,3741.783,3763.535,3526.236,3538.582,3818.781,4019.767,4181.617,4117.746,4490.456,4365.443,4393.698,4569.383,4709.687,4840.76,4971.396
Rwanda,2.108,2.364,2.448,2.698,3.157,3.4,3.66,3.739,3.882,3.804,3.963,3.921,4.275,3.922,2.328,2.96,3.364,3.932,4.307,4.513,5.001,5.548,6.377,6.648,7.334,8.273,9.314,10.298,11.666,12.473,13.549,14.932,15.707,16.686,18.915,20.516,21.966,23.665,26.308,29.315,28.672,32.911,37.211,41.165,45.51,49.926,54.014,58.446
Saint Kitts and Nevis,0.13,0.146,0.165,0.168,0.19,0.209,0.232,0.257,0.294,0.324,0.355,0.375,0.395,0.426,0.459,0.485,0.523,0.571,0.583,0.615,0.69,0.743,0.765,0.749,0.8,0.905,0.963,0.995,1.127,1.096,1.11,1.151,1.106,1.162,1.266,1.272,1.337,1.404,1.476,1.574,1.371,1.377,1.609,1.735,1.854,1.943,2.035,2.131
Saint Lucia,0.285,0.328,0.356,0.385,0.43,0.5,0.583,0.621,0.733,0.83,0.946,0.982,1.084,1.116,1.158,1.203,1.261,1.274,1.369,1.425,1.458,1.44,1.469,1.562,1.72,1.767,1.935,2.026,2.165,2.139,2.176,2.328,2.312,2.396,2.455,2.43,2.573,2.701,2.847,2.896,2.334,2.596,3.025,3.302,3.503,3.641,3.767,3.898
Saint Vincent and the Grenadines,0.191,0.217,0.236,0.253,0.276,0.297,0.32,0.33,0.386,0.414,0.451,0.476,0.522,0.553,0.558,0.609,0.627,0.661,0.698,0.723,0.753,0.782,0.833,0.902,0.961,1.013,1.113,1.178,1.206,1.199,1.161,1.178,1.195,1.257,1.304,1.323,1.434,1.439,1.518,1.552,1.487,1.541,1.72,1.885,1.993,2.093,2.191,2.295
Samoa,0.192,0.191,0.201,0.21,0.222,0.242,0.259,0.267,0.284,0.312,0.303,0.306,0.326,0.339,0.368,0.401,0.438,0.449,0.459,0.462,0.497,0.546,0.585,0.628,0.665,0.731,0.77,0.795,0.839,0.839,0.871,0.926,0.905,0.917,0.935,0.985,1.075,1.107,1.12,1.19,1.173,1.123,1.193,1.279,1.362,1.439,1.512,1.58
San Marino,,,,,,,,,,,,,,,,,,1.149,1.249,1.381,1.443,1.557,1.587,1.681,1.805,1.907,2.041,2.245,2.279,2.061,1.965,1.834,1.748,1.74,1.825,1.85,1.925,1.982,2.06,2.141,2.022,2.216,2.387,2.485,2.579,2.666,2.754,2.845
Saudi Arabia,418.074,466.519,392.661,342.542,338.361,314.871,375.858,359.609,421.094,435.406,520.329,618.658,657.989,664.397,682.38,698.165,729.701,750.476,780.881,762.083,823.191,831.545,820.697,930.98,1032.051,1123.745,1190.721,1245.489,1348.705,1329.398,1413.177,1586.748,1672.472,1680.158,1722.862,1541.833,1475.67,1565.892,1643.609,1678.596,1628.533,1751.188,2002.542,2137.752,2250.198,2357.578,2468.993,2587.507
Senegal,6.037,6.943,7.951,7.822,8.408,8.958,9.423,10.245,10.543,11.393,11.739,12.446,12.888,13.366,13.621,14.754,15.305,15.992,17.138,18.419,19.568,20.871,21.211,22.84,24.542,26.403,27.852,29.413,31.087,32.147,33.637,34.794,36.714,37.797,40.124,43.318,46.119,49.402,53.723,57.207,58.665,64.81,72.341,81.385,91.745,98.893,106.536,113.011
Serbia,,,,,,,,,,,,,,,,,,46.629,48.3,43.031,47.42,50.909,55.382,58.968,66.029,75.015,81.279,88.851,95.677,93.659,95.478,99.446,100.311,104.804,104.531,105.951,111.92,116.697,124.856,132.594,132.925,148.679,163.599,175.25,186.747,198.199,210.182,222.928
Seychelles,0.275,0.29,0.301,0.311,0.336,0.383,0.393,0.423,0.461,0.528,0.589,0.626,0.686,0.753,0.751,0.77,0.863,0.984,1.02,1.054,1.124,1.123,1.154,1.108,1.105,1.242,1.401,1.589,1.585,1.578,1.698,1.832,1.904,2.012,2.255,2.311,2.54,2.695,2.847,2.988,2.79,3.137,3.489,3.795,4.083,4.354,4.64,4.945
Sierra Leone,2.777,3.096,3.346,3.422,3.606,3.469,3.544,3.718,3.928,4.285,4.517,4.296,3.97,4.067,4.299,3.949,3.024,2.535,2.542,2.369,2.515,3.039,3.901,4.349,4.761,5.131,5.513,6.118,6.572,6.825,7.277,7.897,9.434,11.988,12.544,11.469,12.3,12.234,12.96,13.885,13.776,14.806,16.277,17.49,18.79,20.152,21.456,22.823
Singapore,22.883,27.757,31.565,35.607,40.136,41.147,42.539,48.299,55.634,63.689,72.561,80.032,87.291,99.6,113.015,123.664,135.337,149.12,147.494,158.126,176.324,178.366,188.253,200.699,226.572,250.891,281.927,315.667,327.716,330.238,382.734,414.967,435.965,448.14,461.772,481.405,501.496,534.906,567.736,584.224,566.768,635.27,701.804,743.482,781.97,817.841,854.974,893.624
Slovak Republic,,,,,,,,,,,,,,43.952,47.677,52.509,57.181,60.753,63.941,64.773,67.013,70.753,75.096,80.789,87.337,96.042,107.414,122.266,131.558,125.178,134.12,140.805,145.827,151.589,157.124,162.322,160.984,167.957,178.494,186.421,180.444,193.62,211.119,228.33,242.84,257.236,269.903,282.967
Slovenia,,,,,,,,,,,,,22.321,23.489,25.263,26.85,28.326,30.27,31.615,33.769,35.803,37.787,39.721,41.704,44.691,47.843,52.153,57.301,60.45,56.245,57.686,59.391,59.745,61.745,63.653,65.283,70.072,75.777,81.019,85.149,82.53,92.936,102.424,108.65,114.57,120.266,126.039,132.011
Solomon Islands,0.223,0.24,0.25,0.27,0.28,0.28,0.285,0.317,0.332,0.36,0.382,0.418,0.482,0.513,0.567,0.637,0.659,0.664,0.68,0.687,0.602,0.566,0.559,0.607,0.665,0.724,0.783,0.84,0.905,0.935,1.027,1.125,1.167,1.251,1.288,1.319,1.411,1.514,1.612,1.66,1.608,1.672,1.705,1.813,1.914,2.012,2.114,2.221
Somalia,,,,,,,,,,,,,,,,,,,,,,,,,,,,,,,,14.661,11.362,10.594,12.498,14.94,16.109,15.743,16.736,17.599,17.749,18.857,20.641,22.026,23.403,24.815,26.315,27.938
South Africa,,,,,,,,,,,,,,275.983,290.899,306.205,325.22,339.429,344.966,358.222,381.724,400.863,422.175,443.204,475.829,516.648,562.435,608.599,640.063,634.257,661.392,696.526,698.221,730.518,741.916,758.901,772.769,790.171,821.082,836.716,792.333,865.82,937.964,979.648,1017.817,1053.224,1088.979,1126.141
"South Sudan, Republic of",,,,,,,,,,,,,,,,,,,,,,,,,,,,,,,,32.402,14.508,17.633,17.392,16.179,12.577,11.185,11.231,11.532,10.902,11.96,13.533,14.716,15.775,16.833,17.92,19.08
Spain,294.435,320.976,345.03,364.466,384.033,405.533,427.895,463.512,505.215,551.298,593.93,629.524,649.347,656.004,685.658,728.891,760.21,803.21,848.548,901.338,968.334,1029.128,1073.673,1127.531,1193.9,1276.364,1369.742,1457.433,1498.582,1451.343,1471.25,1489.595,1483.647,1512.074,1558.307,1621.505,1733.039,1843.933,1931.225,2006.709,1811.093,1983.12,2209.419,2351.186,2483.664,2584.081,2680.703,2778.603
Sri Lanka,16.339,18.841,21.051,22.601,24.991,27.06,28.786,29.927,31.818,33.81,37.241,42.666,42.271,46.508,51.318,55.565,63.464,71.202,70.818,73.884,81.918,82.132,86.52,93.469,101.204,110.893,123.081,134.998,145.774,151.9,166.048,183.744,210.688,223.39,233.895,242.361,259.19,269.854,285.34,296.995,289.846,312.69,340.861,360.703,380.076,398.86,418.046,438.559
Sudan,20.182,23.487,25.968,26.577,25.987,26.641,29.877,32.595,35.192,37.093,38.804,42.934,46.346,48.749,51.54,57.283,61.52,66.371,72.65,76.794,85.119,96.495,103.821,112.528,121.484,132.37,145.367,157.858,167.074,163.491,171.84,169.773,137.75,142.298,168.145,170.579,220.533,191.889,191.974,190.523,185.82,194.51,207.336,221.931,240.015,261.64,284.128,307.075
Suriname,2.187,2.44,2.427,2.394,2.406,2.46,2.449,2.289,2.625,2.791,2.852,2.541,2.701,2.704,2.568,2.919,3.305,3.597,3.718,3.736,3.817,4.094,4.314,4.671,5.147,5.57,6.073,6.555,6.958,7.213,7.677,8.295,9.148,9.854,10.226,9.623,8.509,10.431,11.209,11.534,9.817,9.865,10.676,11.233,11.815,12.417,13.041,13.699
Sweden,87.604,100.245,107.926,114.461,123.748,130.63,137.22,145.257,154.09,164.389,171.821,175.673,177.996,178.882,189.883,201.494,208.424,218.528,230.516,243.693,261.092,270.845,281.109,293.278,314.211,333.329,359.637,382.059,387.631,373.185,400.15,421.516,432.488,444.617,457.508,481.3,500.373,530.433,553.695,574.794,564.594,616.289,674.263,713.372,747.583,778.486,810.065,842.795
Switzerland,114.301,127.127,133.041,139.034,148.681,159.157,165.275,171.996,183.701,199.432,214.539,219.922,224.434,229.307,237.194,243.55,249.398,259.365,270.236,278.646,296.568,308.234,313.134,319.064,336.242,356.678,382.922,409.238,428.146,422.042,440.782,458.572,479.447,503.67,525.099,546.963,570.047,588.111,619.864,638.794,630.23,680.853,739.494,772.369,805.627,832.008,863.647,891.358
Syria,18.922,22.465,24.469,25.835,25.028,27.704,26.917,27.928,32.591,31.814,36.423,41.694,48.293,53.1,57.236,61.605,64.594,64.991,69.373,68.155,71.298,75.587,81.292,81.208,89.144,97.654,105.747,114.767,122.204,130.259,136.359,,,,,,,,,,,,,,,,,
São Tomé and Príncipe,0.138,0.136,0.148,0.148,0.144,0.163,0.156,0.155,0.164,0.176,0.179,0.187,0.192,0.199,0.208,0.217,0.224,0.23,0.238,0.248,0.254,0.266,0.277,0.301,0.321,0.355,0.399,0.423,0.466,0.481,0.519,0.553,0.557,0.638,0.747,0.765,0.79,0.811,0.855,0.89,0.928,0.984,1.063,1.125,1.193,1.263,1.339,1.42
Taiwan Province of China,61.57,72.18,80.326,91.004,103.763,112.19,127.624,147.456,164.905,186.319,204.002,228.557,253.192,276.854,303.984,330.526,357.368,385.528,406.261,439.72,478.077,481.996,516.34,548.775,602.68,655.041,714.22,783.772,805.185,797.275,889.524,941.367,973.232,1015.239,1066.102,1102.036,1112.781,1143.224,1203.154,1262.201,1320.321,1461.583,1603.723,1699.499,1779.734,1854.287,1930.332,2009.879
Tajikistan,,,,,,,,,,,,,8.099,7.37,5.917,5.286,5.148,5.325,5.671,5.963,6.605,7.442,8.246,9.267,10.524,11.581,12.774,14.143,15.553,16.263,17.528,19.216,21.657,24.57,27.63,25.288,26.986,28.887,31.825,34.791,36.756,41.806,45.54,48.549,51.734,54.906,58.225,61.756
Tanzania,10.461,11.508,12.293,13.081,14.014,15.122,16.444,17.845,19.288,20.806,23.105,24.381,25.082,25.987,26.958,28.505,30.347,31.958,33.516,35.634,38.239,41.446,45.107,49.165,54.436,60.281,65.037,72.449,77.948,82.67,88.984,98.013,95.918,103.322,108.827,117.377,127.683,134.162,146.926,159.979,169.689,185.39,206.568,223.917,242.883,262.39,283.67,306.54
Thailand,74.669,86.563,96.832,106.24,116.415,125.671,135.296,151.84,178.083,207.632,240.438,269.457,301.035,334.905,369.414,407.786,438.723,433.999,405.379,429.888,459.213,485.732,523.636,572.359,624.687,671.257,726.346,786.52,815.436,814.994,886.76,912.79,1008.787,1049.948,1059.446,1087.227,1146.041,1205.839,1286.782,1337.984,1270.215,1343.727,1475.656,1585.228,1686.341,1778.542,1872.104,1967.618
Timor-Leste,,,,,,,,,,,,,,,,,,,,,1.105,1.315,1.246,1.242,1.281,1.361,1.345,1.523,1.729,1.916,2.12,2.293,2.658,2.864,3.195,3.484,3.817,3.95,4.017,4.888,5.504,5.446,4.573,4.807,4.979,5.203,5.433,5.707
Togo,2.714,2.869,2.933,2.891,3.172,3.394,3.575,3.572,4.073,4.406,4.84,4.974,4.925,4.219,4.909,5.999,5.872,6.201,6.128,6.373,6.454,6.653,7.016,7.635,7.763,7.633,8.077,8.197,8.694,9.234,9.915,10.769,11.214,11.966,12.793,13.806,14.676,15.491,16.649,17.873,18.406,20.149,22.612,24.735,26.992,29.335,31.857,34.601
Tonga,0.067,0.083,0.1,0.11,0.164,0.178,0.198,0.206,0.206,0.216,0.235,0.257,0.253,0.259,0.27,0.297,0.303,0.306,0.317,0.328,0.349,0.362,0.384,0.392,0.394,0.405,0.408,0.409,0.437,0.417,0.425,0.463,0.476,0.486,0.505,0.516,0.555,0.585,0.6,0.616,0.627,0.649,0.678,0.719,0.759,0.794,0.824,0.855
Trinidad and Tobago,7.566,8.661,9.545,8.897,8.688,8.594,8.479,8.293,8.249,8.501,8.952,9.543,10.746,10.927,11.558,12.25,13.364,14.618,15.983,17.509,19.141,20.296,22.087,25.649,28.267,30.872,36.338,38.908,40.957,39.231,41.077,41.85,40.459,40.731,40.499,37.892,36.333,37.754,38.383,39.003,36.562,37.706,42.259,44.817,47.472,48.965,50.424,51.953
Tunisia,14.468,16.711,17.658,19.207,21.041,22.937,23.058,25.212,26.12,27.844,30.93,33.299,36.786,38.59,40.844,42.815,46.587,50.104,53.182,57.177,60.987,64.728,66.606,71.115,77.577,82.8,89.831,98.448,104.588,108.462,113.62,113.607,116.403,117.962,121.97,121.024,124.271,128.449,134.868,139.355,127.862,137.297,149.184,,,,,
Turkey,159.188,181.854,199.712,217.406,240.621,258.8,282.337,318.331,336.546,350.629,397.415,414.661,449.491,497.151,480.066,525.373,572.48,626.189,652.819,640.415,700.332,674.933,729.649,786.931,887.212,997.317,1099.523,1186.19,1218.79,1167.44,1281.037,1454.112,1550.688,1703.67,1860.471,2022.94,2116.184,2282.304,2406.459,2471.299,2545.939,2943.074,3212.072,3409.063,3621.495,3818.713,4023.68,4238.949
Turkmenistan,,,,,,,,,,,,,17.21,15.856,13.393,12.69,12.056,10.878,11.738,13.867,16.817,20.702,24.34,29.064,34.229,39.905,45.648,52.066,60.89,65.038,76.479,88.101,90.058,89.473,94.076,93.772,90.491,99.986,103.277,101.562,99.75,109.016,117.672,124.291,129.939,135.171,140.231,145.55
Tuvalu,,,,,,,,,,,,,,,,,,,,,0.023,0.024,0.026,0.026,0.026,0.026,0.027,0.029,0.032,0.03,0.03,0.033,0.032,0.034,0.035,0.039,0.041,0.044,0.045,0.053,0.054,0.057,0.063,0.067,0.071,0.076,0.08,0.085
Uganda,5.919,6.729,7.731,8.427,8.469,8.475,8.727,9.301,10.428,11.53,12.739,13.404,14.512,15.849,17.433,19.431,21.092,22.447,24.078,26.36,28.019,31.162,33.881,36.677,39.848,45.21,49.89,55.37,62.317,67.777,73.725,81.034,77.235,80.26,84.146,85.359,86.252,89.786,97.077,106.407,106.131,116.175,129.476,141.972,154.272,169.369,184.481,201.021
Ukraine,,,,,,,,,,,,,331.074,290.793,228.991,205.27,188.125,185.628,184.151,186.372,201.84,224.549,240.135,268.138,307.825,327.321,363.065,403.452,420.235,359.066,378.281,407.226,425.994,486.365,461.987,435.49,475.722,504.188,534.24,561.196,546.376,588.433,,,,,,
United Arab Emirates,89.965,106.378,104.832,103.218,111.703,112.329,92.511,99.827,100.636,121.036,155.152,163.834,172.754,176.798,193.869,210.958,226.293,249.883,254.695,267.972,307.829,318.806,331.8,368.168,414.257,448.041,507.273,537.816,565.75,539.606,554.8,605.575,631.707,647.296,678.339,601.179,598.811,637.385,660.376,695.121,660.342,703.375,779.234,833.096,886.399,939.816,996.96,1059.862
United Kingdom,511.761,556.295,602.31,652.172,690.852,742.095,780.919,843.412,922.064,981.647,1024.837,1046.928,1074.141,1125.996,1193.383,1248.18,1301.9,1389.362,1449.314,1513.682,1604.823,1674.991,1737.215,1825.177,1918.32,2029.785,2146.488,2254.526,2292.254,2208.961,2283.161,2364.569,2453.353,2579.159,2686.205,2795.074,2928.299,3074.393,3199.803,3311.501,3040.718,3402.762,3751.845,3910.719,4065.081,4241.437,4404.443,4559.15
United States,2857.325,3207.025,3343.8,3634.025,4037.65,4339,4579.625,4855.25,5236.425,5641.6,5963.125,6158.125,6520.325,6858.55,7287.25,7639.75,8073.125,8577.55,9062.825,9631.175,10250.95,10581.925,10929.1,11456.45,12217.175,13039.2,13815.6,14474.25,14769.85,14478.05,15048.975,15599.725,16253.95,16843.225,17550.675,18206.025,18695.1,19479.625,20527.15,21372.6,20893.75,22997.5,25346.805,26695.15,27745.531,28790.404,29855.871,30966.064
Uruguay,13.57,15.136,14.57,14.644,15.007,15.71,17.445,19.295,20.268,21.296,22.158,23.718,26.183,27.516,30.15,30.337,32.615,35.045,37.04,36.834,36.942,36.322,34.036,34.987,37.724,41.809,44.866,49.093,53.625,56.258,61.377,65.887,66.779,70.438,74.226,74.939,76.887,79.077,81.353,83.098,78.957,85.859,94.783,100.55,105.807,110.675,115.335,120.212
Uzbekistan,,,,,,,,,,,,,51.142,51.15,49.526,50.11,51.895,55.535,58.575,61.954,65.765,70.071,74.01,78.64,86.727,95.708,106.061,119.275,132.503,144.154,156.236,171.483,180.491,190.612,199.767,209.082,216.467,221.561,239.002,257.168,265.176,296.691,326.015,352.428,379.041,407.932,438.793,472.205
Vanuatu,0.109,0.124,0.134,0.144,0.163,0.17,0.173,0.172,0.175,0.185,0.215,0.229,0.24,0.247,0.276,0.284,0.296,0.316,0.324,0.329,0.357,0.352,0.339,0.361,0.385,0.418,0.468,0.494,0.532,0.551,0.565,0.595,0.612,0.626,0.657,0.666,0.705,0.763,0.804,0.845,0.809,0.847,0.92,0.98,1.039,1.101,1.156,1.213
Venezuela,118.828,128.394,139.933,131.082,142.906,148.703,160.92,172.818,190.559,170.467,188.284,213.592,231.698,237.843,237.216,251.761,255.863,276.857,280.797,267.752,283.914,300.164,277.846,261.357,317.449,361.186,409.088,456.921,490.261,477.603,476.148,506.34,544.83,561.817,550.033,520.974,436.529,375.106,308.707,204.249,144.698,148.451,160.132,167.413,,,,
Vietnam,29.158,33.767,38.776,43.152,48.464,52.806,55.678,58.509,63.662,71.319,77.722,85.018,94.521,104.577,116.246,130.007,144.752,159.251,170.328,180.973,197.635,216.021,234.921,257.144,284.615,315.695,348.145,383.045,412.493,437.546,471.247,511.889,568.401,607.018,660.612,700.257,770.872,851.064,934.11,1018.806,1061.437,1134.024,1278.061,1411.823,1548.457,1689.945,1840.981,2003.851
West Bank and Gaza,,,,,,,,,,,,,,,4.967,5.432,5.599,6.531,7.551,8.291,7.754,7.19,6.39,7.43,9.302,10.677,10.897,11.615,12.717,13.899,14.878,16.646,19.95,20.886,22.996,25.426,27.536,28.519,29.558,30.497,27.371,30.222,33.403,35.61,37.362,38.908,40.486,42.135
Yemen,,,,,,,,,,,24.197,26.59,29.428,31.331,34.151,36.844,39.257,42.023,45.049,47.409,51.48,54.642,57.677,61.02,65.147,70.947,75.455,80.081,84.594,88.427,96.383,85.876,85.441,92.756,94.312,68.589,62.781,60.729,62.647,64.661,59.877,61.119,65.603,69.262,75.935,82.528,89.201,95.975
Zambia,7.806,9.111,9.392,9.648,9.825,10.261,10.645,11.071,12.524,12.539,12.933,13.281,13.863,14.18,12.556,13.19,14.267,15.067,15.177,16.107,17.114,18.43,19.561,21.332,23.445,25.93,28.842,32.096,35.255,38.752,43.256,46.612,49.509,53.42,54.506,54.473,55.712,58.735,62.565,64.602,63.559,69.054,75.69,80.786,86.057,91.504,97.452,104.201
Zimbabwe,,,,,,,,,,,,,,,,,,,28.692,28.773,28.18,28.684,26.887,22.969,22.107,21.11,20.987,20.821,17.757,19.192,23.246,27.098,31.163,34.191,35.502,37.028,37.965,33.371,35.785,34.187,32.767,36.292,39.906,42.352,44.725,47.061,49.47,51.966
Africa (Region),693.649,753.93,822.644,866.15,923.593,981.376,1016.426,1049.903,1125.546,1208.396,1458.155,1537.645,1576.406,1626.549,1698.102,1775.015,1895.711,1988.502,2116.512,2211.522,2355.395,2506.609,2667.037,2861.367,3104.554,3391.514,3697.027,4026.138,4268.523,4423.097,4729.933,4897.03,5160.723,5367.288,5572.208,5717.573,5870.171,6046.794,6401.721,6727.46,6652.208,7288.796,8045.451,8624.177,9206.261,9798.978,10420.739,11099.055
Asia and Pacific,2874.433,3309.801,3661.213,4008.353,4414.717,4827.057,5184.545,5673.895,6329.105,6931.607,7592.792,8227.312,9134.676,9809.149,10539.571,11438.13,12395.709,13188.632,13505.216,14288.024,15430.227,16342.261,17437.407,18845.784,20676.693,22856.847,25344.204,28207.567,30144.157,31502.616,34512.638,37449.352,40438.587,42965.049,44957.827,46774.263,48891.757,51645.432,55642.447,58973.256,58967.329,65362.074,72702.912,78557.69,84337.075,90107.422,96094.327,102379.269
Australia and New Zealand,183.916,209.26,223.291,231.063,254.789,275.42,287.57,307.999,330.663,357.463,375.605,384.263,402.09,428.543,459.338,484.086,512.85,544.134,572.577,606.046,639.939,671.701,711.118,748.22,800.565,850.596,900.057,963.576,1003.543,1025.094,1061.811,1113.123,1128.05,1241.607,1278.071,1282.102,1356.959,1426.642,1502.514,1561.775,1546.385,1688.359,1865.318,1968.993,2062.395,2151.276,2247.858,2350.746
Caribbean,33.385,37.334,39.657,40.271,41.566,42.819,45.168,46.908,48.604,51.313,54.045,56.086,58.619,59.924,60.639,64.97,68.89,72.519,75.496,79.399,83.693,86.992,90.745,97.682,103.357,110.168,120.714,128.451,133.27,131.678,133.214,138.692,139.48,144.62,146.936,145.316,147.597,155.25,161.633,165.064,156.703,168.246,194.25,215.862,227.214,236.914,246.634,256.703
Central America,69.509,77.238,80.45,84.134,88.851,91.688,95.244,101.676,105.212,112.917,118.742,126.087,138.172,148.964,157.026,167.499,177.107,190.268,202.664,213.777,226.355,236.642,248.53,258.594,275.483,299.75,330.385,362.891,385.937,387.804,412.51,442.165,465.059,495.913,537.874,587.415,635.53,677.542,720.279,756.812,709.162,819.456,912.667,977.515,1041.783,1105.796,1173.092,1244.959
Central Asia and the Caucasus,,,,,,,,,,,,,706.382,731.339,690.237,726.879,780.12,844.272,877.148,878.883,962.825,970.01,1074.187,1169.84,1315.021,1487.868,1667.672,1839.754,1929.586,1915.523,2093.352,2335.774,2505.083,2742.501,2942.468,3074.01,3192.109,3412.695,3606.552,3741.51,3802.762,4235.941,4621.119,4920.96,5234.707,5534.013,5837.238,6157.212
East Asia,1554.162,1782.559,1982.753,2180.81,2429.191,2685.257,2893.584,3188.945,3578.07,3902.552,4250.295,4647.959,5008.975,5374.039,5811.736,6303.831,6812.793,7265.037,7497.18,7931.865,8598.198,9150.568,9766.671,10533.899,11534.996,12737.848,14166.94,15871.662,17047.292,17833.359,19608.321,21326.092,22997.235,24456.939,25522.395,26560.349,27453.401,28789.412,30989.116,32924.593,33592.264,37325.273,41196.174,44316.055,47297.574,50231.754,53279.864,56473.181
Eastern Europe ,,,,,,,,,,,,,2677.801,2600.787,2412.561,2587.035,2616.942,2747.106,2735.602,2873.472,3151.437,3366.683,3566.476,3858.63,4244.095,4626.664,5126.008,5666.703,6050.793,5704.988,5967.53,6352.289,6687.206,7126.677,7230.052,7078.189,7316.737,7863.506,8338.795,8747.519,8570.686,9374.066,9045.543,9371.003,9844.491,10266.606,10680.387,11107.831
Europe,4163.629,4558.812,4872.598,5165.166,5487.211,5803.256,6081.229,6412.233,6898.628,7412.37,7869.254,8205.623,10551.622,10644.733,10849.951,11415.879,11770.724,12342.89,12736.268,13314.938,14243.798,14950.695,15459.323,16110.014,17117.052,18149.89,19506.475,20849.676,21570.624,20657.269,21427.026,22381.442,22999.643,24052.732,24661.182,25051.832,26352.958,27927.818,29250.333,30364.871,28991.109,31825.26,33617.291,35216.246,36799.919,38229.421,39625.928,41028.831
Middle East (Region),891.663,975.484,973.391,984.351,998.445,1007.116,1028.924,1045.265,1100.797,1181.66,1384.664,1565.697,1699.523,1758.384,1833.1,1920.74,2036.988,2135.306,2300.756,2352.231,2549.926,2626.388,2722.357,3074.456,3455.78,3730.82,4064.976,4388.041,4668.671,4704.771,5004.801,5278.835,5406.903,5476.269,5524.243,4837.189,4842.022,5191.316,5379.264,5522.573,5344.872,5760.014,6451.096,6860.875,7224.608,7579.748,7945.763,8338.597
North Africa,330.09,342.624,382.938,410.403,437.185,474.317,483.077,488.062,521.15,564.111,600.012,646.013,662.159,676.448,711.581,726.723,778.107,812.904,867.266,914.236,974.936,1027.69,1076.833,1163.023,1246.887,1358.718,1475.451,1599.667,1662.453,1720.623,1815.796,1758.917,1947.219,1944.133,1896.43,1958.321,1957.482,2009.785,2146.072,2274.032,2230.515,2485.668,2753.604,2956.59,3155.339,3360.316,3577.494,3813.372
North America,3572.562,4038.993,4212.655,4527.735,5005.544,5369.65,5624.847,5956.557,6408.47,6900.472,7307.844,7569.233,7999.8,8415.134,8952.37,9300.234,9839.206,10477.003,11074.089,11747.784,12523.131,12925.295,13339.875,13954.905,14872.307,15846.022,16809.867,17613.072,18000.085,17592.698,18329.26,19058.924,19853.234,20581.031,21464.364,22149.714,22873.885,23843.336,25096.338,26056.102,25309.145,27808.023,30606.42,32251.141,33534.377,34802.22,36095.801,37444.141
Pacific Islands ,5.531,6.199,6.598,6.92,7.416,7.724,8.321,8.499,9.045,9.73,10.12,10.952,12.364,13.778,15.274,15.477,16.653,16.18,16.915,17.765,17.768,18.237,18.699,20.214,21.221,22.464,23.719,25.494,26.128,27.313,29.745,30.949,32.886,34.874,39.39,42.447,44.778,47.408,48.994,51.377,48.69,50.768,56.472,61.055,64.953,68.496,71.994,75.683
South America,1094.326,1168.21,1234.196,1244.364,1345.711,1439.476,1572.567,1673.117,1748.625,1806.344,1847.351,1981.556,2084.532,2230.353,2387.646,2525.913,2641.935,2815.704,2882.051,2883.18,3041.505,3136.146,3184.149,3310.352,3643.376,3948.719,4300.125,4712.755,5042.34,5021.545,5416.226,5800.389,5964.397,6255.181,6366.074,6202.579,6143.898,6422.992,6590.612,6655.607,6278.102,7001.062,7607.518,8000.999,8402.382,8773.591,9156.201,9558.401
South Asia,515.061,597.715,660.957,733.105,790.257,861.653,922.613,984.162,1103.696,1210.292,1322.347,1398.237,1508.795,1611.475,1747.699,1906.994,2084.344,2204.352,2349.476,2558.562,2727.083,2908.286,3066.081,3353.139,3704.09,4159.435,4653.616,5203.209,5526.719,5952.088,6561.229,7118.911,7762.994,8177.827,8592.533,9074.225,9752.653,10431.253,11369.532,12036.73,11507.855,12985.846,14828.02,16269.743,17782.11,19367.244,21000.259,22710.981
Southeast Asia,456.575,532.214,587.903,639.048,692.444,738.202,790.121,865.96,971.084,1100.94,1237.009,1371.24,1496.07,1649.976,1815.287,2000.863,2188.949,2314.658,2191.92,2294.904,2484.413,2623.459,2800.652,3020.472,3300.8,3598.636,3932.201,4303.871,4610.889,4749.238,5158.18,5524.504,6012.338,6311.302,6582.97,6741.129,7091.857,7538.021,8125.739,8657.27,8469.372,9075.886,10135.809,11020.884,11895.336,12754.639,13657.115,14611.467
Sub-Saharan Africa (Region) ,363.559,411.306,439.707,455.747,486.408,507.059,533.349,561.841,604.396,644.285,858.143,891.632,914.247,950.101,986.52,1048.292,1117.604,1175.597,1249.246,1297.286,1380.458,1478.919,1590.204,1698.345,1857.667,2032.796,2221.576,2426.471,2606.07,2702.474,2914.137,3138.113,3213.504,3423.156,3675.778,3759.252,3912.689,4037.009,4255.649,4453.427,4421.694,4803.128,5291.847,5667.587,6050.922,6438.662,6843.245,7285.683
Western Europe,3760.192,4130.643,4416.693,4670.506,4960.576,5251.503,5500.949,5803.183,6259.337,6748.214,7224.514,7607.982,7873.821,8043.945,8437.39,8828.844,9153.782,9595.785,10000.665,10441.466,11092.36,11584.012,11892.847,12251.384,12872.956,13523.227,14380.468,15182.973,15519.831,14952.281,15459.496,16029.153,16312.437,16926.055,17431.13,17973.643,19036.221,20064.312,20911.538,21617.352,20420.423,22451.195,24571.748,25845.243,26955.428,27962.815,28945.541,29920.999
Western Hemisphere (Region),4769.781,5321.775,5566.958,5896.504,6481.672,6943.633,7337.827,7778.258,8310.911,8871.046,9327.982,9732.963,10281.122,10854.375,11557.681,12058.616,12727.138,13555.494,14234.3,14924.141,15874.684,16385.074,16863.299,17621.534,18894.523,20204.659,21561.091,22817.168,23561.633,23133.725,24291.21,25440.17,26422.171,27476.745,28515.248,29085.024,29800.91,31099.12,32568.862,33633.585,32453.113,35796.787,39320.855,41445.518,43205.756,44918.522,46671.728,48504.204
ASEAN-5,431.958,502.268,553.903,600.836,649.434,680.683,731.093,796.516,893.263,1013.345,1139.14,1263.931,1379.3,1519.552,1669.144,1841.577,2015.751,2126.444,1968.832,2054.77,2215.79,2342.546,2500.485,2695.097,2932.878,3187.168,3467.016,3783.169,4062.188,4189.436,4530.752,4845.437,5280.402,5547.711,5787.359,5919.831,6244.284,6634.421,7157.667,7639.255,7456.742,8025.881,8982.142,9795.208,10601.14,11394.649,12228.177,13108.779
Advanced economies,8411.268,9388.722,9986.546,10704.647,11624.68,12435.748,13100.512,13932.073,15109.056,16322.181,17445.354,18309.013,19179.238,19942.629,21042.229,22276.099,23371.021,24604.595,25562.501,26844.146,28575.109,29677.792,30630.469,31861.982,33780.616,35813.583,38039.59,40125.379,41018.445,39887.05,41622.736,43221.174,44539.886,46344.983,47854.929,49428.329,51292.635,53609.274,56137.808,58136.108,56121.852,61466.652,67447.346,71104.537,74086.607,76890.619,79680.017,82532.935
Emerging and Developing Asia,1181.021,1368.365,1526.174,1695.672,1883.474,2079.816,2250.508,2473.751,2799.702,3091.559,3394.143,3722.093,4138.483,4614.453,5149.354,5724.896,6319.397,6817.115,7077.219,7637.172,8313.935,9009.491,9753.889,10768.065,11985.121,13499.367,15304.683,17459.722,19074.921,20640.403,22891.661,25196.455,27692.289,29501.058,31055.437,32308.009,34112.511,36273.706,39523.695,42353.479,42459.509,47397.754,53075.051,57745.158,62495.544,67298.916,72309.628,77573.613
Emerging and Developing Europe,,,,,,,,,,,,,3088.92,3004.733,2793.235,2834.929,2893.106,3063.304,3068.022,3185.011,3510.15,3679.129,3914.961,4236.718,4688.467,5135.561,5683.346,6252.825,6642.987,6290.294,6644.893,7174.196,7587.854,8147.428,8375.145,8361.087,8656.027,9311.808,9860.423,10290.02,10218.222,11343.072,11199.561,11648.561,12265.553,12820.672,13379.714,13960.24
Emerging market and developing economies,4981.887,5531.079,5910.259,6215.876,6680.958,7126.69,7548.439,8027.48,8655.931,9282.898,10187.493,10960.228,14064.111,14750.561,15436.176,16332.498,17455.463,18606.537,19330.868,20247.033,21886.808,23157.387,24544.886,26679.883,29502.963,32558.777,36178.311,40214.359,43248.838,44589.554,48410.047,52321.568,55990.404,59108.412,61495.028,62140.154,64570.42,68415.123,73227.937,77210.31,76365.281,84657.765,92796.818,99725.893,106832.446,113903.191,121248.848,128996.991
European Union,3468.762,3798.54,4055.211,4285.737,4551.123,4797.531,5023.938,5280.944,5673.301,6104.951,6497.612,6801.126,7099.344,7275.923,7627.123,8176.744,8487.579,8856.311,9220.119,9615.98,10217.828,10684.831,10986.026,11327.284,11950.255,12584.135,13452.807,14278.975,14679.317,14146.406,14614.488,15190.617,15420.571,15968.719,16446.305,16995.738,18076.125,19133.593,20026.436,20789.401,19780.899,21706.048,23730.275,25053.276,26215.512,27252.183,28273.813,29311.958
Latin America and the Caribbean,1601.563,1763.113,1861.658,1877.611,2021.317,2148.715,2281.231,2414.037,2523.534,2642.522,2753.313,2953.648,3117.851,3319.038,3548.301,3660.575,3868.872,4144.666,4294.063,4357.847,4619.528,4751.078,4834.326,5022.739,5469.323,5885.57,6396.027,6932.058,7342.785,7238.925,7768.202,8292.566,8581.705,8960.205,9224.112,9165.955,9310.415,9728.37,10059.746,10206.093,9586.979,10655.373,11605.12,12246.344,12854.688,13428.536,14020.882,14643.539
Major advanced economies (G7),6773.531,7561.887,8020.751,8610.735,9364.866,10026.975,10543.666,11183.965,12123.458,13075.568,13942.323,14582.809,15229.87,15766.432,16583.933,17353.106,18157.085,19059.862,19818.691,20730.721,21991.895,22760.969,23384.206,24286.018,25659.029,27133.825,28689.474,30067.985,30626.469,29675.15,30902.849,32059.167,33108.635,34422.555,35562.137,36647.776,37910.503,39517.819,41307.435,42722.256,41114.59,44993.476,49365.287,51940.055,53950.765,55893.76,57814.156,59769.811
Middle East and Central Asia,1293.3,1401.759,1453.071,1501.357,1548.49,1607.188,1650.612,1683.065,1787.654,1926.84,2184.251,2431.042,2858.8,2919.266,3018.534,3130.093,3327.549,3481.588,3724.655,3856.686,4157.931,4345.531,4565.93,5078.036,5636.187,6151.527,6734.417,7317.795,7766.229,7898.198,8380.951,8709.203,9072.658,9240.524,9353.441,8737.633,8823.264,9282.634,9748.964,10128.618,9895.479,10686.024,11869.342,12679.746,13449.631,14225.506,15029.994,15894.995
Other advanced economies,762.701,869.279,941.834,1015.534,1121.016,1206.134,1296.588,1412.461,1539.699,1673.083,1808.9,1936.426,2056.934,2192.159,2375.419,2697.449,2878.972,3065.156,3126.073,3342.195,3619.194,3794.59,4002.835,4194.451,4531.503,4866.281,5257.841,5677.627,5891.329,5877.071,6294.218,6643.806,6857.951,7196.333,7440.358,7695.996,8010.433,8396.47,8834.575,9167.989,9080.475,9932.607,10883.879,11538.706,12120.028,12653.994,13200.022,13765.001
Sub-Saharan Africa,343.377,387.818,413.739,429.17,460.421,480.417,503.472,529.246,569.203,607.192,813.63,841.143,860.057,893.07,926.752,982.005,1046.539,1099.863,1166.908,1210.319,1285.264,1372.158,1475.779,1574.326,1723.865,1886.752,2059.839,2251.959,2421.916,2521.734,2724.339,2949.148,3055.898,3259.197,3486.893,3567.47,3668.202,3818.605,4035.109,4232.1,4205.092,4575.542,5047.744,5406.083,5767.029,6129.562,6508.63,6924.605
World,13393.156,14919.801,15896.804,16920.524,18305.638,19562.438,20648.951,21959.554,23764.986,25605.078,27632.847,29269.241,33243.349,34693.19,36478.405,38608.597,40826.484,43211.132,44893.369,47091.18,50461.918,52835.18,55175.355,58541.865,63283.578,68372.36,74217.901,80339.738,84267.283,84476.604,90032.782,95542.742,100530.29,105453.395,109349.957,111568.483,115863.055,122024.396,129365.745,135346.419,132487.132,146124.418,160244.164,170830.429,180919.052,190793.811,200928.865,211529.926
