Implied PPP conversion rate (National currency per international dollar),1980,1981,1982,1983,1984,1985,1986,1987,1988,1989,1990,1991,1992,1993,1994,1995,1996,1997,1998,1999,2000,2001,2002,2003,2004,2005,2006,2007,2008,2009,2010,2011,2012,2013,2014,2015,2016,2017,2018,2019,2020,2021,2022,2023,2024,2025,2026,2027
Afghanistan,,,,,,,,,,,,,,,,,,,,,,,9.092,10.096,10.929,11.736,12.254,13.014,14.883,14.39,15.37,16.613,17.242,17.509,17.036,17.023,17.446,17.206,17.152,17.95,19.123,,,,,,,
Albania,3.21,2.87,2.706,2.602,2.43,2.443,2.339,2.283,2.204,2.122,2.045,2.681,9.166,19.235,25.806,27.763,31.244,34.168,36.062,36.309,37.51,38.081,38.864,40.093,40.276,40.343,40.105,40.763,41.643,42.378,43.756,43.858,43.655,44.114,42.894,42.694,42.39,41.231,40.862,40.649,40.437,41.124,40.086,39.763,39.513,39.414,39.357,39.29
Algeria,1.811,1.893,1.816,1.867,1.926,1.954,1.952,2.023,2.215,2.468,3.1,4.72,5.662,6.255,7.726,9.822,11.911,12.529,12.002,13.16,15.739,15.319,15.283,16.236,17.748,19.983,21.433,22.209,25.138,22.183,25.449,29.476,32.593,33.43,34.04,35.011,37.156,38.856,40.63,39.553,37.666,41.366,46.846,47.345,48.951,51.526,54.621,57.459
Andorra,,,,,,,,,,,,,,,,,,,,,0.698,0.704,0.716,0.724,0.727,0.728,0.731,0.735,0.737,0.734,0.728,0.714,0.695,0.675,0.662,0.665,0.643,0.63,0.622,0.619,0.619,0.606,0.585,0.575,0.569,0.566,0.565,0.564
Angola,0,0,0,0,0,0,0,0,0,0,0,0,0,0,0,0,0.024,0.046,0.064,0.413,2.09,4.218,10.086,19.18,24.925,34.408,39.092,39.703,46.502,38.461,50.047,64.606,65.682,66.019,65.001,68.182,80.779,92.952,117.268,139.589,159.547,212.518,245.466,253.41,264.51,274.071,282.783,292.596
Antigua and Barbuda,1.297,1.284,1.346,1.362,1.365,1.421,1.506,1.6,1.737,1.748,1.713,1.7,1.703,1.694,1.712,1.717,1.737,1.739,1.755,1.757,1.745,1.732,1.717,1.669,1.651,1.672,1.628,1.645,1.685,1.705,1.709,1.691,1.829,1.854,1.915,2.04,2.06,2.094,2.093,2.06,2.071,2.021,1.984,1.993,1.988,1.987,1.988,1.988
Argentina,0,0,0,0,0,0,0,0,0.001,0.016,0.334,0.767,0.852,0.817,0.823,0.832,0.816,0.799,0.776,0.752,0.743,0.718,0.923,0.999,1.031,1.103,1.217,1.362,1.647,1.888,2.255,2.733,3.218,3.941,5.452,6.867,9.295,10.257,14.228,21.096,29.16,42.953,58.986,78.942,103.06,130.947,160.746,189.44
Armenia,,,,,,,,,,,,,0.053,0.79,35.236,89.188,105.437,121.955,134.792,133.158,128.477,130.865,130.048,133.334,138.036,137.875,139.927,142.012,147.62,150.43,160.191,163.65,157.964,159.846,165.186,172.924,161.229,155.971,156.541,155.384,156.631,160.772,162.24,166.034,168.689,171.582,174.564,177.569
Aruba,,,,,,,0.979,0.99,0.986,0.986,1.006,1.028,1.043,1.073,1.116,1.131,1.146,1.169,1.232,1.24,1.224,1.163,1.196,1.209,1.21,1.233,1.238,1.267,1.297,1.31,1.279,1.303,1.318,1.285,1.309,1.362,1.355,1.351,1.349,1.399,1.342,1.336,1.308,1.288,1.275,1.266,1.258,1.25
Australia,0.919,0.925,0.976,1.021,1.044,1.066,1.109,1.159,1.222,1.264,1.28,1.256,1.244,1.228,1.218,1.227,1.229,1.22,1.219,1.213,1.238,1.254,1.27,1.283,1.293,1.312,1.337,1.36,1.419,1.416,1.474,1.511,1.54,1.447,1.452,1.474,1.45,1.466,1.464,1.484,1.478,1.498,1.484,1.442,1.435,1.439,1.444,1.449
Austria,0.898,0.874,0.867,0.865,0.873,0.872,0.878,0.875,0.897,0.888,0.882,0.884,0.895,0.898,0.901,0.899,0.891,0.887,0.881,0.871,0.864,0.861,0.857,0.852,0.844,0.839,0.829,0.826,0.826,0.836,0.833,0.831,0.814,0.797,0.799,0.799,0.777,0.77,0.766,0.765,0.773,0.755,0.74,0.743,0.742,0.743,0.744,0.744
Azerbaijan,,,,,,,,,,,,,0,0.001,0.034,0.114,0.139,0.145,0.142,0.144,0.165,0.171,0.175,0.184,0.196,0.218,0.235,0.276,0.347,0.279,0.314,0.384,0.369,0.359,0.355,0.377,0.431,0.505,0.554,0.543,0.497,0.578,0.71,0.668,0.641,0.624,0.615,0.612
"Bahamas, The",0.978,0.953,0.951,0.953,0.96,0.973,1.005,1.041,1.023,1.084,0.986,0.979,0.994,0.963,0.963,0.951,0.943,0.94,0.958,0.992,0.979,0.961,0.983,0.975,0.961,0.979,0.958,0.96,0.956,0.94,0.925,0.899,0.915,0.903,0.904,0.936,0.924,0.901,0.89,0.89,0.774,0.791,0.796,0.802,0.804,0.808,0.811,0.813
Bahrain,0.185,0.185,0.172,0.159,0.153,0.141,0.107,0.115,0.13,0.129,0.127,0.126,0.121,0.12,0.122,0.124,0.123,0.123,0.11,0.111,0.122,0.118,0.117,0.125,0.135,0.149,0.157,0.166,0.181,0.157,0.166,0.179,0.176,0.181,0.184,0.187,0.19,0.187,0.191,0.188,0.175,0.184,0.191,0.185,0.181,0.179,0.178,0.177
Bangladesh,8.591,8.431,8.664,9.295,10.085,10.703,11.49,12.232,12.77,13.199,13.542,13.716,13.622,13.581,14.048,14.543,14.801,15.166,15.738,16.016,15.93,15.954,16.321,16.708,17.032,17.362,17.83,18.609,19.585,20.817,22.121,23.41,23.787,24.966,25.819,27.284,28.499,29.738,30.495,31.239,32.333,32.708,32.584,33.517,34.532,35.685,36.904,38.158
Barbados,1.345,1.379,1.427,1.45,1.473,1.478,1.514,1.585,1.574,1.618,1.617,1.635,1.632,1.677,1.678,1.66,1.672,1.659,1.783,1.836,1.772,1.772,1.76,1.746,1.799,1.861,1.886,1.992,1.987,1.941,1.991,2.019,2.123,2.146,2.173,2.131,2.119,2.203,2.211,2.292,2.318,2.285,2.196,2.177,2.171,2.169,2.17,2.174
Belarus,,,,,,,,,,,,,0,0,0,0,0,0.001,0.001,0.006,0.016,0.029,0.041,0.052,0.063,0.072,0.077,0.085,0.101,0.106,0.117,0.196,0.32,0.374,0.449,0.525,0.564,0.609,0.667,0.712,0.787,0.854,0.949,1.054,1.157,1.222,1.265,1.306
Belgium,0.842,0.809,0.819,0.833,0.848,0.86,0.866,0.86,0.848,0.855,0.848,0.844,0.853,0.867,0.866,0.883,0.872,0.863,0.869,0.862,0.86,0.858,0.859,0.858,0.851,0.842,0.836,0.829,0.829,0.828,0.834,0.832,0.822,0.806,0.8,0.8,0.781,0.773,0.766,0.766,0.767,0.768,0.756,0.75,0.745,0.743,0.741,0.74
Belize,1.672,1.587,1.616,1.545,1.495,1.458,1.451,1.358,1.398,1.343,1.321,1.237,1.259,1.25,1.268,1.317,1.319,1.277,1.282,1.235,1.214,1.184,1.186,1.131,1.123,1.12,1.132,1.155,1.162,1.124,1.13,1.151,1.239,1.264,1.312,1.319,1.342,1.375,1.346,1.337,1.294,1.282,1.265,1.273,1.27,1.27,1.27,1.27
Benin,144.645,112.014,120.173,129.603,139.203,138.66,130.254,131.767,126.957,124.406,115.342,112.413,113.233,113.242,149.713,168.78,177.194,180.579,187.911,203.026,207.146,206.574,210.633,212.88,208.911,211.256,209.224,204.514,213.577,217.606,216.916,220.434,234.004,231.477,225.044,220.524,214.434,216.774,212.965,208.557,212.005,205.089,201.442,198.108,196.651,196.679,196.835,196.953
Bhutan,4.996,4.776,4.776,4.933,5.153,5.396,5.646,5.705,5.89,6.213,6.373,6.609,7.06,7.497,8.231,8.893,9.459,10.286,11.311,12.123,12.355,12.515,12.951,13.186,13.277,13.501,13.836,14.038,14.357,14.997,15.613,16.397,17.148,18.135,18.677,18.587,18.831,19.208,19.379,19.291,19.765,19.892,19.91,20.463,21.017,21.569,22.081,22.56
Bolivia,0,0,0,0,0.002,0.189,0.612,0.681,0.777,0.846,0.948,1.08,1.195,1.244,1.315,1.435,1.572,1.634,1.729,1.746,1.796,1.79,1.812,1.889,1.987,2.041,2.25,2.352,2.548,2.47,2.655,2.981,3.045,3.033,3.018,2.941,2.835,2.749,2.767,2.699,2.618,2.552,2.388,2.362,2.386,2.42,2.456,2.493
Bosnia and Herzegovina,,,,,,,,,,,,,,,0.481,0.502,0.485,0.554,0.562,0.574,0.6,0.614,0.635,0.632,0.631,0.631,0.654,0.677,0.718,0.713,0.715,0.718,0.706,0.686,0.687,0.694,0.676,0.676,0.679,0.684,0.677,0.665,0.668,0.669,0.67,0.672,0.674,0.676
Botswana,0.42,0.37,0.385,0.399,0.47,0.562,0.59,0.674,0.821,0.838,0.801,0.824,0.886,0.959,1.073,1.13,1.322,1.364,1.515,1.714,1.862,1.957,1.92,1.935,2.08,2.335,2.456,2.536,2.721,3.112,3.312,3.655,3.964,4.126,4.284,4.43,4.575,4.734,4.626,4.56,4.701,4.63,4.595,4.651,4.755,4.868,4.981,5.104
Brazil,0,0,0,0,0,0,0,0,0,0,0,0,0.001,0.012,0.284,0.539,0.627,0.664,0.689,0.734,0.758,0.802,0.867,0.97,1.018,1.061,1.099,1.139,1.215,1.296,1.388,1.473,1.606,1.701,1.813,1.989,2.133,2.182,2.226,2.28,2.368,2.526,2.573,2.631,2.667,2.688,2.707,2.732
Brunei Darussalam,,,,,,0.74,0.45,0.487,0.429,0.439,0.459,0.431,0.429,0.407,0.363,0.366,0.376,0.401,0.35,0.385,0.486,0.449,0.444,0.462,0.521,0.6,0.64,0.652,0.743,0.577,0.599,0.705,0.676,0.668,0.65,0.685,0.666,0.647,0.69,0.655,0.577,0.901,1.433,1.048,0.826,0.728,0.672,0.637
Bulgaria,0.001,0.001,0.001,0.001,0.001,0.001,0.001,0.001,0.001,0.001,0.001,0.002,0.003,0.005,0.01,0.016,0.035,0.345,0.457,0.465,0.489,0.507,0.519,0.52,0.534,0.552,0.572,0.618,0.656,0.677,0.674,0.701,0.693,0.68,0.661,0.679,0.667,0.674,0.686,0.71,0.731,0.745,0.795,0.796,0.788,0.792,0.792,0.793
Burkina Faso,196.622,195.795,204.861,211.459,205.89,203.811,187.11,184.853,184.643,186.26,182.791,169.795,166.389,160.193,179.803,188.033,185.295,184.989,197.455,203.35,197.215,200.51,203.469,202.493,197.378,198.533,191.314,190.923,204.489,208.075,213.374,223.116,238.979,231.079,231.326,225.416,215.197,208.757,208.032,203.083,209.875,199.687,193.534,191.651,190.787,190.694,190.755,190.783
Burundi,66.663,56.503,56.805,57.634,65.019,66.163,62.591,59.024,57.805,64.445,64.81,64.83,66.778,70.28,73.378,83.443,93.781,119.628,131.834,156.786,193.662,216.201,219.469,232.248,258.541,288.042,287.372,302.96,369.243,403.908,434.736,461.509,527.053,539.311,547.1,570.659,585.893,654.896,621.382,615.481,644.387,671.071,684.552,714.565,749.557,786.022,819.359,852.735
Cabo Verde,27.83,27.862,30.808,32.781,34.415,34.584,39.902,41.793,42.56,42.399,41.843,42.424,42.8,46.467,48.718,49.916,50.877,51.2,52.37,55.257,52.637,52.153,51.189,51.089,49.443,48.241,48.223,48.231,49.001,49.748,49.406,49.695,51.141,51.855,51.84,50.453,49.364,48.477,48.068,47.489,46.519,45.956,44.264,43.739,43.53,43.523,43.534,43.555
Cambodia,,,,,,,,29.609,50.137,57.412,136.028,272.76,467.761,947.677,914.228,1002.943,1014.776,1057.481,1154.022,1152.343,1082.668,1082.702,1073.689,1071.834,1094.165,1125.363,1142.235,1184.671,1304.816,1328.976,1354.171,1371.235,1336.79,1340.068,1386.036,1395.92,1402.131,1428.354,1438.439,1458.88,1400.136,1383.014,1339.463,1339.941,1347.06,1359.431,1373.198,1390.609
Cameroon,166.468,165.51,175.277,190.216,208.481,224.609,220.53,210.072,204.66,193.251,189.458,189.712,183.018,182.299,204.149,218.911,220.948,224.863,230.82,232.787,232.166,234.838,236.81,237.797,232.965,231.233,230.102,225.639,232.309,239.055,237.758,238.707,242.194,241.083,239.119,240.708,237.444,232.801,231.64,230.221,228.634,225.361,219.166,216.559,213.883,213.433,213.249,212.693
Canada,1.118,1.126,1.154,1.175,1.174,1.176,1.189,1.216,1.228,1.237,1.233,1.229,1.219,1.206,1.198,1.2,1.199,1.192,1.177,1.183,1.206,1.199,1.196,1.211,1.218,1.217,1.211,1.218,1.243,1.206,1.226,1.24,1.245,1.224,1.23,1.248,1.207,1.205,1.196,1.192,1.187,1.232,1.253,1.233,1.219,1.216,1.215,1.214
Central African Republic,167.466,175.42,188.849,204.248,196.874,250.776,233.038,213.393,212.672,208.956,199.749,190.525,186.87,179.079,201.415,226.115,218.286,225.829,231.508,233.691,228.595,233.161,233.654,236.356,230.834,234.173,233.946,229.078,237.112,244.717,251.994,256.761,262.129,254.347,290.945,283.524,280.048,286.829,283.761,285.526,287.383,285.019,278.408,279.721,280.213,281.408,282.774,284.181
Chad,89.435,138.414,139.882,144.463,163.58,149.217,131.003,121.324,126.285,120.548,115.81,104.169,97.286,90.728,133.755,145.47,159.378,162.603,171.646,156.443,161.069,179.255,179.871,176.491,188.641,225.098,240.031,241.724,257.524,231.622,243.054,258.131,285.354,308.42,300.386,252.075,246.884,243.655,243.459,242.959,234.892,241.822,256.529,247.912,242.825,240.432,239.475,239.208
Chile,30.103,30.657,32.521,40.475,44.845,59.71,71.467,87.768,104.023,113.587,134.114,158.688,176.586,192.819,215.512,235.923,238.749,241.875,241.684,243.682,248.529,251.708,255.747,261.733,273.824,284.754,309.079,316.431,310.348,322.075,345.086,348.017,347.228,349.681,367.214,391.361,409.978,411.264,408.07,411.134,441.762,456.629,454.906,463.49,466.369,469.981,472.963,476.43
"China, People's Republic of",1.5,1.413,1.336,1.3,1.316,1.404,1.446,1.483,1.606,1.682,1.716,1.762,1.859,2.091,2.465,2.743,2.872,2.869,2.808,2.733,2.729,2.725,2.703,2.723,2.833,2.868,2.889,3.033,3.193,3.168,3.326,3.524,3.561,3.664,3.759,3.871,3.989,4.184,4.229,4.242,4.244,4.138,4.029,4.043,4.039,4.042,4.045,4.053
Colombia,27.99,31.392,36.888,42.74,50.401,61.014,77.255,93.014,114.778,137.712,170.223,207.581,249.68,302.204,371.682,432.677,496.569,570.359,647.335,718.913,781.394,813.99,849.333,889.773,929.621,951.448,976.568,1000.338,1056.868,1092.818,1120.923,1168.243,1203.585,1206.679,1220.607,1276.479,1285.21,1314.787,1343.573,1372.795,1374.846,1406.632,1422.831,1428.657,1437.664,1452.396,1467.896,1483.438
Comoros,158.563,154.569,160.592,168.71,172.77,170.091,169.373,170.549,167.038,169.748,158.974,169.403,157.743,157.566,173.871,180.846,182.809,181.536,181.96,186.356,193.827,203.585,208.122,214.157,209.468,202.268,207.892,212.614,215.173,215.911,216.921,218.978,213.964,211.5,206.343,203.344,197.571,190.126,187.472,192.46,191.881,184.806,178.304,174.395,172.189,171.441,171.317,171.215
"Congo, Dem. Rep. of the",0,0,0,0,0,0,0,0,0,0,0,0,0,0,0.013,0.07,0.51,1.465,1.929,10.261,62.61,105.965,137.433,152.855,158.336,199.376,219.181,256.675,303.387,399.904,477.292,532.063,583.255,558.907,530.018,508.596,494.127,645.391,818.442,836.225,881.928,993.845,994.561,1022.509,1046.968,1069.671,1094.749,1132.263
"Congo, Republic of ",149.469,140.306,136.044,134.807,134,133.796,135.118,135.861,113.5,101.91,97.44,98.542,93.781,88.567,118.742,119.482,134.309,137.575,110.08,138.778,192.569,170.77,173.535,163.556,191.658,221.708,239.548,248.965,284.024,222.483,284.513,309.251,316.116,316.152,314.805,311.999,316.625,297.674,358.779,350.076,298.334,344.119,412.131,377.175,356.133,343.812,336.986,332.727
Costa Rica,5.076,6.544,11.35,14.083,15.861,18.533,21.447,23.052,26.462,29.346,33.519,53.176,62.248,67.152,76.051,90.308,102.053,115.05,127.352,139.433,149.147,160.04,173.006,187.723,207.222,227.068,248.872,267.808,292.787,319.146,336.26,344.546,353.785,357.828,363.422,364.163,352.897,350.817,350.144,352.82,349.163,342.033,332.839,334.157,336.361,339.378,342.756,346.026
Croatia,,,,,,,,,,,,,0.082,1.262,2.615,2.703,2.755,2.897,3.101,3.172,3.24,3.303,3.377,3.454,3.486,3.486,3.513,3.566,3.692,3.777,3.767,3.753,3.664,3.575,3.543,3.511,3.382,3.327,3.315,3.319,3.276,3.247,3.2,3.219,3.21,3.213,3.209,3.206
Cyprus,0.464,0.474,0.491,0.498,0.519,0.533,0.544,0.552,0.55,0.555,0.564,0.567,0.588,0.604,0.622,0.634,0.639,0.642,0.647,0.653,0.656,0.665,0.657,0.679,0.679,0.672,0.672,0.681,0.7,0.697,0.702,0.699,0.707,0.687,0.68,0.663,0.622,0.615,0.607,0.603,0.589,0.579,0.568,0.571,0.575,0.579,0.582,0.586
Czech Republic,,,,,,,,,,,,,,,,10.91,11.746,12.507,13.581,13.799,13.742,14.097,14.258,14.163,14.351,13.928,13.6,13.711,13.723,13.989,13.625,13.345,13.298,12.785,12.703,12.935,12.578,12.378,12.399,12.655,13.054,13.06,12.824,12.739,12.688,12.698,12.702,12.708
Côte d'Ivoire,141.892,133.505,136.157,140.625,158.333,155.365,149.936,140.389,134.29,128.67,118.414,115.301,112.709,116.86,168.56,186.03,191.067,195.744,200.61,199.378,199.339,209.366,219.898,225.995,213.725,209.923,207.191,207.657,221.073,224.818,234.114,236.911,241.715,247.242,246.519,250.638,252.411,253.746,249.399,245.507,244.966,241.777,236.033,233.164,230.748,229.052,227.328,226.248
Denmark,6.593,6.667,6.917,7.148,7.309,7.389,7.411,7.576,7.607,7.683,7.599,7.546,7.5,7.369,7.328,7.269,7.282,7.303,7.311,7.331,7.384,7.404,7.461,7.425,7.383,7.366,7.294,7.275,7.433,7.425,7.573,7.466,7.564,7.355,7.329,7.303,7.081,6.852,6.742,6.673,6.765,6.662,6.492,6.447,6.428,6.437,6.454,6.471
Djibouti,,,,,,,,,,,67.427,69.787,70.145,71.635,75.016,77.06,78.021,79.005,79.836,80.414,80.282,80.127,78.897,78.928,79.393,79.43,79.745,81.509,87.7,88.496,90.901,93.572,98.27,100.152,102.111,103.302,106.126,106.023,103.925,105.488,106.084,103.058,100.633,101.852,102.387,102.839,103.376,103.898
Dominica,1.581,1.47,1.45,1.499,1.536,1.607,1.665,1.717,1.733,1.808,1.798,1.873,1.911,1.917,2.02,1.994,2.023,2.017,2.045,2.068,1.986,1.983,1.968,1.87,1.89,1.806,1.793,1.773,1.765,1.895,1.878,1.87,1.859,1.867,1.811,1.841,1.826,1.738,1.714,1.709,1.676,1.618,1.598,1.617,1.609,1.609,1.609,1.609
Dominican Republic,0.632,0.619,0.627,0.643,0.77,1.033,1.108,1.237,1.715,2.04,2.959,4.529,4.675,4.794,5.17,5.552,5.653,6.082,6.406,6.559,6.876,7.13,7.507,9.825,13.89,14.246,14.737,15.445,16.729,17.204,17.925,18.976,20.189,20.887,21.359,21.151,20.819,21.613,21.979,22.138,22.908,23.77,24.157,24.674,25.092,25.572,26.083,26.599
Ecuador,0.647,0.582,0.541,0.471,0.464,0.504,0.351,0.341,0.283,0.267,0.254,0.262,0.27,0.302,0.342,0.356,0.36,0.381,0.371,0.276,0.248,0.311,0.343,0.372,0.378,0.395,0.414,0.43,0.48,0.48,0.51,0.528,0.551,0.543,0.544,0.554,0.549,0.535,0.532,0.525,0.517,0.509,0.506,0.499,0.49,0.483,0.477,0.47
Egypt,0.186,0.182,0.189,0.204,0.205,0.216,0.224,0.299,0.333,0.388,0.457,0.501,0.611,0.655,0.685,0.749,0.788,0.821,0.843,0.839,0.86,0.857,0.864,0.905,0.984,1.013,1.055,1.157,1.274,1.407,1.531,1.675,1.747,1.875,2.162,2.296,2.563,3.267,3.874,4.324,4.539,4.567,4.654,5.026,5.281,5.563,5.866,6.186
El Salvador,0.387,0.331,0.328,0.298,0.207,0.194,0.191,0.185,0.205,0.223,0.312,0.325,0.328,0.348,0.374,0.407,0.426,0.433,0.446,0.444,0.449,0.453,0.453,0.457,0.458,0.463,0.468,0.476,0.483,0.48,0.487,0.505,0.524,0.51,0.496,0.488,0.473,0.463,0.459,0.455,0.447,0.447,0.443,0.441,0.438,0.436,0.433,0.43
Equatorial Guinea,74.381,77.766,102.843,123.462,149.711,221.71,210.981,209.014,209.924,192.315,195.999,196.765,164.841,157.5,191.799,187.86,202.934,174.664,117.214,159.916,134.521,122.488,118.159,153.952,165.228,203.552,226.532,227.272,267.238,210.224,259.465,297.509,295.038,289.679,284.185,277.464,267.943,248.934,266.257,255.832,229.196,278.51,333.205,301.013,287.113,283.392,284.553,286.728
Eritrea,,,,,,,,,,,,,1.001,0.999,1.105,1.208,1.312,1.343,1.452,1.552,1.819,2.047,2.341,2.798,3.401,3.549,3.835,4.006,4.413,5.494,6.003,6.077,6.391,6.09,6.072,5.827,5.809,5.47,4.979,4.655,4.865,4.948,5.03,5.097,5.085,5.065,5.067,5.066
Estonia,,,,,,,,,,,,,,0.135,0.185,0.244,0.293,0.317,0.335,0.352,0.357,0.372,0.385,0.392,0.399,0.41,0.434,0.474,0.497,0.492,0.495,0.512,0.521,0.522,0.527,0.537,0.528,0.534,0.542,0.55,0.541,0.548,0.56,0.566,0.57,0.578,0.585,0.592
Eswatini,0.582,0.592,0.609,0.622,0.663,0.753,0.817,0.845,1.005,1.04,1.107,1.166,1.266,1.443,1.624,1.848,1.96,2.144,2.277,2.366,2.544,2.71,2.906,3.021,3.056,3.157,3.187,3.258,3.53,3.851,3.927,4.052,4.497,4.69,4.982,5.323,5.788,6.206,6.231,6.274,6.362,6.262,5.94,6.035,6.207,6.376,6.549,6.721
Ethiopia,1.456,1.365,1.34,1.329,1.241,1.59,1.476,1.352,1.346,1.369,1.364,1.573,1.781,1.969,1.978,2.184,2.129,2.108,2.092,2.085,2.084,1.938,1.838,2.031,2.092,2.212,2.378,2.705,3.446,4.201,4.291,5.036,6.641,7.081,7.144,7.767,8.056,8.521,9.276,10.221,11.942,13.881,17.41,22.587,27.73,31.105,34.333,37.373
Fiji,0.624,0.577,0.579,0.597,0.584,0.608,0.62,0.654,0.662,0.618,0.635,0.651,0.676,0.705,0.696,0.689,0.697,0.71,0.755,0.795,0.742,0.75,0.763,0.809,0.805,0.85,0.855,0.858,0.853,0.86,0.885,0.949,0.93,0.935,0.932,0.911,0.937,0.939,0.93,0.936,0.91,0.884,0.865,0.865,0.868,0.873,0.877,0.882
Finland,0.74,0.754,0.775,0.807,0.845,0.862,0.885,0.901,0.937,0.96,0.978,0.96,0.947,0.941,0.939,0.958,0.94,0.943,0.962,0.957,0.951,0.961,0.955,0.939,0.92,0.9,0.881,0.881,0.891,0.901,0.893,0.898,0.908,0.905,0.907,0.908,0.881,0.863,0.86,0.858,0.861,0.849,0.822,0.818,0.813,0.808,0.807,0.806
France,0.782,0.797,0.843,0.889,0.917,0.937,0.966,0.965,0.964,0.957,0.946,0.939,0.937,0.93,0.919,0.909,0.905,0.898,0.896,0.887,0.879,0.877,0.881,0.88,0.873,0.862,0.853,0.852,0.857,0.851,0.851,0.841,0.844,0.812,0.808,0.808,0.78,0.766,0.756,0.753,0.763,0.738,0.708,0.704,0.699,0.698,0.695,0.693
Gabon,145.272,160.332,164.399,172.205,174.719,173.32,175.085,132.609,135.247,131.981,146.816,125.86,123.315,119.846,171.966,170.687,190.351,188.896,153.569,180.519,226.097,207.266,204.936,201.611,210.686,250.708,263.846,271.278,304.793,256.066,295.081,325.733,326.274,316.435,310.415,297.011,289.721,279.766,292.827,292.149,262.294,300.583,342.64,317.487,302.48,292.921,286.385,284.345
"Gambia, The",1.44,1.593,1.362,1.34,1.428,1.69,2.246,2.919,3.052,3.342,3.715,4.113,4.342,4.482,4.729,4.668,4.772,4.99,4.964,5.056,5.123,5.771,6.597,8.241,9.005,9.091,8.934,9.083,9.132,9.484,9.9,10.142,10.831,11.873,12.506,13.588,14.483,15.286,15.967,16.667,17.134,17.26,17.234,17.871,18.287,18.675,19.038,19.456
Georgia,,,,,,,,,,,0,0,0,0.001,0.111,0.286,0.4,0.419,0.443,0.48,0.491,0.506,0.528,0.535,0.565,0.591,0.622,0.663,0.713,0.693,0.761,0.811,0.743,0.725,0.723,0.754,0.748,0.805,0.82,0.847,0.898,0.956,0.99,1.013,1.017,1.027,1.037,1.047
Germany,0.926,0.882,0.871,0.865,0.852,0.844,0.854,0.848,0.831,0.819,0.815,0.903,0.93,0.944,0.943,0.942,0.93,0.917,0.913,0.904,0.879,0.871,0.87,0.864,0.851,0.828,0.807,0.799,0.792,0.801,0.797,0.789,0.787,0.775,0.769,0.778,0.753,0.741,0.738,0.74,0.742,0.735,0.725,0.724,0.72,0.719,0.718,0.718
Ghana,0.001,0.001,0.001,0.003,0.004,0.005,0.007,0.01,0.012,0.015,0.02,0.023,0.025,0.029,0.037,0.051,0.07,0.083,0.096,0.108,0.134,0.177,0.214,0.27,0.299,0.334,0.363,0.409,0.473,0.538,0.618,0.697,0.766,0.884,1.047,1.266,1.544,1.764,1.905,2.03,2.149,2.286,2.455,2.629,2.794,2.934,3.071,3.2
Greece,0.084,0.093,0.111,0.129,0.152,0.176,0.205,0.23,0.259,0.286,0.333,0.385,0.432,0.483,0.526,0.566,0.598,0.627,0.651,0.665,0.661,0.669,0.681,0.691,0.693,0.687,0.69,0.695,0.711,0.725,0.721,0.713,0.685,0.631,0.611,0.609,0.589,0.576,0.562,0.553,0.542,0.531,0.528,0.519,0.514,0.513,0.512,0.511
Grenada,1.559,1.465,1.437,1.407,1.442,1.52,1.552,1.592,1.642,1.723,1.657,1.709,1.738,1.729,1.745,1.76,1.775,1.778,1.788,1.781,1.789,1.787,1.766,1.731,1.72,1.708,1.734,1.728,1.829,1.817,1.804,1.771,1.8,1.769,1.733,1.736,1.73,1.69,1.639,1.664,1.639,1.593,1.546,1.55,1.541,1.54,1.543,1.547
Guatemala,0.402,0.399,0.395,0.404,0.406,0.468,0.649,0.684,0.737,0.787,1.066,1.372,1.461,1.635,1.789,1.904,2.036,2.168,2.347,2.431,2.541,2.673,2.793,2.853,2.923,2.981,3.029,3.141,3.366,3.385,3.511,3.637,3.648,3.717,3.767,3.732,3.858,3.933,3.887,3.959,4.015,3.949,3.827,3.856,3.901,3.953,4.009,4.065
Guinea,64.378,63.894,78.028,97.102,117.38,135.401,225.189,279.659,328.627,386.794,437.265,532.77,657.47,646.549,641.878,665.651,655.504,655.276,677.625,692.491,700.187,695.123,696.723,802.084,908.691,1249.137,1564.156,1735.307,1986.925,2017.74,2328.07,2485.901,2789.94,2932.747,3059.935,3164.996,3159.342,3216.035,3362.728,3632.334,3976.775,4299.484,4555.205,4952.039,5200.364,5478.42,5785.946,6115.339
Guinea-Bissau,139.227,210.255,261.391,340.607,248.484,348.819,259.974,176.426,154.182,185.747,177.625,234.302,223.271,178.259,185.912,336.178,311.102,312.654,341.144,294.615,222.023,225.3,229.328,223.607,205.826,205.783,191.153,197.272,218.264,208.578,216.849,230.392,232.193,229.744,223.304,223.351,224.407,222.749,206.158,195.543,191.283,188.609,182.442,182.084,182.685,184.028,185.531,187.014
Guyana,1.138,1.095,1.034,1.142,1.281,1.465,1.636,3.372,4.034,11.154,16.933,38.031,41.729,46.589,53.812,58.341,58.897,58.687,59.016,66.27,67.72,66.816,68.468,70.348,71.786,73.932,75.779,81.629,88.521,88.89,93.509,100.269,104.888,102.278,101.929,102.838,106.23,105.353,99.924,101.074,73.609,81.981,93.233,81.387,76.569,74.428,73.856,73.266
Haiti,1.328,1.322,1.332,1.397,1.491,1.593,1.73,0.835,0.528,0.475,0.585,0.602,0.588,0.914,3.363,4.667,5.04,5.585,6.305,6.654,7.226,8.003,8.479,9.564,11.579,12.734,13.506,14.354,15.456,17.054,18.097,18.495,20.129,20.93,21.596,23.232,25.26,28.498,29.859,34.483,41.085,47.075,55.587,61.675,67.206,73.026,78.592,84.292
Honduras,1.372,1.344,1.321,1.36,1.357,1.385,1.41,1.415,1.455,1.5,1.752,2.136,2.278,2.528,3.19,3.902,4.454,5.095,5.595,5.935,6.267,6.625,6.858,7.113,7.373,7.67,7.838,8.137,8.606,9.206,9.522,10.057,10.37,10.332,10.398,10.474,10.393,10.362,10.317,10.554,10.911,10.945,10.922,11.131,11.298,11.514,11.743,11.975
Hong Kong SAR,3.98,4.025,4.16,4.186,4.429,4.525,4.601,4.877,5.126,5.552,5.756,6.077,6.53,6.928,7.212,7.356,7.649,7.952,7.959,7.527,7.111,6.831,6.497,5.989,5.623,5.444,5.252,5.275,5.242,5.189,5.141,5.233,5.454,5.548,5.706,5.831,5.932,6.011,6.086,6.101,6.063,5.851,5.518,5.409,5.385,5.399,5.418,5.437
Hungary,11.065,10.629,10.583,10.689,10.97,11.262,11.453,12.098,13.734,15.692,19.009,24.954,29.646,35.121,41.089,50.481,60.445,71.459,80.392,85.712,91.846,99.744,106.161,109.773,112.345,111.79,112.412,115.409,118.661,122.847,124.456,124.272,125.624,124.979,129.415,132.518,132.047,134.363,137.588,141.612,148.203,152.361,156.268,161.12,163.696,166.183,168.094,169.85
Iceland,6.642,9.043,13.081,22.226,27.217,34.804,42.406,49.703,59.048,69.722,77.451,81.201,81.946,81.322,81.649,82.326,82.85,83.689,86.659,88.454,89.976,95.652,99.715,98.266,98.257,98.19,103.458,105.101,115.638,127.316,133.816,135.152,136.968,137.023,138.548,141.937,140.044,137.122,137.465,141.063,144.341,146.617,149.734,151.581,152.404,153.017,154.211,155.605
India,4.024,4.074,4.148,4.333,4.513,4.69,4.909,5.238,5.476,5.714,6.095,6.706,7.145,7.668,8.257,8.82,9.318,9.753,10.417,10.625,10.754,10.843,11.062,11.259,11.6,11.724,12.104,12.463,13.289,14.005,15.081,15.55,16.161,17.342,18.387,19.235,19.899,20.648,20.949,21.073,21.989,23.138,22.83,23.377,23.875,24.417,24.945,25.482
Indonesia,328.173,313.401,310.277,357.083,375.75,378.909,378.343,417.688,435.746,461.204,478.901,503.137,523.326,552.363,582.868,627.313,669.484,740.872,1284.083,1445.556,1531.73,1712.129,1785.252,1846.767,1952.273,2164.2,2395.173,2594.714,2985.904,3145.831,3336.629,3512.754,3569.893,3765.672,4030.775,4353.327,4518.104,4695.659,4761.217,4752.309,4675.221,4758.677,4639.438,4654.596,4678.371,4718.181,4762.188,4805.783
Iran,30.499,34.989,34.883,38.932,44,44.122,48.488,57.578,66.602,76.038,91.476,112.145,142.262,204.384,264.49,364.304,463.717,524.208,565.344,733.41,903.723,1006.693,1290.456,1447.879,1697.053,1994.462,2237.889,2692.159,3211.491,3382.674,3874.056,4758.87,6093.563,8503.847,9758.554,10701.562,11796.811,13061.295,16772.709,21386.796,29704.344,41690.986,52999.135,64337.106,77745.11,94592.921,115409.749,141228.072
Iraq,,,,,,,,,,,,,,,,,,,214.014,362.911,508.854,389.863,423.133,184.391,207.82,273.746,326.772,364.115,465.07,371.896,428.436,523.34,525.738,531.128,557.279,560.517,570.485,560.761,616.975,590.728,505.359,689.375,840.557,777.266,744.836,723.979,713.046,709.179
Ireland,0.523,0.566,0.623,0.666,0.689,0.712,0.74,0.745,0.746,0.754,0.732,0.725,0.729,0.749,0.745,0.771,0.762,0.779,0.821,0.845,0.884,0.923,0.956,0.975,0.954,0.954,0.957,0.943,0.92,0.872,0.836,0.832,0.823,0.811,0.819,0.809,0.794,0.791,0.778,0.797,0.778,0.744,0.723,0.718,0.715,0.714,0.715,0.715
Israel,0.004,0.009,0.019,0.047,0.218,0.757,1.113,1.294,1.499,1.735,1.947,2.308,2.539,2.765,3.072,3.26,3.505,3.732,3.944,4.132,4.131,4.112,4.232,4.136,4.032,3.954,3.891,3.826,3.833,3.96,3.973,3.945,3.955,3.84,3.94,3.924,3.788,3.745,3.69,3.694,3.685,3.63,3.519,3.502,3.501,3.507,3.513,3.518
Italy,0.347,0.377,0.419,0.465,0.498,0.528,0.557,0.577,0.596,0.61,0.627,0.653,0.667,0.677,0.687,0.715,0.734,0.74,0.749,0.75,0.747,0.752,0.765,0.774,0.774,0.765,0.758,0.757,0.76,0.768,0.762,0.759,0.748,0.737,0.74,0.738,0.701,0.687,0.678,0.672,0.673,0.649,0.621,0.617,0.615,0.614,0.614,0.615
Jamaica,0.742,0.714,0.749,0.853,1.061,1.265,1.341,1.37,1.643,1.815,2.661,3.942,7.199,9.381,11.984,14.669,17.065,18.481,19.978,21.077,22.815,24.069,26.192,28.671,31.512,34.058,35.962,38.975,43.425,47.711,51.758,53.805,56.475,59.334,62.76,65.295,65.904,67.582,69.343,70.238,72.336,75.81,76.938,77.714,78.672,80.977,83.417,85.916
Japan,239.432,225.14,215.738,209.572,205.251,201.468,200.675,195.522,190.043,186.729,184.682,183.871,182.77,179.553,176.186,171.664,167.826,165.813,163.924,159.64,154.017,148.99,144.663,139.582,134.404,128.761,123.831,119.722,116.398,114.998,111.495,107.454,104.274,101.303,103.052,103.45,105.503,105.379,102.919,101.754,101.444,96.51,91.153,88.887,87.111,85.717,84.424,83.162
Jordan,0.144,0.142,0.144,0.15,0.147,0.148,0.157,0.152,0.148,0.166,0.18,0.182,0.194,0.195,0.204,0.203,0.207,0.204,0.213,0.21,0.205,0.203,0.199,0.2,0.202,0.199,0.212,0.217,0.256,0.263,0.28,0.291,0.302,0.308,0.319,0.312,0.314,0.3,0.298,0.298,0.294,0.286,0.277,0.276,0.276,0.277,0.278,0.28
Kazakhstan,,,,,,,,,,,,,0.02,0.267,4.244,10.845,14.792,16.888,17.646,19.711,22.633,24.383,25.402,27.835,31.48,35.978,42.423,47.72,56.626,58.905,69.58,82.09,83.832,86.235,92.814,100.35,110.825,121.253,129.327,136.752,140.958,149.69,162.693,163.424,165.397,168.291,171.426,174.765
Kenya,8.675,8.742,9.11,9.726,10.381,10.969,11.787,12.086,12.309,13.033,13.934,15.108,17.201,21.066,23.275,25.426,30.239,33.109,33.234,34.191,34.25,33.077,34.425,34.551,34.014,34.348,35.127,36.095,34.741,32.686,32.827,35.396,37.979,37.668,38.289,39.04,39.385,40.185,40.909,42.035,43.687,43.722,43.8,45.393,46.527,47.888,49.344,50.841
Kiribati,0.694,0.657,0.642,0.672,0.71,0.692,0.688,0.726,0.724,0.704,0.675,0.72,0.749,0.765,0.797,0.787,0.865,0.884,0.944,0.972,0.974,1.011,1.045,1.052,1.042,1.015,0.982,1.015,1.079,1.074,1.07,1.066,1.04,1.025,1.05,1.087,1.145,1.152,1.143,1.101,1.123,1.115,1.107,1.105,1.103,1.106,1.109,1.112
"Korea, Republic of",480.323,511.588,512.934,517.397,521.453,525.615,540.834,553.277,572.501,584.31,620.049,654.589,689.782,715.957,758.177,794.771,812.562,830.767,858.291,835.956,825.789,835.686,847.82,860.094,863.809,846.266,819.103,816.843,824.126,848.428,861.301,854.586,854.887,869.081,871.878,857.368,858.993,871.696,855.47,833.381,834.269,819.526,791.598,790.782,786.129,785.528,785.172,785.152
Kosovo,,,,,,,,,,,,,,,,,,,,,0.326,0.356,0.363,0.36,0.347,0.332,0.323,0.322,0.309,0.299,0.314,0.327,0.33,0.333,0.34,0.339,0.339,0.34,0.337,0.334,0.335,0.331,0.34,0.342,0.341,0.341,0.341,0.34
Kuwait,0.169,0.172,0.158,0.142,0.137,0.139,0.102,0.11,0.109,0.103,0.101,0.097,0.097,0.087,0.08,0.084,0.096,0.09,0.073,0.086,0.101,0.091,0.094,0.097,0.105,0.124,0.14,0.142,0.165,0.136,0.15,0.172,0.176,0.179,0.179,0.19,0.187,0.177,0.193,0.189,0.161,0.193,0.231,0.212,0.197,0.188,0.182,0.178
Kyrgyz Republic,,,,,,,,,,,,,0.081,0.655,1.802,2.507,3.333,3.909,4.216,5.72,7.112,7.465,7.5,7.647,7.827,8.13,8.628,9.65,11.662,12.056,13.108,15.728,15.303,15.365,16.036,17.146,16.737,16.959,17.184,17.548,18.445,20.51,21.842,23.342,24.197,25.078,25.955,26.663
Lao P.D.R.,11.412,10.341,16.287,27.839,36.145,51.91,71.657,91.672,131.9,209.858,272.325,298.472,318.93,331.472,349.591,409.66,457.778,536.718,508.964,1087.863,1423.911,1567.946,1707.506,1893.872,2041.416,2142.728,2331.862,2420.349,2506.613,2446.412,2532.298,2666.535,2615.523,2712.93,2738.371,2819.729,2759.426,2789.109,2776.273,2791.667,2847.417,2888.456,2886.419,2942.409,2986.587,3014.389,3044.946,3075.26
Latvia,,,,,,,,,,,,,0.111,0.178,0.237,0.267,0.295,0.307,0.318,0.319,0.323,0.323,0.334,0.344,0.359,0.387,0.422,0.493,0.54,0.485,0.478,0.499,0.506,0.499,0.498,0.497,0.485,0.484,0.491,0.495,0.489,0.501,0.512,0.513,0.516,0.519,0.522,0.524
Lebanon,0.841,0.917,1.024,1.057,1.2,1.971,3.776,21.632,53.28,88.302,143.68,210.609,453.016,571.304,603.937,654.28,699.442,740.8,762.447,758.842,727.161,698.214,721.445,719.609,707.895,692.476,677.668,680.5,718.015,786.802,781.958,788.752,808.92,798.526,771.115,764.821,742.686,734.776,756.785,775.873,1299.446,,,,,,,
Lesotho,0.547,0.55,0.508,0.537,0.575,0.657,0.736,0.824,0.936,1.024,1.116,1.248,1.376,1.481,1.591,1.74,1.827,1.962,2.115,2.226,2.291,2.467,2.67,2.683,2.777,2.865,2.996,3.258,3.597,3.687,3.877,4.081,4.373,4.393,4.623,4.752,5.012,5.506,5.671,5.879,6.13,6.264,6.211,6.355,6.495,6.659,6.851,7.053
Liberia,,,,,,,,,,,,,,,,,,,,,0.333,0.332,0.327,0.341,0.402,0.388,0.407,0.425,0.49,0.487,0.504,0.546,0.56,0.539,0.522,0.55,0.518,0.461,0.437,0.416,0.417,0.441,0.436,0.426,0.41,0.408,0.407,0.408
Libya,0.106,0.105,0.097,0.093,0.092,0.087,0.084,0.084,0.082,0.081,0.082,0.076,0.081,0.08,0.082,0.098,0.107,0.115,0.114,0.134,0.148,0.155,0.195,0.218,0.261,0.325,0.345,0.373,0.474,0.342,0.45,0.592,0.677,0.663,0.575,0.49,0.505,0.606,0.689,0.57,0.68,1.27,1.741,1.501,1.354,1.257,1.189,1.125
Lithuania,,,,,,,,,,,,,,,,0.312,0.364,0.399,0.408,0.397,0.393,0.383,0.379,0.368,0.368,0.382,0.395,0.418,0.45,0.432,0.438,0.452,0.453,0.443,0.443,0.446,0.438,0.442,0.447,0.451,0.452,0.462,0.483,0.491,0.497,0.502,0.507,0.513
Luxembourg,0.803,0.795,0.749,0.778,0.795,0.773,0.757,0.74,0.734,0.735,0.726,0.715,0.725,0.751,0.761,0.763,0.772,0.744,0.733,0.761,0.798,0.787,0.786,0.788,0.791,0.804,0.83,0.824,0.862,0.864,0.893,0.905,0.907,0.895,0.884,0.881,0.852,0.844,0.839,0.829,0.854,0.876,0.851,0.844,0.845,0.845,0.845,0.845
Macao SAR,,,,,,,,,,,,,,,,,,,,,,3.507,3.407,3.343,3.318,3.397,3.55,3.76,4.06,4.072,4.216,4.44,4.565,4.644,4.861,5.137,5.118,5.155,5.213,5.245,5.17,4.927,4.727,4.668,4.648,4.645,4.64,4.642
Madagascar,24.789,29.544,36.702,42.195,44.684,47.891,53.75,60.562,73.906,77.53,83.595,87.766,98.311,105.629,143.745,209.833,246.779,253.493,266.238,281.413,307.018,324.024,371.691,358.286,397.614,456.321,490.317,526.531,555.3,589.997,642.562,694.863,742.898,777.659,823.956,886.091,941.011,1013.435,1071.923,1121.767,1156.643,1178.197,1210.121,1261.763,1305.029,1350.987,1396.607,1441.422
Malawi,0.744,0.791,0.817,0.875,0.952,1.005,1.116,1.25,1.56,1.819,1.865,2.172,2.405,3.011,3.78,6.627,9.674,11.19,13.6,18.644,23.986,29.102,35.235,38.128,42.644,45.789,53.288,54.013,59.337,63.617,70.485,78.769,94.331,114.541,146.204,186.615,221.197,251.074,260.246,275.431,289.228,300.101,309.507,320.107,328.413,336.929,344.829,352.91
Malaysia,1.257,1.16,1.12,1.128,1.155,1.1,0.985,1.015,1.016,1.021,1.022,1.039,1.04,1.057,1.075,1.092,1.112,1.131,1.213,1.197,1.276,1.228,1.247,1.264,1.304,1.329,1.34,1.369,1.482,1.385,1.42,1.466,1.454,1.472,1.505,1.568,1.594,1.655,1.626,1.599,1.568,1.591,1.556,1.549,1.544,1.554,1.562,1.572
Maldives,1.947,1.931,1.908,1.877,1.843,1.876,2.006,2.192,2.22,2.271,2.767,3.055,3.371,3.665,3.897,4.401,4.483,4.94,4.729,4.744,4.691,4.618,4.626,4.595,4.921,5.209,5.425,5.817,6.338,7.009,7.125,7.862,8.154,8.246,8.174,8.278,8.129,8.161,8.221,7.99,7.923,7.737,7.447,7.374,7.341,7.338,7.34,7.341
Mali,111.754,112.411,127.993,133.716,144.314,140.255,138.751,133.576,128.27,124.418,125.068,118.224,113.277,114.084,158.63,177.558,170.838,171.653,173.928,174.471,169.548,173.57,176.91,160.311,161.738,168.585,171.138,174.225,183.385,190.896,196.677,216.09,225.379,219.312,218.683,218.571,211.357,214.509,212.563,212.841,211.442,208.385,204.905,204.901,204.977,204.877,204.943,204.973
Malta,0.524,0.509,0.483,0.464,0.448,0.436,0.449,0.454,0.447,0.443,0.446,0.451,0.447,0.45,0.461,0.466,0.458,0.465,0.474,0.483,0.553,0.565,0.571,0.571,0.568,0.561,0.556,0.554,0.561,0.569,0.58,0.574,0.58,0.577,0.586,0.6,0.583,0.578,0.577,0.58,0.582,0.568,0.543,0.538,0.534,0.534,0.534,0.534
Marshall Islands,,,,,,,,,,,,,,,,,,1.077,1.098,1.11,1.062,1.037,1.062,1.051,1.039,1.014,1.021,1.008,1.082,1.033,1.023,1.083,1.14,1.104,1.079,1.062,1.136,1.135,1.125,1.1,1.152,1.145,1.134,1.134,1.134,1.133,1.134,1.134
Mauritania,,,,,,,,,,,2.532,2.852,3.066,3.351,3.645,3.672,3.673,4.047,4.74,4.897,5.093,5.271,5.538,5.675,6.131,6.812,7.539,7.993,8.683,8.597,10.393,11.968,12.154,12.042,11.821,11.781,11.522,11.126,11.203,11.48,11.743,12.376,11.161,10.897,11.219,11.263,11.298,12.134
Mauritius,4.883,4.653,4.848,5.298,5.324,5.472,5.735,6.174,6.757,7.258,7.63,8.188,8.415,9.143,9.71,10.083,10.008,10.257,11.005,11.722,11.854,12.331,12.896,13.35,13.895,14.049,14.542,15.336,15.903,15.699,15.687,15.853,16.459,16.56,16.818,16.882,16.622,16.882,16.727,16.516,16.537,16.426,15.708,16.127,16.419,16.615,16.738,16.764
Mexico,0.013,0.015,0.023,0.041,0.063,0.097,0.161,0.382,0.739,0.902,1.114,1.33,1.493,1.773,1.889,2.562,3.184,3.717,4.242,4.857,5.279,5.475,5.687,5.802,6.101,6.263,6.463,6.658,6.936,7.163,7.4,7.673,7.859,7.884,8.045,8.326,8.446,8.871,9.093,9.303,9.561,9.844,9.69,9.743,9.872,10.014,10.162,10.303
"Micronesia, Fed. States of",,,,,,,,,,,,,,,,1.019,1.018,1.007,1.027,1.003,0.991,0.981,0.966,0.944,0.929,0.919,0.904,0.91,0.935,0.98,1.003,0.998,1.05,1.038,1.05,0.985,1.015,1.07,1.143,1.148,1.145,1.122,1.114,1.114,1.11,1.112,1.114,1.116
Moldova,,,,,,,,,,,,0.001,0.015,0.138,0.507,0.689,0.865,0.958,1.036,1.429,1.815,1.95,2.109,2.375,2.498,2.648,2.914,3.288,3.525,3.578,4.713,4.996,5.01,4.989,5.293,5.556,5.409,5.572,5.616,5.814,5.948,6.069,6.437,6.624,6.821,7.051,7.296,7.547
Mongolia,2.732,2.532,2.432,2.363,2.21,2.112,1.88,1.848,1.801,1.733,1.67,3.215,8.603,35.204,56.637,88.91,96.747,115.719,112.221,122.703,134.383,142.815,148.822,160.352,184.225,216.027,256.566,282.688,340.24,347.065,473.085,533.527,577.66,630.68,683.767,717.072,729.223,791.436,834.504,901.594,923.88,1004.547,1139.424,1265.203,1364.169,1460.252,1539.533,1606.995
Montenegro,,,,,,,,,,,,,,,,,,,,,0.209,0.248,0.251,0.266,0.278,0.282,0.301,0.34,0.359,0.365,0.367,0.364,0.37,0.364,0.362,0.36,0.349,0.351,0.353,0.354,0.349,0.35,0.349,0.356,0.357,0.357,0.357,0.357
Morocco,2.987,2.994,3.024,3.123,3.273,3.44,3.72,3.773,3.838,3.839,3.904,3.98,4.07,4.096,4.037,4.252,4.194,4.152,4.122,4.088,3.968,3.905,3.892,3.857,3.802,3.73,3.675,3.707,3.802,3.783,3.775,3.672,3.75,3.794,4.034,3.996,3.994,4.023,3.972,3.956,3.942,3.83,3.74,3.7,3.661,3.651,3.645,3.636
Mozambique,0.066,0.045,0.05,0.054,0.062,0.08,0.088,0.242,0.346,0.491,0.884,1.271,1.687,2.372,3.48,5.166,7.594,8.263,8.657,9.336,10.178,11.524,12.487,12.777,13.254,13.775,14.415,15.094,15.593,15.659,16.71,16.894,18.019,18.426,18.551,18.264,19.834,22.856,22.992,23.73,24.034,24.436,24.644,25.601,26.668,27.784,28.858,29.852
Myanmar,,,,,,,,,,,,,,,,,,,44.181,55.944,60.736,67.937,91.498,115.282,122.557,133.107,155.422,185.524,213.946,231.537,243.952,261.784,267.496,278.559,294.007,318.979,347.071,366.713,377.662,394.27,412.853,413.987,447.054,471.145,497.648,527.762,560.153,593.88
Namibia,,,,,,,,,,,1.339,1.319,1.287,1.405,1.633,1.69,1.9,2,2.033,2.255,2.794,3.005,3.218,3.211,3.355,3.362,3.671,3.931,4.278,4.547,4.653,4.732,5.212,5.4,5.666,5.932,6.414,7.021,7.16,7.078,7.4,7.351,7.358,7.521,7.697,7.86,8.044,8.258
Nauru,,,,,,,,,,,,,,,,,,,,,,,,,1.274,1.155,0.963,0.903,1.052,1.372,1.101,1.209,1.522,1.161,1.068,0.932,1.18,1.296,1.318,1.328,1.341,1.327,1.28,1.25,1.217,1.19,1.168,1.145
Nepal,4.039,3.983,3.938,4.557,4.742,5.185,5.815,6.395,6.907,7.394,7.891,8.591,9.952,10.77,11.052,11.507,12.183,12.822,13.21,14.175,14.492,14.541,14.881,15.041,15.259,15.7,16.351,17.131,17.754,20.447,23.264,25.255,26.004,26.8,28.153,29.943,31.999,31.235,31.835,32.743,33.52,33.341,33.191,34.078,35.137,36.307,37.512,38.768
Netherlands,1.058,1.019,1.011,0.994,0.973,0.96,0.942,0.916,0.883,0.861,0.843,0.841,0.843,0.836,0.836,0.833,0.826,0.834,0.841,0.84,0.85,0.866,0.885,0.886,0.874,0.864,0.86,0.854,0.858,0.854,0.852,0.836,0.824,0.798,0.809,0.81,0.796,0.778,0.779,0.788,0.797,0.784,0.757,0.751,0.747,0.746,0.745,0.744
New Zealand,0.81,0.838,0.879,0.921,0.957,1.072,1.195,1.358,1.449,1.476,1.481,1.424,1.421,1.413,1.41,1.401,1.401,1.389,1.396,1.383,1.38,1.405,1.398,1.392,1.399,1.382,1.369,1.397,1.42,1.446,1.475,1.486,1.496,1.446,1.441,1.475,1.441,1.453,1.45,1.465,1.497,1.469,1.45,1.465,1.479,1.492,1.504,1.511
Nicaragua,0,0,0,0,0,0,0,0,0,0.001,0.064,1.872,2.26,2.66,2.756,3.06,3.294,3.555,4.008,4.317,4.583,4.807,4.887,5.048,5.361,5.711,5.996,6.403,7.3,7.691,8.067,8.71,9.362,9.715,10.16,10.554,10.594,10.807,10.835,11.232,11.748,11.835,12.106,12.483,12.67,12.912,13.106,13.301
Niger,183.114,186.525,193.237,200.46,216.114,197.13,185.123,183.726,168.062,163.984,155.54,146.706,136.025,127.787,152.971,156.19,164.041,172.548,181.091,179.218,180.818,185.758,187.624,183.548,179.421,188.963,186.078,193.952,209.636,216.961,221.889,226.128,233.427,242.084,244,249.921,257.019,258.46,258.561,254.33,253.493,251.78,242.85,240.485,239.403,239.292,239.373,239.409
Nigeria,,,,,,,,,,,2.872,3.333,4.867,6.478,8.857,13.986,17.229,17.91,19.286,21.881,26.352,28.493,34.105,35.85,41.165,47.956,56.101,58.594,63.647,66.01,73.43,78.777,86.826,90.261,92.782,96.832,105.374,115.978,124.858,135.402,144.291,152.568,165.263,176.826,189.818,204.943,221.692,239.767
North Macedonia ,,,,,,,,,,,,,1.072,5.681,14.017,16.073,16.234,16.592,16.636,16.863,17.834,18.264,18.153,18.096,17.594,17.894,17.923,18.252,18.892,18.828,18.984,19.29,19.003,19.105,18.996,19.435,18.961,19.043,19.329,19.154,19.088,19.437,19.238,19.633,19.721,19.859,20.01,20.116
Norway,5.255,5.419,5.64,5.806,5.951,6.069,5.916,6.19,6.271,6.373,6.377,6.305,6.125,6.12,5.983,6.039,6.183,6.248,6.136,6.454,7.282,7.241,7.013,7.074,7.292,7.689,8.112,8.132,8.81,8.297,8.688,9.083,9.037,9.029,9.278,9.93,10.043,9.922,10.335,10.105,9.625,10.805,11.321,10.757,10.418,10.193,10.043,10.013
Oman,0.18,0.171,0.152,0.132,0.123,0.116,0.097,0.104,0.093,0.097,0.108,0.095,0.094,0.087,0.085,0.085,0.09,0.086,0.073,0.08,0.092,0.086,0.089,0.096,0.105,0.125,0.138,0.146,0.191,0.142,0.162,0.185,0.189,0.191,0.199,0.198,0.194,0.2,0.219,0.207,0.199,0.218,0.255,0.242,0.228,0.218,0.213,0.209
Pakistan,4.365,4.441,4.531,4.59,4.909,4.923,4.945,5.074,5.432,5.678,5.861,6.406,6.902,7.303,8.024,8.941,9.359,10.361,10.917,11.339,11.429,12.061,12.182,12.49,13.093,13.425,14.435,14.977,16.114,19.797,21.478,24.962,26.635,28.522,30.403,31.468,32.378,33.589,34.084,36.29,39.3,41.734,43.786,47.321,49.561,51.315,53.559,55.891
Palau,,,,,,,,,,,,,,,,,,,,,0.968,0.892,0.882,0.84,0.845,0.887,0.89,0.871,0.911,0.908,0.908,0.898,0.952,0.997,1.012,1.104,1.121,1.088,1.061,1.024,1.053,1.016,1.004,0.997,0.978,0.962,0.95,0.941
Panama,0.587,0.555,0.549,0.567,0.557,0.544,0.535,0.534,0.515,0.489,0.474,0.461,0.473,0.479,0.486,0.478,0.516,0.515,0.514,0.511,0.494,0.488,0.488,0.484,0.481,0.474,0.47,0.471,0.497,0.526,0.533,0.553,0.574,0.571,0.559,0.538,0.515,0.497,0.489,0.481,0.467,0.458,0.444,0.446,0.446,0.446,0.446,0.446
Papua New Guinea,0.862,0.766,0.745,0.782,0.755,0.732,0.717,0.7,0.872,0.818,0.822,0.851,0.856,0.85,0.856,0.973,0.983,1.075,1.119,1.226,1.356,1.417,1.555,1.601,1.604,1.678,1.781,1.783,1.953,1.846,2.005,2.138,2.087,2.124,2.199,2.15,2.182,2.307,2.473,2.456,2.56,2.638,2.631,2.647,2.66,2.685,2.714,2.743
Paraguay,46.352,49.443,49.489,54.498,66.314,80.694,104.19,132.731,160.373,202.919,265.138,380.308,424.2,465.016,512.536,557.615,610.131,620.247,713.065,778.255,872.612,972.311,1129.235,1275.083,1388.711,1520.894,1606.025,1761.355,1939.483,1997.433,2065.6,2126.67,2288.408,2309.777,2383.451,2453.16,2507.4,2534.377,2523.768,2554.09,2580.55,2617.442,2725.207,2753.314,2784.573,2849.95,2908.705,2972.123
Peru,0,0,0,0,0,0,0,0,0,0.001,0.072,0.337,0.556,0.798,0.968,1.077,1.165,1.231,1.288,1.307,1.328,1.313,1.3,1.314,1.351,1.336,1.41,1.413,1.415,1.43,1.498,1.543,1.599,1.616,1.646,1.714,1.743,1.749,1.743,1.744,1.803,1.857,1.865,1.867,1.861,1.857,1.855,1.853
Philippines,3.025,3.087,3.161,3.474,5.141,5.862,5.916,6.207,6.573,6.897,7.491,8.434,8.896,9.282,10.002,10.546,11.152,11.649,12.719,13.336,13.799,14.254,14.629,14.804,15.266,15.676,15.985,16.056,16.885,17.237,17.777,18.098,18.069,18.426,18.876,19.001,18.949,19.385,19.641,19.43,19.513,19.174,18.703,18.713,18.717,18.797,18.893,18.986
Poland,0.001,0.002,0.003,0.004,0.004,0.005,0.006,0.007,0.012,0.036,0.232,0.348,0.474,0.602,0.805,1.057,1.224,1.37,1.505,1.573,1.65,1.67,1.685,1.665,1.702,1.692,1.67,1.686,1.719,1.773,1.781,1.801,1.796,1.762,1.767,1.765,1.733,1.737,1.717,1.741,1.791,1.821,1.841,1.977,2.015,2.047,2.072,2.087
Portugal,0.137,0.148,0.165,0.201,0.241,0.282,0.327,0.349,0.382,0.407,0.437,0.469,0.499,0.514,0.537,0.556,0.559,0.571,0.586,0.598,0.604,0.613,0.629,0.638,0.636,0.637,0.638,0.639,0.638,0.641,0.638,0.623,0.605,0.584,0.579,0.585,0.571,0.575,0.572,0.572,0.576,0.556,0.539,0.536,0.533,0.532,0.531,0.53
Puerto Rico,0.651,0.65,0.664,0.655,0.653,0.657,0.645,0.652,0.648,0.642,0.645,0.644,0.646,0.643,0.649,0.653,0.667,0.664,0.692,0.699,0.706,0.712,0.715,0.716,0.724,0.748,0.766,0.774,0.809,0.844,0.855,0.857,0.858,0.86,0.86,0.875,0.892,0.905,0.936,0.906,0.915,0.9,0.885,0.887,0.882,0.881,0.88,0.878
Qatar,1.17,1.225,1.102,0.954,0.823,0.858,0.64,0.652,0.577,0.557,0.876,0.766,0.776,0.696,0.685,0.771,0.822,0.813,0.62,0.782,1.148,1.04,1.058,1.224,1.293,1.693,1.684,1.798,2.226,1.532,1.745,2.153,2.186,2.24,2.365,2.468,2.504,2.346,2.576,2.418,2.028,2.385,2.727,2.614,2.533,2.491,2.47,2.425
Romania,0.001,0.001,0.001,0.001,0.001,0,0,0,0,0,0,0.001,0.004,0.013,0.03,0.04,0.057,0.14,0.214,0.312,0.435,0.587,0.709,0.856,0.963,1.046,1.122,1.265,1.44,1.49,1.525,1.55,1.564,1.606,1.628,1.662,1.597,1.604,1.664,1.746,1.792,1.81,1.777,1.798,1.803,1.817,1.831,1.843
Russian Federation,,,,,,,,,,,0,0.001,0.013,0.123,0.49,1.171,1.676,1.896,2.224,3.782,5.09,5.798,6.601,7.354,8.614,9.965,11.133,12.336,14.278,14.47,16.327,18.444,19.568,19.506,20.999,23.563,24.195,24.05,25.838,26.212,26.062,29.127,34.298,36.271,37.854,39.119,39.638,40.241
Rwanda,65.784,66.577,68.582,67.563,64.58,65.473,59.643,58.924,58.268,64.953,61.574,69.556,72.46,82.044,85.705,130.199,145.201,164.892,166.781,159.555,161.155,156.987,146.456,172.845,187.076,197.748,196.589,216.063,242.664,258.393,263.422,276.649,299.239,302.895,297.072,299.615,311.476,325.126,315.564,317.759,339.914,334.461,339.408,355.097,365.68,377.371,388.418,400.014
Saint Kitts and Nevis,1.202,1.278,1.295,1.254,1.287,1.306,1.383,1.426,1.48,1.495,1.545,1.451,1.522,1.538,1.597,1.628,1.611,1.661,1.695,1.707,1.648,1.665,1.697,1.692,1.711,1.632,1.807,1.871,1.863,1.907,1.895,1.961,2.016,2.034,2.035,2.035,2.038,2.04,1.973,1.997,1.933,1.864,1.87,1.892,1.879,1.876,1.877,1.879
Saint Lucia,1.612,1.599,1.391,1.384,1.578,1.536,1.574,1.632,1.584,1.584,1.654,1.688,1.679,1.657,1.664,1.712,1.689,1.709,1.73,1.746,1.727,1.673,1.654,1.707,1.674,1.735,1.77,1.781,1.793,1.769,1.845,1.83,1.876,1.877,1.931,2.011,1.958,1.996,1.959,1.975,1.871,1.848,1.859,1.862,1.865,1.873,1.883,1.893
Saint Vincent and the Grenadines,1.26,1.373,1.405,1.408,1.425,1.429,1.468,1.553,1.516,1.511,1.555,1.56,1.554,1.509,1.512,1.514,1.543,1.534,1.56,1.575,1.535,1.595,1.581,1.525,1.546,1.546,1.561,1.636,1.641,1.609,1.675,1.636,1.65,1.643,1.596,1.605,1.533,1.59,1.573,1.584,1.584,1.529,1.497,1.494,1.487,1.487,1.488,1.488
Samoa,0.591,0.628,0.715,0.811,0.905,0.953,0.944,0.96,0.986,1.001,1.352,1.348,1.423,1.463,1.058,1.454,1.414,1.556,1.673,1.658,1.654,1.672,1.671,1.681,1.752,1.767,1.805,1.889,2.022,2.043,1.932,1.9,1.933,1.918,1.88,1.941,1.944,1.905,1.882,1.875,1.857,1.805,1.839,1.871,1.88,1.898,1.917,1.936
San Marino,,,,,,,,,,,,,,,,,,0.747,0.752,0.754,0.756,0.76,0.765,0.769,0.764,0.753,0.745,0.711,0.717,0.718,0.722,0.71,0.715,0.726,0.69,0.691,0.689,0.683,0.681,0.674,0.669,0.653,0.631,0.626,0.622,0.62,0.618,0.617
Saudi Arabia,1.309,1.336,1.338,1.303,1.246,1.195,0.857,0.892,0.785,0.82,0.847,0.8,0.78,0.749,0.742,0.769,0.814,0.828,0.705,0.796,0.863,0.83,0.866,0.869,0.94,1.095,1.185,1.252,1.445,1.21,1.402,1.586,1.65,1.666,1.646,1.591,1.639,1.649,1.863,1.795,1.62,1.785,1.948,1.793,1.712,1.663,1.629,1.605
Senegal,151.808,153.94,159.143,167.349,174.103,183.942,190.657,183.096,174.378,170.344,164.17,157.649,152.704,148.591,193.464,203.849,210.571,214.146,219.644,220.306,218.245,228.366,229.144,222.635,216.522,219.85,219.423,227.726,241.8,236.202,237.141,241.276,245.6,247.212,243.618,242.595,244.658,246.787,239.005,239.704,240.367,236.369,228.693,226.577,225.618,225.533,225.657,225.689
Serbia,,,,,,,,,,,,,,,,,,3.062,3.797,4.989,8.712,16.124,18.741,20.692,21.982,24.62,26.834,28.401,30.399,32.588,34.045,36.324,37.982,39.323,39.802,40.726,40.459,40.795,40.63,40.891,41.393,42.163,41.931,43.216,44.354,45.444,46.494,47.397
Seychelles,3.42,3.354,3.213,3.191,3.176,3.149,3.264,3.302,3.315,3.258,3.34,3.165,3.239,3.26,3.276,3.143,2.898,2.874,3.138,3.158,3.127,3.246,3.312,3.441,4.178,4.069,4.004,4.36,5.77,7.309,6.894,6.884,7.625,7.959,7.844,8.157,7.815,7.969,7.994,7.91,7.58,7.881,7.745,7.616,7.282,7.138,7.084,7.085
Sierra Leone,0.643,0.683,0.759,0.982,1.435,2.577,5.968,10.483,15.534,24.068,31.788,78.249,124.826,156.569,181.621,243.012,418.353,480.332,603.457,744.017,771.996,712.9,674.426,748.208,822.007,929.54,1012.854,1053.219,1136.653,1217.275,1409.382,1620.575,1750.438,1778.18,1808.755,1881.811,1975.344,2244.995,2500.065,2645.304,2899.115,3062.001,3233.913,3530.355,3828.315,4119.287,4400.935,4624.467
Singapore,1.131,1.093,1.077,1.069,1.04,0.993,0.961,0.943,0.96,0.963,0.971,0.981,0.973,0.983,0.996,1.006,1.003,0.997,0.973,0.925,0.939,0.902,0.88,0.848,0.858,0.848,0.838,0.864,0.836,0.855,0.854,0.847,0.846,0.859,0.864,0.88,0.878,0.886,0.896,0.877,0.841,0.84,0.818,0.81,0.802,0.798,0.794,0.79
Slovak Republic,,,,,,,,,,,,,,0.318,0.353,0.376,0.385,0.403,0.417,0.441,0.472,0.486,0.497,0.513,0.529,0.526,0.525,0.517,0.521,0.512,0.508,0.506,0.505,0.491,0.485,0.491,0.503,0.503,0.501,0.504,0.51,0.502,0.498,0.503,0.5,0.499,0.499,0.499
Slovenia,,,,,,,,,,,,,0.289,0.332,0.358,0.393,0.429,0.457,0.486,0.51,0.527,0.56,0.593,0.614,0.618,0.609,0.603,0.612,0.627,0.645,0.63,0.624,0.607,0.59,0.591,0.595,0.577,0.568,0.566,0.568,0.568,0.56,0.558,0.569,0.577,0.583,0.588,0.591
Solomon Islands,0.681,0.703,0.749,0.771,0.825,0.875,0.901,0.981,1.107,1.102,1.424,1.477,1.634,1.868,2.34,2.511,2.763,2.947,3.239,3.439,3.55,3.815,4.181,4.356,4.472,4.959,5.236,5.652,5.983,6.343,6.646,7.131,7.504,7.498,7.648,7.841,7.767,7.728,7.769,7.729,7.897,7.904,7.828,7.872,7.965,8.084,8.218,8.345
Somalia,,,,,,,,,,,,,,,,,,,,,,,,,,,,,,,,0.267,0.356,0.432,0.402,0.357,0.343,0.356,0.35,0.368,0.392,0.392,0.411,0.417,0.427,0.439,0.452,0.464
South Africa,,,,,,,,,,,,,,1.743,1.874,2.034,2.158,2.294,2.452,2.584,2.759,2.909,3.223,3.363,3.473,3.556,3.658,3.856,4.08,4.406,4.62,4.777,5.108,5.296,5.572,5.825,6.159,6.427,6.525,6.699,6.968,7.137,6.972,6.988,7.113,7.284,7.474,7.667
"South Sudan, Republic of",,,,,,,,,,,,,,,,,,,,,,,,,,,,,,,,1.593,2.291,2.501,2.609,3.268,13.07,35.505,58.792,72.894,102.108,133.647,183.373,342.355,347.422,341.921,352.1,367.124
Spain,0.337,0.352,0.376,0.407,0.433,0.457,0.493,0.509,0.518,0.532,0.55,0.57,0.595,0.614,0.623,0.631,0.641,0.645,0.654,0.661,0.669,0.681,0.698,0.712,0.72,0.727,0.733,0.738,0.74,0.737,0.729,0.714,0.695,0.675,0.662,0.665,0.643,0.63,0.623,0.62,0.619,0.608,0.583,0.572,0.566,0.564,0.563,0.562
Sri Lanka,5.084,5.34,5.58,6.368,7.282,7.103,7.38,7.781,8.258,8.818,10.227,10.329,11.909,12.714,13.356,14.225,14.326,14.8,17.014,17.718,18.172,20.283,21.641,22.315,23.644,25.314,27.325,30.339,34.628,36.431,38.625,39.289,41.447,42.939,44.298,45.183,46.283,49.39,50.084,50.55,51.658,52.424,58.016,63.592,67.507,71.112,74.099,76.233
Sudan,0,0,0,0,0,0,0.001,0.001,0.001,0.002,0.003,0.004,0.007,0.017,0.033,0.068,0.17,0.243,0.302,0.352,0.397,0.421,0.46,0.495,0.566,0.647,0.676,0.759,0.811,0.821,0.995,1.231,1.639,2.207,2.621,2.968,3.373,4.619,7.094,10.654,27.822,76.914,155.211,317.543,442.857,531.513,573.037,606.812
Suriname,0.001,0.001,0.001,0.001,0.001,0.001,0.001,0.001,0.001,0.001,0.002,0.003,0.003,0.008,0.045,0.151,0.15,0.148,0.172,0.292,0.47,0.621,0.802,0.963,1.062,1.174,1.271,1.317,1.493,1.579,1.673,1.866,1.924,1.845,1.811,1.82,2.429,2.578,2.661,2.729,3.907,5.701,7.289,8.602,9.442,10.11,10.693,11.011
Sweden,6.778,6.473,6.581,6.959,7.236,7.459,7.768,7.944,8.187,8.498,8.953,9.371,9.267,9.266,9.307,9.463,9.387,9.368,9.339,9.292,9.223,9.244,9.243,9.218,9.007,8.793,8.68,8.69,8.803,8.953,8.931,8.844,8.655,8.598,8.727,8.852,8.823,8.719,8.72,8.785,8.833,8.732,8.639,8.605,8.541,8.528,8.531,8.532
Switzerland,1.799,1.735,1.753,1.729,1.732,1.717,1.735,1.728,1.717,1.709,1.724,1.757,1.754,1.753,1.738,1.715,1.689,1.652,1.63,1.608,1.594,1.574,1.546,1.534,1.498,1.467,1.453,1.449,1.442,1.439,1.426,1.397,1.354,1.312,1.282,1.235,1.202,1.18,1.161,1.139,1.12,1.091,1.046,1.029,1.015,1.006,0.998,0.989
Syria,2.71,2.928,2.811,2.837,3.01,3.004,3.713,4.573,5.709,6.566,7.367,7.473,7.695,7.792,8.842,9.268,10.695,11.472,11.394,12.018,13.284,13.364,13.754,13.227,14.212,15.426,16.326,17.608,20.033,19.351,20.474,,,,,,,,,,,,,,,,,
São Tomé and Príncipe,0.021,0.024,0.022,0.022,0.024,0.023,0.029,0.041,0.052,0.07,0.096,0.117,0.16,0.273,0.466,0.685,1.341,1.833,2.103,2.238,2.406,2.377,2.62,2.966,3.223,3.726,4.161,4.629,5.925,6.333,7.038,7.431,8.652,8.767,8.624,9.186,9.739,10.055,10.076,10.589,11.045,10.935,10.872,10.968,11.025,11.152,11.391,11.689
Taiwan Province of China,24.722,24.999,24.127,23.839,23.305,22.596,23.236,22.684,21.926,21.643,21.933,21.955,22.155,22.395,22.302,22.362,22.474,22.58,23.055,22.297,21.604,20.995,20.589,19.906,19.241,18.375,17.603,17.051,16.288,16.205,15.807,15.151,15.081,15.042,15.25,15.476,15.776,15.73,15.272,14.981,14.995,15.137,14.5,14.062,13.773,13.754,13.787,13.843
Tajikistan,,,,,,,,,,,,,0,0.001,0.003,0.012,0.06,0.119,0.181,0.226,0.274,0.338,0.406,0.513,0.585,0.622,0.726,0.904,1.132,1.268,1.409,1.565,1.67,1.649,1.651,1.914,2.03,2.231,2.233,2.274,2.284,2.293,2.356,2.451,2.533,2.628,2.719,2.813
Tanzania,8.534,9.275,10.503,11.413,12.555,14.842,17.999,22.421,31.886,36.991,43.661,54.106,66.324,80.637,103.559,128.679,150.77,178.925,227.685,246.142,258.914,266.644,281.191,299.049,311.683,321.626,363.389,374.828,426.393,462.923,499.72,546.073,649.705,706.309,759.031,803.812,848.68,885.083,878.093,874.448,875.261,875.547,864.032,888.102,909.909,934.839,962.473,989.418
Thailand,9.165,9.074,8.978,8.955,8.768,8.684,8.654,8.844,9.048,9.239,9.414,9.588,9.752,9.744,9.986,10.343,10.573,10.853,11.598,11.142,11.04,11.004,11.018,11.037,11.132,11.344,11.566,11.54,11.904,11.851,12.188,12.387,12.25,12.301,12.488,12.641,12.731,12.845,12.724,12.625,12.324,12.041,11.574,11.355,11.536,11.552,11.562,11.404
Timor-Leste,,,,,,,,,,,,,,,,,,,,,0.332,0.363,0.377,0.395,0.344,0.34,0.337,0.356,0.375,0.379,0.416,0.455,0.437,0.487,0.453,0.458,0.432,0.409,0.394,0.419,0.346,0.434,0.42,0.423,0.429,0.437,0.446,0.455
Togo,155.27,156.852,156.408,175.36,168.323,169.587,173.87,177.301,171.535,166.648,155.938,155.374,154.434,146.926,191.923,186.425,213.298,234.725,227.274,228.619,221.455,220.12,227.64,216.771,207.075,212.595,205.187,209.735,230.035,232.187,230.879,228.625,237.899,240.651,238.234,241.552,243.553,239.722,237.278,236.7,236.868,231.546,223.829,221.478,219.894,218.79,217.787,216.752
Tonga,0.936,0.825,0.778,0.781,0.567,0.611,0.653,0.716,0.767,0.79,0.791,0.847,0.925,0.971,0.96,0.894,0.904,0.888,0.902,0.949,0.954,0.98,1.038,1.134,1.196,1.252,1.437,1.462,1.499,1.564,1.665,1.639,1.676,1.608,1.579,1.646,1.679,1.74,1.787,1.891,1.8,1.753,1.751,1.772,1.778,1.783,1.797,1.808
Trinidad and Tobago,2.012,1.971,2.082,2.13,2.18,2.139,2.071,2.119,2.132,2.198,2.447,2.405,2.188,2.28,2.58,2.632,2.633,2.496,2.423,2.492,2.73,2.752,2.588,2.814,3.002,3.3,3.231,3.568,4.329,3.147,3.496,3.95,4.097,4.317,4.375,4.24,4.107,4.162,4.202,4.137,3.95,3.834,4.054,3.776,3.598,3.546,3.503,3.477
Tunisia,0.268,0.273,0.298,0.325,0.334,0.336,0.341,0.35,0.364,0.377,0.401,0.414,0.428,0.435,0.443,0.455,0.466,0.48,0.49,0.499,0.506,0.514,0.518,0.522,0.525,0.53,0.534,0.531,0.554,0.567,0.582,0.596,0.635,0.671,0.7,0.742,0.767,0.794,0.838,0.88,0.935,0.946,0.953,,,,,
Turkey,0,0,0,0,0,0,0,0,0.001,0.001,0.001,0.002,0.003,0.005,0.011,0.02,0.036,0.063,0.11,0.168,0.245,0.366,0.496,0.6,0.657,0.682,0.724,0.748,0.823,0.862,0.911,0.966,1.02,1.07,1.105,1.162,1.241,1.373,1.562,1.747,1.982,2.431,3.529,4.794,5.685,6.438,7.225,8.181
Turkmenistan,,,,,,,,,,,,,0,0,0.002,0.017,0.217,0.345,0.403,0.489,0.525,0.589,0.628,0.691,0.729,0.756,0.824,0.876,1.373,1.497,1.296,1.426,1.578,1.634,1.682,1.645,1.613,1.623,1.65,1.825,1.866,2.036,2.278,2.391,2.474,2.59,2.721,2.863
Tuvalu,,,,,,,,,,,,,,,,,,,,,1.108,1.147,1.168,1.18,1.207,1.169,1.207,1.163,1.182,1.18,1.183,1.173,1.158,1.172,1.208,1.248,1.339,1.352,1.417,1.48,1.479,1.459,1.438,1.445,1.46,1.484,1.503,1.52
Uganda,0.379,0.54,0.761,1.027,2.009,4.075,8.425,23.157,64.838,134.376,186.958,213.419,284.799,325.069,350.58,372.648,382.518,405.625,423.956,431.745,455.215,441.42,447.003,467.121,488.373,490.747,516.84,545.089,618.941,722.193,729.035,856.168,1003.277,1042.081,1073.747,1125.471,1211.94,1270.608,1308.593,1314.949,1331.135,1305.179,1283.729,1308.846,1345.654,1385.527,1427.003,1471.413
Ukraine,,,,,,,,,,,,,0,0.005,0.054,0.275,0.448,0.52,0.576,0.724,0.871,0.906,0.939,0.996,1.119,1.346,1.499,1.793,2.271,2.54,2.853,3.192,3.297,3.013,3.435,4.566,5.014,5.916,6.664,7.087,7.672,9.213,,,,,,
United Arab Emirates,1.665,1.553,1.465,1.364,1.249,1.219,1.173,1.194,1.204,1.155,1.162,1.116,1.109,1.11,1.088,1.107,1.152,1.119,1.058,1.136,1.239,1.19,1.215,1.24,1.311,1.48,1.608,1.761,2.048,1.726,1.918,2.127,2.178,2.213,2.183,2.188,2.19,2.222,2.348,2.204,1.996,2.141,2.363,2.232,2.146,2.093,2.058,2.032
United Kingdom,0.507,0.521,0.53,0.538,0.546,0.558,0.572,0.588,0.603,0.627,0.654,0.675,0.682,0.685,0.681,0.684,0.7,0.686,0.689,0.688,0.684,0.682,0.685,0.69,0.69,0.69,0.688,0.689,0.697,0.705,0.706,0.706,0.702,0.695,0.698,0.692,0.689,0.682,0.68,0.681,0.707,0.681,0.672,0.685,0.686,0.687,0.688,0.688
United States,1,1,1,1,1,1,1,1,1,1,1,1,1,1,1,1,1,1,1,1,1,1,1,1,1,1,1,1,1,1,1,1,1,1,1,1,1,1,1,1,1,1,1,1,1,1,1,1
Uruguay,0.008,0.01,0.011,0.014,0.022,0.037,0.061,0.103,0.161,0.273,0.589,1.144,1.785,2.578,3.507,4.845,6.016,7.016,7.797,8.021,8.121,8.325,9.232,10.55,11.313,11.043,11.413,12.159,12.887,13.797,14.302,15.274,16.938,18.173,19.473,21.105,22.454,23.294,24.366,25.978,28.5,30.091,30.622,30.819,31.165,31.608,31.972,32.344
Uzbekistan,,,,,,,,,,,,0.001,0.011,0.125,1.642,7.575,13.505,22.05,30.307,43.071,62.055,88.113,126.19,156.818,177.221,208.56,245.359,296.231,357.106,426.472,505.24,601.998,706.905,804.31,935.237,1058.678,1179.957,1432.907,1777.095,2058.547,2270.919,2475.938,2599.196,2852.522,3077.782,3206.791,3319.481,3436.868
Vanuatu,76.235,80.564,82.018,81.138,87.84,82.211,78.191,88.874,94.254,96.549,92.161,98.301,98.788,98.492,98.662,98.31,98.555,99.962,103.39,105.092,105.003,106.412,107.791,106.549,105.96,103.169,103.957,107.069,112.581,114.722,115.028,115.827,113.173,114.57,114.032,119.523,120.203,124.292,125.285,127.119,127.866,126.659,125.095,125.258,125.817,126.888,128.072,129.245
Vietnam,0.249,0.302,0.568,0.817,1.3,2.416,13.904,56.534,222.433,500.155,685.407,1145.597,1484.806,1702.939,1950.07,2235.493,2386.214,2500.536,2691.221,2806.024,2837.393,2828.94,2895.73,3029.046,3476.777,3676.108,3871.644,4132.808,4974.458,5250.005,5814.022,6915.335,7167.057,7369.895,7473.419,7413.456,7315.613,7395.338,7469.454,7474.995,7505.038,7406.023,7236.867,7384.029,7586.604,7807.892,8012.479,8181.632
West Bank and Gaza,,,,,,,,,,,,,,,1.724,1.82,1.944,1.986,2.047,2.133,2.268,2.342,2.636,2.432,2.218,2.154,2.187,2.057,2.063,2.288,2.433,2.405,2.36,2.337,2.177,2.136,2.149,2.036,1.977,2.003,1.953,1.9,1.839,1.829,1.828,1.832,1.838,1.838
Yemen,,,,,,,,,,,6.115,6.624,7.33,8.332,9.854,14.066,18.892,21.04,19.07,25.098,30.271,30.418,32.561,35.408,39.349,45.224,49.832,53.803,63.549,57.647,70.415,81.477,88.793,93.631,98.497,142.845,141.618,164.766,184.825,194.96,233.778,373.026,565.707,723.885,844.584,937.603,1017.355,1096.917
Zambia,0,0,0,0,0.001,0.001,0.001,0.002,0.003,0.005,0.01,0.018,0.045,0.114,0.195,0.249,0.305,0.375,0.434,0.505,0.654,0.802,0.943,1.088,1.268,1.434,1.594,1.753,1.903,1.996,2.247,2.446,2.651,2.833,3.065,3.366,3.879,4.193,4.398,4.651,5.227,6.016,6.32,6.774,7.092,7.414,7.774,8.08
Zimbabwe,,,,,,,,,,,,,,,,,,,0.422,0.409,0.402,0.392,0.399,0.417,0.428,0.429,0.388,0.374,0.378,0.504,0.518,0.52,0.549,0.558,0.549,0.539,0.541,0.641,1.032,5.482,36.236,79.481,150.092,210.626,264.7,305.195,328.421,336.8
