Population (Millions of people),1980,1981,1982,1983,1984,1985,1986,1987,1988,1989,1990,1991,1992,1993,1994,1995,1996,1997,1998,1999,2000,2001,2002,2003,2004,2005,2006,2007,2008,2009,2010,2011,2012,2013,2014,2015,2016,2017,2018,2019,2020,2021,2022,2023,2024,2025,2026,2027
Afghanistan,,,,,,,,,,,,,,,,,,,,,,17.887,18.707,19.477,20.237,20.947,21.596,22.426,22.997,23.596,24.269,25.031,25.864,26.736,27.601,28.425,29.2,29.7,31.6,32.2,32.941,,,,,,,
Albania,2.672,2.726,2.784,2.844,2.904,2.965,3.023,3.084,3.142,3.228,3.287,3.267,3.247,3.227,3.208,3.188,3.168,3.148,3.129,3.109,3.089,3.06,3.051,3.04,3.027,3.011,2.993,2.97,2.947,2.928,2.913,2.905,2.9,2.895,2.889,2.881,2.876,2.884,2.883,2.881,2.878,2.873,2.866,2.858,2.85,2.84,2.831,2.821
Algeria,18.666,19.246,19.864,20.516,21.175,22.2,22.8,23.4,24.1,24.7,25.022,25.643,26.271,26.894,27.496,28.06,28.566,29.045,29.507,29.965,30.506,30.954,31.414,31.885,32.366,32.855,33.351,33.858,34.591,35.268,35.978,36.717,37.495,38.297,39.114,39.963,40.836,41.721,42.578,43.424,43.851,44.462,45.082,45.71,46.347,46.993,47.648,48.313
Andorra,,,,,,,,,,,,,,,,,,,,,,,,,,,,,,,0.07,0.07,0.07,0.07,0.071,0.072,0.073,0.075,0.076,0.078,0.078,0.08,0.081,0.083,0.084,0.086,0.088,0.089
Angola,8.91,9.151,9.393,9.639,9.894,11.149,11.467,11.76,12.079,12.41,12.742,13.124,13.518,13.923,14.341,14.771,15.214,15.671,16.141,16.625,17.124,17.637,18.166,18.711,19.273,19.851,20.446,21.06,21.692,22.342,23.013,23.703,24.414,25.147,25.901,26.681,27.503,28.377,29.25,30.128,31.031,31.962,32.921,33.909,34.926,35.974,37.053,38.165
Antigua and Barbuda,0.068,0.068,0.067,0.066,0.065,0.064,0.063,0.062,0.061,0.06,0.06,0.061,0.062,0.063,0.065,0.067,0.068,0.07,0.072,0.074,0.076,0.077,0.078,0.078,0.079,0.08,0.081,0.082,0.083,0.084,0.085,0.086,0.087,0.088,0.089,0.091,0.092,0.094,0.095,0.096,0.098,0.099,0.101,0.102,0.104,0.105,0.106,0.109
Argentina,27.95,28.45,28.93,29.34,29.84,30.35,30.74,31.09,31.47,31.86,32.53,32.97,33.42,33.917,34.353,34.779,35.196,35.604,36.005,36.399,36.784,37.156,37.516,37.87,38.226,38.592,38.971,39.356,39.746,40.134,40.788,41.261,41.733,42.203,42.67,43.132,43.59,44.045,44.495,44.939,45.388,45.842,46.3,46.763,47.231,47.703,48.18,48.662
Armenia,,,,,,,,,,,3.51,3.51,3.45,3.37,3.29,3.22,3.17,3.14,3.11,3.09,3.08,3.06,3.05,3.04,3.03,3.01,3,2.99,2.98,2.97,2.966,2.968,2.97,2.98,2.985,2.99,2.993,2.979,2.969,2.963,2.962,2.962,2.963,2.963,2.963,2.963,2.964,2.964
Aruba,,,,,,,0.061,0.06,0.061,0.062,0.064,0.067,0.069,0.074,0.078,0.08,0.083,0.086,0.088,0.09,0.091,0.091,0.092,0.093,0.095,0.098,0.099,0.1,0.101,0.102,0.102,0.103,0.105,0.106,0.108,0.109,0.11,0.111,0.111,0.112,0.111,0.111,0.112,0.112,0.113,0.113,0.113,0.114
Australia,14.802,15.039,15.289,15.483,15.677,15.901,16.139,16.395,16.687,16.937,17.17,17.379,17.557,17.719,17.893,18.12,18.33,18.51,18.706,18.919,19.141,19.386,19.605,19.827,20.046,20.312,20.628,21.016,21.476,21.866,22.172,22.522,22.928,23.298,23.64,23.985,24.39,24.773,25.171,25.558,25.684,25.709,25.915,26.226,26.567,26.899,27.222,27.548
Austria,7.54,7.556,7.565,7.543,7.544,7.549,7.557,7.567,7.576,7.594,7.645,7.711,7.799,7.883,7.929,7.948,7.959,7.968,7.977,7.992,8.012,8.042,8.082,8.118,8.169,8.225,8.268,8.295,8.322,8.341,8.361,8.389,8.426,8.477,8.544,8.63,8.74,8.815,8.885,8.859,8.901,8.946,8.99,9.035,9.08,9.126,9.171,9.217
Azerbaijan,,,,,,,,,,,,,7.459,7.487,7.597,7.644,7.726,7.8,7.877,7.953,8.033,8.114,8.191,8.269,8.349,8.447,8.553,8.666,8.78,8.922,8.998,9.111,9.235,9.357,9.477,9.593,9.706,9.81,9.898,9.982,10.067,10.119,10.241,10.363,10.488,10.614,10.741,10.87
"Bahamas, The",0.211,0.215,0.22,0.226,0.231,0.234,0.238,0.242,0.247,0.251,0.255,0.259,0.264,0.269,0.273,0.279,0.284,0.288,0.293,0.298,0.303,0.307,0.312,0.316,0.321,0.325,0.329,0.333,0.337,0.341,0.345,0.348,0.352,0.356,0.36,0.364,0.368,0.372,0.377,0.381,0.385,0.389,0.394,0.398,0.402,0.407,0.412,0.416
Bahrain,0.353,0.367,0.38,0.393,0.406,0.42,0.435,0.45,0.467,0.484,0.488,0.508,0.516,0.53,0.544,0.559,0.574,0.589,0.605,0.621,0.638,0.661,0.711,0.765,0.824,0.889,0.96,1.039,1.107,1.178,1.235,1.195,1.209,1.253,1.315,1.37,1.424,1.501,1.503,1.484,1.472,1.487,1.518,1.549,1.58,1.613,1.646,1.68
Bangladesh,79.639,81.768,83.932,86.142,88.417,90.764,93.188,95.671,98.186,100.695,103.172,105.599,107.984,110.351,112.738,115.17,117.65,120.161,122.683,125.19,127.658,130.089,132.478,134.792,136.986,139.036,140.921,142.66,144.304,145.925,147.575,149.274,151.008,152.765,154.52,156.256,157.971,159.671,161.356,163.046,164.689,166.303,167.886,169.432,170.937,172.399,173.814,175.18
Barbados,0.252,0.253,0.254,0.255,0.255,0.256,0.257,0.258,0.259,0.259,0.26,0.261,0.262,0.263,0.264,0.265,0.266,0.267,0.268,0.269,0.27,0.271,0.271,0.272,0.273,0.274,0.275,0.276,0.277,0.278,0.28,0.281,0.282,0.283,0.283,0.284,0.285,0.286,0.286,0.287,0.288,0.289,0.289,0.29,0.291,0.292,0.292,0.293
Belarus,,,,,,,,,,,10.19,10.195,10.217,10.24,10.228,10.177,10.142,10.093,10.045,10.019,9.99,9.957,9.9,9.831,9.763,9.697,9.63,9.579,9.542,9.514,9.496,9.472,9.451,9.442,9.444,9.453,9.469,9.47,9.448,9.429,9.41,9.35,9.303,9.257,9.21,9.164,9.119,9.073
Belgium,9.855,9.863,9.855,9.858,9.853,9.858,9.859,9.865,9.876,9.928,9.948,9.987,10.022,10.068,10.101,10.131,10.143,10.17,10.192,10.214,10.239,10.263,10.31,10.356,10.396,10.446,10.511,10.585,10.667,10.753,10.84,11.001,11.076,11.138,11.181,11.237,11.311,11.352,11.399,11.456,11.522,11.566,11.62,11.669,11.714,11.757,11.798,11.837
Belize,0.15,0.15,0.153,0.157,0.162,0.166,0.171,0.176,0.179,0.184,0.189,0.194,0.199,0.205,0.211,0.217,0.222,0.23,0.239,0.243,0.25,0.256,0.263,0.269,0.276,0.284,0.291,0.299,0.307,0.315,0.322,0.332,0.341,0.35,0.359,0.368,0.378,0.388,0.398,0.408,0.419,0.43,0.44,0.45,0.459,0.468,0.478,0.487
Benin,3.636,3.763,3.878,4.004,4.13,4.267,4.404,4.54,4.687,4.826,4.978,5.149,5.332,5.522,5.714,5.906,6.094,6.282,6.47,6.664,6.866,7.077,7.295,7.521,7.75,7.982,8.217,8.455,8.697,8.945,9.199,9.461,9.729,10.005,10.287,10.576,10.872,11.175,11.49,11.814,12.146,12.487,12.838,13.198,13.569,13.95,14.342,14.745
Bhutan,0.408,0.419,0.43,0.44,0.451,0.464,0.479,0.495,0.511,0.524,0.53,0.529,0.522,0.513,0.506,0.503,0.507,0.515,0.528,0.543,0.558,0.574,0.591,0.602,0.613,0.624,0.635,0.643,0.651,0.659,0.667,0.675,0.683,0.692,0.7,0.713,0.722,0.731,0.735,0.738,0.745,0.753,0.76,0.767,0.775,0.782,0.79,0.797
Bolivia,5.161,5.587,5.703,5.822,5.944,6.068,6.195,6.324,6.456,6.591,6.728,6.869,7.012,7.213,7.419,7.567,7.717,7.871,8.026,8.183,8.43,8.59,8.75,8.91,9.07,9.23,9.39,9.55,9.71,9.87,10.03,10.19,10.35,10.51,10.67,10.83,10.99,11.15,11.31,11.47,11.63,11.8,11.96,12.13,12.29,12.45,12.635,12.823
Bosnia and Herzegovina,,,,,,,,,,,,,,,,,3.763,3.736,3.732,3.743,3.751,3.755,3.759,3.76,3.763,3.766,3.768,3.762,3.754,3.736,3.704,3.66,3.605,3.531,3.526,3.518,3.511,3.504,3.496,3.491,3.487,3.481,3.473,3.464,3.455,3.445,3.436,3.426
Botswana,0.916,0.933,0.968,1.003,1.041,1.079,1.119,1.16,1.202,1.246,1.292,1.331,1.369,1.408,1.446,1.482,1.518,1.552,1.585,1.616,1.643,1.675,1.705,1.734,1.766,1.799,1.836,1.875,1.916,1.953,1.987,2.015,2.04,2.063,2.089,2.121,2.16,2.205,2.254,2.304,2.352,2.401,2.45,2.501,2.553,2.607,2.661,2.716
Brazil,118.563,121.213,123.885,126.573,129.273,131.978,134.653,137.268,139.819,142.307,146.593,149.094,151.547,153.986,156.431,158.875,163.538,166.104,168.693,171.256,173.766,176.209,178.499,180.708,182.865,184.991,187.062,189.038,191.01,192.981,194.891,196.604,198.315,200.004,201.718,203.476,205.157,206.805,208.495,210.147,211.756,212.609,213.911,215.157,216.347,217.479,218.618,221.948
Brunei Darussalam,,,,,,0.222,0.226,0.234,0.241,0.246,0.253,0.26,0.267,0.274,0.281,0.287,0.295,0.302,0.31,0.317,0.325,0.333,0.344,0.35,0.36,0.359,0.365,0.37,0.375,0.38,0.387,0.393,0.399,0.403,0.408,0.412,0.417,0.43,0.442,0.442,0.443,0.444,0.445,0.445,0.445,0.445,0.445,0.445
Bulgaria,8.808,8.834,8.859,8.881,8.897,8.903,8.901,8.889,8.865,8.826,8.771,8.697,8.607,8.507,8.407,8.312,8.225,8.162,8.105,8.067,8.15,7.891,7.846,7.801,7.761,7.719,7.679,7.64,7.607,7.564,7.505,7.327,7.285,7.246,7.202,7.154,7.102,7.05,7,6.951,6.917,6.875,6.834,6.793,6.752,6.712,6.671,6.631
Burkina Faso,6.823,6.985,7.158,7.341,7.531,7.728,7.931,8.14,8.356,8.58,8.811,9.05,9.297,9.552,9.817,10.09,10.373,10.666,10.969,11.283,11.608,11.945,12.293,12.655,13.031,13.422,13.829,14.252,14.69,15.141,15.605,16.082,16.571,17.073,17.586,18.111,18.646,19.193,19.751,20.321,20.912,21.521,22.147,22.791,23.454,24.136,24.838,25.56
Burundi,4.09,4.21,4.334,4.461,4.591,4.726,4.864,5.007,5.154,5.305,5.46,5.62,5.78,5.77,5.87,5.98,6.09,6.19,6.3,6.489,6.684,6.884,7.091,7.26,7.478,7.512,7.737,7.969,8.232,8.504,8.776,9.048,9.329,9.618,9.907,10.204,10.53,10.867,11.193,11.529,11.875,12.231,12.598,12.976,13.365,13.766,14.179,14.605
Cabo Verde,0.289,0.294,0.299,0.305,0.312,0.318,0.325,0.332,0.339,0.346,0.354,0.363,0.371,0.38,0.379,0.389,0.399,0.408,0.417,0.426,0.435,0.444,0.452,0.46,0.468,0.475,0.481,0.486,0.492,0.497,0.502,0.508,0.514,0.52,0.526,0.533,0.54,0.546,0.544,0.55,0.557,0.563,0.57,0.577,0.584,0.591,0.598,0.605
Cambodia,6.718,6.775,6.945,7.196,7.475,7.743,7.99,8.228,8.467,8.724,9.009,9.324,9.659,10.007,10.43,10.769,11.091,11.396,11.685,11.96,12.223,12.473,12.709,12.934,13.149,13.356,13.555,13.747,13.941,14.096,14.251,14.406,14.561,14.716,14.871,15.026,15.181,15.336,15.491,15.6,15.678,15.835,15.993,16.153,16.315,16.478,16.643,16.809
Cameroon,8.808,9.064,9.319,9.574,9.831,10.093,10.372,10.667,10.98,11.313,11.665,12.025,12.391,12.764,13.145,13.513,13.892,14.28,14.68,15.091,15.514,15.929,16.358,16.801,17.259,17.733,18.224,18.73,19.253,19.79,20.341,20.906,21.485,22.077,22.682,23.298,23.927,24.566,25.216,25.876,26.546,27.224,27.912,28.608,29.315,30.032,30.759,31.496
Canada,24.471,24.785,25.083,25.336,25.577,25.813,26.067,26.398,26.751,27.215,27.632,27.987,28.324,28.651,28.96,29.263,29.57,29.868,30.124,30.367,30.647,30.971,31.309,31.603,31.901,32.204,32.529,32.849,33.199,33.581,33.958,34.298,34.665,35.034,35.392,35.678,36.052,36.495,37.003,37.54,37.995,38.226,38.693,39.104,39.512,39.919,40.324,40.725
Central African Republic,2.279,2.348,2.407,2.467,2.526,2.595,2.684,2.741,2.795,2.852,2.913,2.98,3.051,3.125,3.201,3.276,3.35,3.425,3.498,3.57,3.638,3.704,3.767,3.83,3.894,3.961,4.032,4.107,4.185,4.266,4.35,4.419,4.436,4.448,4.464,4.493,4.538,4.596,4.666,4.745,4.83,4.92,5.017,5.119,5.227,5.338,5.454,5.572
Chad,4.514,4.613,4.718,4.832,4.958,5.095,5.247,5.413,5.59,5.774,5.963,6.157,6.357,6.564,6.781,7.01,7.251,7.503,7.77,8.054,8.356,8.678,9.019,9.374,9.735,10.097,10.457,10.818,11.184,11.56,11.952,12.361,12.785,13.22,13.664,14.111,14.562,15.017,15.478,15.947,16.426,16.915,17.414,17.921,18.437,18.961,19.491,20.03
Chile,11.174,11.36,11.545,11.731,11.917,12.102,12.317,12.533,12.748,12.963,13.179,13.422,13.737,13.957,14.172,14.381,14.585,14.783,14.975,15.162,15.343,15.52,15.692,15.857,16.022,16.183,16.348,16.518,16.698,16.881,17.064,17.254,17.443,17.612,17.788,17.971,18.167,18.419,18.751,19.107,19.458,19.718,19.923,20.113,20.297,20.482,20.67,20.859
"China, People's Republic of",987.05,1000.72,1016.54,1030.08,1043.57,1058.51,1075.07,1093,1110.26,1127.04,1143.33,1158.23,1171.71,1185.17,1198.5,1211.21,1223.89,1236.26,1247.61,1257.86,1267.43,1276.27,1284.53,1292.27,1299.88,1307.56,1314.48,1321.29,1328.02,1334.5,1340.91,1349.16,1359.22,1367.26,1376.46,1383.26,1392.32,1400.11,1405.41,1410.08,1412.12,1412.6,1412.547,1411.961,1410.842,1409.191,1407.011,1404.302
Colombia,27.639,28.255,28.875,29.498,30.124,29.921,30.541,31.181,31.834,32.494,33.156,33.845,34.522,35.181,35.817,36.426,37.019,37.505,38.088,38.573,39.152,39.656,40.156,40.661,41.166,41.672,42.17,42.659,43.134,43.609,44.086,44.553,45.002,45.435,45.866,46.314,46.83,47.419,48.258,49.396,50.372,51.049,51.609,52.156,52.691,53.217,53.732,54.253
Comoros,0.353,0.362,0.371,0.379,0.383,0.395,0.408,0.421,0.435,0.449,0.462,0.447,0.457,0.466,0.476,0.486,0.497,0.507,0.518,0.529,0.54,0.552,0.564,0.576,0.59,0.604,0.62,0.636,0.652,0.669,0.687,0.705,0.724,0.744,0.764,0.785,0.806,0.828,0.851,0.874,0.897,0.921,0.955,0.991,1.027,1.066,1.107,1.149
"Congo, Dem. Rep. of the",25.124,25.953,26.81,27.694,28.608,29.552,30.528,31.535,32.576,33.651,34.761,35.908,37.334,38.816,40.253,41.576,42.757,44.838,45.734,46.649,48.049,49.449,50.971,52.602,54.315,56.09,57.927,59.835,61.809,63.845,65.939,68.087,70.291,72.553,74.877,77.267,79.801,82.417,85.12,87.911,90.794,93.751,96.801,99.948,103.197,106.552,110.02,113.605
"Congo, Republic of ",1.589,1.638,1.689,1.741,1.794,1.85,1.907,1.966,2.026,2.154,2.22,2.288,2.345,2.404,2.464,2.525,2.588,2.653,2.719,2.787,2.857,2.929,3.002,3.077,3.154,3.233,3.313,3.396,3.481,3.568,3.657,3.749,3.843,3.939,4.037,4.138,4.241,4.347,4.456,4.568,4.682,4.799,4.919,5.042,5.168,5.297,5.429,5.565
Costa Rica,2.302,2.372,2.443,2.514,2.588,2.666,2.746,2.824,2.901,2.977,3.051,3.122,3.191,3.275,3.373,3.47,3.565,3.657,3.747,3.838,3.81,3.953,4.022,4.086,4.152,4.215,4.279,4.34,4.404,4.469,4.554,4.613,4.673,4.733,4.793,4.851,4.909,4.966,5.022,5.075,5.128,5.18,5.232,5.285,5.338,5.392,5.446,5.501
Croatia,,,,,,,,,,,4.517,4.81,4.73,4.624,4.524,4.453,4.494,4.572,4.501,4.554,4.381,4.3,4.302,4.303,4.305,4.31,4.311,4.31,4.31,4.305,4.295,4.281,4.268,4.256,4.238,4.204,4.174,4.125,4.088,4.065,4.048,4.034,4.006,3.983,3.962,3.966,3.978,3.99
Cyprus,0.509,0.515,0.521,0.528,0.535,0.541,0.548,0.554,0.559,0.568,0.579,0.595,0.611,0.626,0.639,0.645,0.656,0.666,0.675,0.683,0.69,0.698,0.706,0.714,0.723,0.733,0.744,0.758,0.776,0.797,0.819,0.84,0.862,0.866,0.858,0.847,0.848,0.855,0.864,0.876,0.888,0.896,0.904,0.912,0.921,0.929,0.936,0.943
Czech Republic,,,,,,,,,,,,,,,,10.333,10.321,10.309,10.299,10.29,10.278,10.232,10.201,10.193,10.195,10.199,10.224,10.254,10.343,10.426,10.462,10.487,10.505,10.516,10.512,10.538,10.554,10.579,10.61,10.65,10.694,10.702,10.73,10.749,10.759,10.761,10.76,10.757
Côte d'Ivoire,7.993,8.175,8.492,8.924,9.173,9.528,9.902,10.286,10.382,10.804,11.246,11.697,12.157,13.358,13.758,14.158,14.56,14.938,15.326,15.725,16.134,16.553,16.984,17.425,17.878,18.343,18.82,19.309,19.811,20.327,20.855,21.397,21.954,22.524,23.11,23.711,24.327,24.96,25.609,26.275,26.958,27.659,28.378,29.116,29.873,30.649,31.446,32.264
Denmark,5.122,5.124,5.119,5.116,5.112,5.111,5.116,5.125,5.129,5.13,5.135,5.146,5.162,5.181,5.197,5.216,5.251,5.275,5.295,5.314,5.33,5.349,5.368,5.384,5.398,5.411,5.427,5.447,5.476,5.511,5.535,5.561,5.581,5.603,5.627,5.66,5.707,5.749,5.781,5.806,5.823,5.84,5.861,5.884,5.907,5.93,5.953,5.976
Djibouti,,,,,,,,,,,0.59,0.607,0.615,0.619,0.622,0.63,0.644,0.661,0.68,0.7,0.718,0.733,0.747,0.76,0.772,0.783,0.795,0.805,0.816,0.828,0.84,0.854,0.868,0.883,0.899,0.914,0.929,0.944,0.959,0.974,0.988,1.002,1.016,1.03,1.043,1.056,1.069,1.081
Dominica,,0.074,0.074,0.073,0.073,0.073,0.072,0.072,0.072,0.072,0.071,0.071,0.071,0.071,0.071,0.071,0.071,0.071,0.071,0.071,0.071,0.071,0.071,0.071,0.071,0.071,0.071,0.071,0.071,0.071,0.071,0.07,0.069,0.07,0.07,0.071,0.071,0.069,0.07,0.072,0.073,0.074,0.074,0.074,0.075,0.075,0.076,0.076
Dominican Republic,5.652,5.781,5.916,6.056,6.202,6.353,6.509,6.669,6.828,6.979,7.118,7.242,7.375,7.511,7.642,7.771,7.897,8.023,8.152,8.276,8.398,8.513,8.628,8.745,8.858,8.968,9.071,9.174,9.28,9.38,9.479,9.58,9.681,9.785,9.883,9.98,10.075,10.169,10.266,10.358,10.448,10.54,10.632,10.725,10.819,10.914,11.01,11.106
Ecuador,8.03,8.261,8.495,8.733,8.971,9.211,9.451,9.691,9.944,10.189,10.43,10.671,10.912,11.15,11.38,11.598,11.798,11.987,12.168,12.347,12.531,12.815,13.094,13.32,13.552,13.721,13.965,14.215,14.473,14.738,15.012,15.266,15.521,15.775,16.027,16.279,16.529,16.777,17.023,17.268,17.511,17.757,18.006,18.259,18.516,18.776,19.04,19.307
Egypt,40.554,41.706,42.846,44.015,45.237,46.545,47.751,48.8,49.8,50.9,51.36,52.423,53.508,55.2,56.3,57.6,58.8,60.1,61.3,62.6,64,65.3,66.6,68,69.3,70.7,72.2,73.6,75.2,76.9,78.7,80.5,82.5,84.6,86.8,89,91,95.2,97.1,98.9,100.6,102.612,104.664,106.758,108.893,111.071,113.292,115.558
El Salvador,4.729,4.783,4.821,4.849,4.879,4.918,4.969,5.029,5.099,5.18,5.27,5.342,5.416,5.49,5.562,5.629,5.69,5.746,5.798,5.845,5.888,5.927,5.962,5.994,6.024,6.052,6.079,6.106,6.132,6.158,6.184,6.211,6.238,6.266,6.295,6.325,6.356,6.388,6.421,6.454,6.486,6.519,6.551,6.584,6.617,6.65,6.683,6.716
Equatorial Guinea,0.255,0.27,0.291,0.314,0.338,0.359,0.376,0.39,0.402,0.414,0.427,0.441,0.455,0.471,0.487,0.505,0.524,0.545,0.567,0.59,0.614,0.64,0.666,0.695,0.725,0.757,0.792,0.829,0.868,0.909,0.951,0.994,1.039,1.084,1.129,1.175,1.221,1.268,1.314,1.36,1.406,1.452,1.498,1.544,1.59,1.637,1.683,1.73
Eritrea,,,,,,,,,,,,,2.258,2.239,2.218,2.204,2.196,2.195,2.206,2.237,2.292,2.375,2.481,2.601,2.72,2.827,2.918,2.997,3.063,3.12,3.17,3.214,3.25,3.281,3.311,3.343,3.377,3.413,3.453,3.497,3.546,3.601,3.662,3.728,3.796,3.866,3.937,4.01
Estonia,,,,,,,,,,1.553,1.558,1.555,1.543,1.499,1.465,1.437,1.416,1.4,1.386,1.39,1.397,1.388,1.379,1.371,1.363,1.355,1.347,1.341,1.337,1.335,1.331,1.327,1.323,1.318,1.315,1.315,1.316,1.317,1.322,1.327,1.329,1.33,1.33,1.33,1.329,1.328,1.326,1.325
Eswatini,0.557,0.574,0.59,0.608,0.628,0.652,0.679,0.709,0.74,0.77,0.797,0.819,0.838,0.855,0.872,0.89,0.909,0.93,0.939,0.947,0.956,0.965,0.974,0.983,0.992,1.001,1.01,1.018,1.026,1.033,1.041,1.048,1.056,1.063,1.071,1.078,1.086,1.093,1.104,1.115,1.127,1.139,1.151,1.163,1.176,1.189,1.201,1.214
Ethiopia,34.32,35.148,36.151,37.294,38.52,39.786,41.084,42.424,43.815,45.273,46.807,48.42,50.096,51.812,53.531,55.23,56.898,58.544,60.179,61.826,63.5,65.405,67.22,71.342,73.197,75.1,77.053,79.056,80.321,81.606,82.912,84.238,85.586,86.955,88.347,89.76,91.196,92.656,94.138,95.644,97.175,99.701,101.296,102.917,104.564,106.237,107.937,109.664
Fiji,0.634,0.649,0.666,0.683,0.698,0.709,0.715,0.718,0.719,0.733,0.739,0.745,0.751,0.757,0.763,0.769,0.775,0.781,0.786,0.792,0.798,0.803,0.809,0.815,0.82,0.826,0.832,0.837,0.841,0.845,0.849,0.853,0.858,0.862,0.866,0.869,0.877,0.885,0.89,0.895,0.9,0.905,0.91,0.915,0.92,0.925,0.93,0.935
Finland,4.771,4.788,4.812,4.842,4.87,4.894,4.911,4.926,4.939,4.954,4.974,4.998,5.029,5.055,5.078,5.099,5.117,5.132,5.147,5.16,5.171,5.181,5.195,5.206,5.22,5.237,5.256,5.277,5.3,5.326,5.351,5.375,5.401,5.427,5.451,5.472,5.487,5.503,5.513,5.518,5.525,5.534,5.538,5.54,5.54,5.539,5.537,5.534
France,53.731,54.029,54.335,54.65,54.895,55.157,55.411,55.682,55.966,56.27,56.577,56.841,57.111,57.369,57.565,57.753,57.936,58.116,58.299,58.497,58.858,59.267,59.686,60.102,60.505,60.963,61.4,61.795,62.135,62.466,62.765,63.07,63.376,63.698,64.028,64.301,64.469,64.639,64.844,65.097,65.284,65.447,65.629,65.814,65.998,66.183,66.369,66.555
Gabon,0.748,0.765,0.781,0.799,0.816,0.834,0.852,0.871,0.89,0.91,0.93,0.96,0.99,1.014,1.039,1.065,1.092,1.119,1.147,1.176,1.205,1.235,1.266,1.298,1.33,1.364,1.398,1.44,1.494,1.551,1.61,1.671,1.735,1.803,1.868,1.93,1.98,2.025,2.053,2.08,2.108,2.135,2.161,2.187,2.213,2.239,2.264,2.289
"Gambia, The",0.601,0.638,0.662,0.688,0.716,0.746,0.776,0.808,0.841,0.875,0.911,0.948,0.987,1.045,1.081,1.115,1.148,1.201,1.238,1.277,1.318,1.36,1.404,1.45,1.497,1.544,1.591,1.64,1.689,1.74,1.793,1.848,1.905,1.964,2.024,2.086,2.149,2.214,2.28,2.349,2.419,2.492,2.567,2.644,2.724,2.805,2.89,2.977
Georgia,,,,,,,,,,,,5.453,5.467,5.346,4.93,4.742,4.573,4.41,4.29,4.198,4.117,4.038,3.991,3.966,3.938,3.917,3.888,3.873,3.848,3.829,3.8,3.774,3.739,3.718,3.717,3.722,3.729,3.726,3.73,3.724,3.717,3.729,3.718,3.707,3.694,3.681,3.668,3.654
Germany,76.843,76.988,76.933,76.664,76.355,76.166,76.219,76.233,76.697,77.463,78.949,79.973,80.5,80.946,81.147,81.308,81.466,81.51,81.446,81.423,81.457,81.518,81.579,81.549,81.456,81.337,81.174,80.993,80.764,80.483,80.285,80.276,80.426,80.646,80.983,81.687,82.349,82.657,82.906,83.093,83.161,83.196,83.292,83.355,83.383,83.375,83.332,83.276
Ghana,10.704,10.961,11.226,11.501,12.296,12.572,12.859,13.155,13.462,13.779,14.106,14.443,14.791,15.15,15.52,15.902,16.297,16.703,17.121,17.55,18.912,19.397,19.883,20.371,20.859,21.367,21.876,22.388,22.901,23.417,24.659,25.261,25.867,26.479,27.092,27.707,28.324,28.94,29.555,30.168,30.779,31.282,32.082,32.902,33.743,34.605,35.49,36.397
Greece,9.584,9.701,9.758,9.821,9.872,9.92,9.949,9.985,10.016,10.058,10.121,10.273,10.367,10.431,10.49,10.536,10.588,10.629,10.693,10.748,10.776,10.836,10.888,10.916,10.94,10.97,11.005,11.036,11.061,11.095,11.119,11.123,11.086,11.004,10.927,10.858,10.784,10.768,10.741,10.725,10.719,10.683,10.639,10.595,10.551,10.508,10.465,10.422
Grenada,0.089,0.091,0.093,0.096,0.098,0.1,0.1,0.099,0.098,0.097,0.096,0.096,0.097,0.098,0.099,0.1,0.101,0.102,0.102,0.102,0.103,0.103,0.104,0.104,0.104,0.105,0.105,0.105,0.105,0.106,0.106,0.107,0.107,0.108,0.109,0.11,0.11,0.111,0.111,0.112,0.113,0.113,0.114,0.114,0.115,0.116,0.116,0.117
Guatemala,7.211,7.394,7.582,7.776,7.975,8.18,8.39,8.604,8.822,9.042,9.264,9.483,9.709,9.939,10.172,10.408,10.647,10.888,11.134,11.387,11.651,11.925,12.209,12.5,12.797,13.096,13.397,13.7,14.006,14.316,14.63,14.949,15.271,15.596,15.923,16.252,16.583,16.92,17.265,17.616,17.974,18.34,18.713,19.094,19.482,19.879,20.283,20.696
Guinea,,,,,,,,,,,6.02,6.352,6.734,7.136,7.514,7.837,8.095,8.296,8.457,8.601,8.746,8.895,9.046,9.205,9.38,9.576,9.799,10.047,10.315,10.593,10.876,11.162,11.451,11.745,12.044,12.345,12.654,12.97,13.294,13.627,13.967,14.317,14.674,15.041,15.417,15.803,16.198,16.603
Guinea-Bissau,0.782,0.798,0.815,0.832,0.85,0.867,0.886,0.903,0.921,0.94,0.959,0.98,1.003,1.025,1.048,1.072,1.095,1.119,1.144,1.169,1.194,1.219,1.246,1.272,1.299,1.328,1.356,1.386,1.417,1.449,1.46,1.492,1.525,1.559,1.593,1.628,1.664,1.7,1.738,1.776,1.815,1.855,1.896,1.937,1.978,2.019,2.06,2.103
Guyana,0.764,0.765,0.765,0.763,0.759,0.754,0.748,0.742,0.735,0.726,0.72,0.718,0.718,0.72,0.723,0.727,0.73,0.734,0.737,0.74,0.742,0.743,0.743,0.743,0.742,0.742,0.744,0.746,0.748,0.751,0.753,0.756,0.758,0.761,0.764,0.767,0.773,0.778,0.782,0.785,0.787,0.789,0.792,0.794,0.796,0.799,0.801,0.804
Haiti,5.947,6.054,6.163,6.274,6.387,6.502,6.619,6.739,6.819,6.958,7.101,7.233,7.374,7.526,7.689,7.836,7.984,8.132,8.281,8.43,8.576,8.72,8.861,9.001,9.145,9.292,9.445,9.602,9.762,9.923,10.085,10.248,10.413,10.579,10.746,10.912,11.078,11.245,11.412,11.578,11.743,11.906,12.065,12.227,12.391,12.557,12.725,12.896
Honduras,3.673,3.79,3.908,4.029,4.154,4.283,4.411,4.544,4.68,4.816,4.955,5.099,5.245,5.394,5.549,5.709,5.875,6.046,6.22,6.397,6.575,6.752,6.929,7.106,7.283,7.459,7.634,7.809,7.981,8.151,8.317,8.481,8.641,8.799,8.956,9.113,9.273,9.436,9.602,9.77,9.942,10.117,10.294,10.475,10.659,10.846,11.037,11.231
Hong Kong SAR,5.06,5.18,5.26,5.35,5.431,5.5,5.566,5.615,5.672,5.727,5.752,5.815,5.888,5.998,6.119,6.27,6.467,6.517,6.583,6.638,6.712,6.73,6.726,6.764,6.798,6.838,6.904,6.938,6.964,6.996,7.052,7.11,7.171,7.211,7.253,7.31,7.378,7.415,7.488,7.521,7.427,7.403,7.412,7.432,7.464,7.507,7.551,7.595
Hungary,10.71,10.706,10.695,10.672,10.641,10.599,10.56,10.509,10.464,10.422,10.375,10.373,10.374,10.365,10.35,10.337,10.321,10.301,10.28,10.253,10.222,10.2,10.175,10.142,10.117,10.098,10.077,10.066,10.045,10.031,10.014,9.986,9.932,9.909,9.877,9.856,9.83,9.798,9.778,9.773,9.77,9.731,9.727,9.724,9.72,9.717,9.713,9.71
Iceland,0.227,0.229,0.232,0.236,0.238,0.241,0.242,0.244,0.248,0.252,0.254,0.256,0.26,0.262,0.265,0.267,0.268,0.27,0.272,0.276,0.279,0.283,0.287,0.288,0.291,0.294,0.3,0.308,0.315,0.319,0.318,0.318,0.32,0.322,0.326,0.329,0.333,0.338,0.348,0.357,0.364,0.369,0.374,0.38,0.386,0.385,0.385,0.384
India,698.953,715.385,732.239,749.429,766.833,784.36,801.975,819.682,837.469,855.335,873.278,891.273,909.307,927.404,945.602,963.923,982.365,1000.9,1019.484,1038.058,1056.576,1075,1093.317,1111.523,1129.623,1147.61,1165.486,1183.209,1200.67,1217.726,1234.281,1250.288,1265.78,1280.842,1295.601,1310.152,1324.517,1338.677,1352.642,1367.627,1378.621,1392.012,1405.221,1418.232,1431.02,1443.563,1455.848,1467.865
Indonesia,147.49,150.406,153.379,156.41,159.502,162.655,165.87,169.149,172.492,175.902,179.379,182.354,185.378,188.452,191.578,194.755,197.004,199.28,201.581,203.909,206.265,209.206,212.19,215.216,218.285,221.398,224.555,227.758,231.006,234.3,237.641,241.991,245.425,248.818,252.165,255.588,258.497,261.356,264.162,266.912,270.204,272.249,274.859,277.432,279.965,282.455,284.896,287.285
Iran,39.291,40.826,42.42,44.077,45.798,47.587,49.445,50.662,51.909,53.187,54.496,55.837,56.656,57.488,58.331,59.187,60.055,61.07,62.103,63.152,64.219,65.301,66.3,67.315,68.345,69.39,70.496,71.366,72.266,73.196,74.157,75.15,76.038,76.942,78.47,79.476,80.46,81.423,82.359,83.265,84.139,84.981,85.83,86.689,87.556,88.431,89.316,90.209
Iraq,,,,,,,,,,,,,,,,,,,,,,,,25.96,26.674,27.377,28.064,28.741,29.43,30.163,30.962,31.76,32.578,33.417,35,35.213,36.169,37.14,38.124,39.115,40.132,41.176,42.246,43.345,44.472,45.628,46.814,48.032
Ireland,3.427,3.47,3.506,3.531,3.556,3.567,3.568,3.573,3.558,3.536,3.532,3.552,3.582,3.601,3.613,3.629,3.654,3.692,3.731,3.774,3.828,3.889,3.956,4.021,4.1,4.2,4.321,4.445,4.516,4.547,4.568,4.585,4.605,4.631,4.667,4.714,4.771,4.825,4.886,4.95,4.993,5.039,5.085,5.131,5.178,5.226,5.273,5.322
Israel,3.92,3.948,4.018,4.104,4.157,4.231,4.296,4.366,4.439,4.516,4.658,4.946,5.124,5.259,5.395,5.542,5.682,5.824,5.967,6.117,6.286,6.436,6.567,6.687,6.806,6.927,7.052,7.176,7.307,7.482,7.621,7.763,7.907,8.056,8.212,8.377,8.543,8.71,8.879,9.051,9.214,9.367,9.521,9.679,9.838,10.001,10.166,10.334
Italy,56.388,56.479,56.524,56.563,56.565,56.588,56.598,56.594,56.609,56.649,56.694,56.744,56.773,56.821,56.842,56.844,56.844,56.876,56.904,56.909,56.924,56.961,56.993,57.186,57.612,58.044,58.289,58.511,59.002,59.421,59.69,59.948,60.105,60.277,60.346,60.295,60.164,60.067,59.938,59.817,59.641,59.236,59.186,59.147,59.118,59.1,59.079,59.054
Jamaica,2.112,2.15,2.186,2.23,2.235,2.269,2.29,2.306,2.32,2.324,2.365,2.381,2.399,2.419,2.44,2.462,2.485,2.509,2.534,2.559,2.582,2.605,2.62,2.629,2.639,2.648,2.658,2.667,2.677,2.686,2.696,2.703,2.71,2.713,2.716,2.719,2.722,2.726,2.731,2.734,2.737,2.74,2.743,2.747,2.75,2.753,2.756,2.759
Japan,116.769,117.623,118.451,119.271,120.05,120.8,121.446,122.031,122.548,123.028,123.438,123.928,124.367,124.77,125.116,125.436,125.711,126.011,126.349,126.587,126.831,127.132,127.4,127.634,127.734,127.752,127.746,127.757,127.692,127.551,127.594,127.831,127.552,127.333,127.12,126.978,126.96,126.746,126.495,126.221,125.849,125.507,125.171,124.621,124.04,123.43,122.795,122.136
Jordan,2.378,2.465,2.564,2.671,2.784,2.9,3.015,3.132,3.257,3.399,3.566,3.76,3.978,4.202,4.41,4.589,4.733,4.849,4.944,5.032,5.122,5.217,5.318,5.434,5.58,5.766,5.992,6.255,6.556,6.893,7.262,7.663,8.09,8.519,8.919,9.267,9.554,9.786,9.965,10.102,10.203,10.269,10.301,10.312,10.321,10.34,10.375,10.426
Kazakhstan,,,,,,,,,,,,,17.048,16.9,15.8,15.676,15.481,15.188,14.955,14.902,14.866,14.851,14.867,14.951,15.075,15.219,15.397,15.572,15.982,16.203,16.441,16.674,16.91,17.161,17.416,17.67,17.918,18.157,18.396,18.632,18.877,19.126,19.355,19.578,19.793,20.001,20.211,20.413
Kenya,15.721,16.308,16.9,17.5,18.1,18.7,19.3,20,20.7,21.4,22,22.7,23.4,24.1,24.8,25.5,26.3,27,27.8,28.7,29.5,30.3,31.1,32,32.9,33.8,34.7,35.7,36.7,37.7,38.6,39.5,40.4,41.4,42.4,43.3,44.3,45.4,46.5,47.6,48.693,49.801,50.924,52.062,53.216,54.384,55.567,56.765
Kiribati,0.059,0.06,0.061,0.062,0.063,0.064,0.066,0.067,0.069,0.071,0.072,0.074,0.075,0.076,0.077,0.078,0.079,0.08,0.082,0.083,0.084,0.086,0.087,0.089,0.09,0.092,0.094,0.097,0.099,0.101,0.103,0.105,0.106,0.108,0.109,0.111,0.113,0.114,0.116,0.118,0.119,0.122,0.124,0.126,0.128,0.13,0.132,0.134
"Korea, Republic of",38.124,38.723,39.326,39.91,40.406,40.806,41.214,41.622,42.031,42.449,42.869,43.296,43.748,44.195,44.642,45.093,45.525,45.954,46.287,46.617,47.008,47.37,47.645,47.892,48.083,48.185,48.438,48.684,49.055,49.308,49.554,49.937,50.2,50.429,50.747,51.015,51.218,51.362,51.607,51.709,51.781,51.681,51.571,51.501,51.441,51.391,51.341,51.291
Kosovo,,,,,,,,,,,,,,,,,,,,,1.472,1.472,1.511,1.537,1.631,1.651,1.674,1.699,1.72,1.748,1.775,1.78,1.816,1.821,1.805,1.772,1.784,1.799,1.796,1.782,1.789,1.797,1.804,1.811,1.818,1.826,1.833,1.84
Kuwait,1.37,1.432,1.497,1.566,1.6,1.7,1.8,1.9,2,2.1,2.13,1.36,1.42,1.48,1.83,1.96,2.09,2.209,2.271,2.255,2.217,2.309,2.42,2.547,2.754,2.991,3.183,3.4,3.442,3.485,3.582,3.697,3.807,3.892,4.039,4.183,4.329,4.438,4.622,4.776,4.671,4.736,4.815,4.895,4.977,5.06,5.145,5.23
Kyrgyz Republic,,,,,,,,,,,,,4.411,4.485,4.505,4.525,4.596,4.661,4.732,4.806,4.875,4.922,4.968,5.013,5.073,5.136,5.189,5.248,5.289,5.348,5.418,5.478,5.552,5.663,5.777,5.895,6.019,6.14,6.257,6.389,6.517,6.654,6.795,6.931,7.077,7.227,7.372,7.527
Lao P.D.R.,3.209,3.27,3.345,3.431,3.525,3.622,3.724,3.83,3.94,4.053,4.206,4.33,4.457,4.584,4.708,4.827,4.941,5.05,5.145,5.235,5.324,5.41,5.493,5.577,5.662,5.752,5.846,5.945,6.047,6.149,6.249,6.348,6.445,6.541,6.64,6.741,6.846,6.953,7.061,7.169,7.276,7.379,7.481,7.581,7.678,7.775,7.869,7.961
Latvia,,,,,,,,,,,,,2.677,2.669,2.627,2.501,2.47,2.445,2.421,2.399,2.382,2.353,2.321,2.299,2.277,2.25,2.228,2.209,2.192,2.163,2.121,2.075,2.045,2.024,2.001,1.986,1.969,1.95,1.934,1.92,1.908,1.893,1.889,1.886,1.882,1.878,1.874,1.871
Lebanon,2.589,2.594,2.606,2.622,2.638,2.652,2.661,2.668,2.685,2.726,2.803,2.922,3.076,3.246,3.403,3.528,3.611,3.658,3.694,3.748,3.843,3.991,4.182,4.388,4.569,4.699,4.76,4.767,4.765,4.813,4.953,5.202,5.538,5.913,6.261,6.533,6.714,6.819,6.859,6.856,6.825,,,,,,,
Lesotho,1.281,1.315,1.349,1.384,1.358,1.39,1.425,1.492,1.532,1.576,1.621,1.643,1.708,1.749,1.786,1.877,1.862,1.864,1.865,1.867,1.868,1.869,1.871,1.872,1.874,1.875,1.877,1.889,1.902,1.915,1.928,1.941,1.954,1.967,1.98,1.994,2.007,2.021,2.034,2.048,2.062,2.087,2.112,2.138,2.164,2.19,2.216,2.243
Liberia,1.737,1.8,1.869,1.934,1.986,2.016,2.025,2.015,1.991,1.96,1.929,1.895,1.86,1.839,1.851,1.907,2.015,2.169,2.346,2.515,2.653,2.751,2.817,2.866,2.921,2.999,3.105,3.231,3.369,3.505,3.631,3.743,3.845,3.942,4.038,4.138,4.243,4.352,4.463,4.578,4.694,4.812,4.932,5.054,5.179,5.306,5.436,5.567
Libya,2.988,3.126,3.273,3.411,3.558,3.539,3.676,3.834,4.325,4.522,4.26,4.36,4.46,4.56,4.65,4.75,4.84,4.92,5.01,5.09,5.18,5.26,5.34,5.42,5.51,5.59,5.69,5.78,5.88,5.96,6.041,5.923,6.283,6.266,6.259,6.322,6.385,6.448,6.513,6.578,6.644,6.71,6.777,6.845,6.913,6.982,7.052,7.122
Lithuania,,,,,,,,,,,,,,,,3.629,3.602,3.575,3.549,3.524,3.5,3.471,3.443,3.415,3.377,3.323,3.27,3.231,3.198,3.163,3.097,3.028,2.988,2.958,2.932,2.905,2.868,2.828,2.802,2.794,2.795,2.79,2.79,2.79,2.79,2.79,2.79,2.79
Luxembourg,0.364,0.365,0.366,0.366,0.366,0.367,0.368,0.371,0.374,0.378,0.382,0.387,0.392,0.398,0.404,0.406,0.412,0.417,0.422,0.427,0.434,0.439,0.444,0.448,0.455,0.461,0.469,0.476,0.484,0.494,0.502,0.512,0.525,0.537,0.55,0.563,0.576,0.591,0.602,0.614,0.626,0.635,0.643,0.652,0.661,0.67,0.68,0.689
Macao SAR,,,,,,,,,,,,,,,,,,,,,,0.436,0.441,0.447,0.463,0.484,0.513,0.538,0.549,0.542,0.552,0.557,0.582,0.608,0.636,0.647,0.645,0.653,0.667,0.68,0.683,0.683,0.697,0.709,0.721,0.729,0.737,0.742
Madagascar,8.747,8.983,9.221,9.462,9.714,9.981,10.264,10.563,10.878,11.206,11.599,11.943,12.301,12.675,13.067,13.475,13.903,14.348,14.809,15.283,15.767,16.261,16.765,17.279,17.803,18.337,18.88,19.434,19.996,20.569,21.152,21.744,22.347,22.961,23.59,24.234,24.88,25.539,26.539,27.539,28.539,28.276,28.983,29.697,30.697,31.146,31.88,32.62
Malawi,6.564,6.748,6.923,7.116,7.368,7.7,8.133,8.647,9.185,9.667,10.039,10.275,10.4,10.461,10.533,10.666,10.876,11.148,11.458,11.774,12.07,12.343,12.813,13.098,13.385,13.654,14.043,14.439,14.846,15.274,15.714,16.166,16.632,17.111,17.604,18.111,18.632,19.169,19.721,20.289,20.873,21.474,22.093,22.729,23.384,24.057,24.75,25.463
Malaysia,13.885,14.229,14.592,14.955,15.328,15.823,16.257,16.681,17.094,17.508,18.267,18.547,19.068,19.602,20.142,20.682,21.223,21.769,22.334,22.91,23.495,24.123,24.727,25.32,25.905,26.477,26.832,27.1,27.6,28.082,28.589,29.062,29.51,30.214,30.709,31.186,31.634,32.023,32.382,32.523,32.584,32.7,33.114,33.527,33.934,34.331,34.718,35.096
Maldives,0.152,0.158,0.163,0.169,0.175,0.182,0.189,0.193,0.198,0.204,0.212,0.222,0.228,0.234,0.24,0.245,0.25,0.255,0.261,0.266,0.27,0.276,0.281,0.285,0.289,0.294,0.299,0.305,0.31,0.315,0.32,0.325,0.331,0.336,0.342,0.348,0.354,0.36,0.366,0.372,0.378,0.384,0.391,0.397,0.404,0.411,0.418,0.425
Mali,7.09,7.235,7.389,7.545,7.695,7.832,7.953,8.062,8.172,8.297,8.45,8.636,8.85,9.087,9.335,9.586,9.838,10.094,10.361,10.643,10.946,11.272,11.617,11.983,12.369,12.776,13.203,13.651,14.114,14.581,15.049,15.515,15.979,16.45,16.934,17.439,17.965,18.512,19.078,19.658,20.249,20.858,21.486,22.131,22.795,23.481,24.186,24.913
Malta,0.315,0.318,0.32,0.332,0.329,0.332,0.341,0.343,0.346,0.349,0.352,0.362,0.366,0.369,0.373,0.376,0.378,0.381,0.384,0.386,0.389,0.391,0.395,0.397,0.4,0.403,0.405,0.406,0.408,0.411,0.414,0.415,0.418,0.423,0.429,0.44,0.45,0.46,0.476,0.494,0.515,0.516,0.521,0.525,0.528,0.53,0.533,0.535
Marshall Islands,,,,,,,,,,,,,,,,,,0.049,0.05,0.051,0.051,0.051,0.05,0.05,0.05,0.051,0.051,0.052,0.052,0.052,0.053,0.053,0.053,0.054,0.054,0.054,0.054,0.054,0.055,0.055,0.055,0.056,0.056,0.057,0.057,0.057,0.058,0.058
Mauritania,,,,,,,,,,,1.996,2.05,2.108,2.167,2.228,2.292,2.358,2.425,2.495,2.568,2.643,2.72,2.8,2.882,2.965,3.047,2.953,3.036,3.119,3.202,3.285,3.369,3.454,3.537,3.621,3.706,3.794,3.881,3.97,4.058,4.147,4.24,4.334,4.43,4.529,4.629,4.732,4.837
Mauritius,0.966,0.98,0.993,1.002,1.012,1.021,1.028,1.036,1.043,1.051,1.059,1.07,1.084,1.097,1.113,1.122,1.134,1.148,1.16,1.175,1.187,1.196,1.205,1.213,1.221,1.228,1.234,1.24,1.244,1.247,1.25,1.252,1.256,1.259,1.261,1.263,1.264,1.265,1.266,1.267,1.267,1.267,1.267,1.267,1.266,1.266,1.266,1.263
Mexico,67.561,69.268,70.973,72.672,74.359,76.031,77.69,79.339,80.971,82.579,84.17,85.749,87.312,88.851,90.363,91.844,93.295,94.721,96.117,97.483,98.785,100.105,101.494,102.89,104.272,105.669,107.155,108.745,110.405,112.095,113.749,115.367,116.936,118.454,119.936,121.348,122.715,124.042,125.328,126.578,127.792,128.972,130.118,131.23,132.308,133.352,134.363,135.381
"Micronesia, Fed. States of",,,,,,,,,,,,,,,,0.106,0.106,0.106,0.107,0.107,0.107,0.107,0.106,0.106,0.106,0.106,0.105,0.104,0.104,0.103,0.103,0.103,0.103,0.103,0.104,0.104,0.104,0.104,0.104,0.104,0.105,0.105,0.105,0.105,0.105,0.106,0.106,0.106
Moldova,,,,,,,,,,,,,2.977,2.969,2.973,2.97,2.96,2.95,2.946,2.941,2.934,2.928,2.92,2.911,2.906,2.897,2.89,2.883,2.879,2.876,2.873,2.873,2.873,2.871,2.869,2.845,2.824,2.78,2.73,2.682,2.634,2.587,2.541,2.496,2.451,2.408,2.365,2.323
Mongolia,,,,,,,,,,,2.078,2.129,2.169,2.189,2.21,2.243,2.276,2.307,2.34,2.373,2.403,2.432,2.466,2.495,2.522,2.551,2.583,2.62,2.666,2.716,2.761,2.812,2.868,2.93,2.996,3.058,3.12,3.178,3.238,3.297,3.358,3.418,3.477,3.536,3.594,3.651,3.72,3.791
Montenegro,,,,,,,,,,,,,,,,,,,,,0.605,0.607,0.61,0.612,0.613,0.614,0.615,0.616,0.617,0.618,0.619,0.62,0.621,0.621,0.622,0.622,0.622,0.622,0.622,0.622,0.621,0.622,0.622,0.622,0.623,0.623,0.624,0.624
Morocco,19.432,19.938,20.459,20.944,21.441,21.951,22.469,23.002,23.528,24.075,24.167,24.634,25.095,25.549,25.996,26.384,26.761,27.14,27.519,27.9,28.283,28.666,29.051,29.438,29.826,30.215,30.606,30.998,31.391,31.786,32.182,32.579,32.978,33.378,33.77,34.125,34.487,34.852,35.22,35.587,35.952,36.313,36.67,37.022,37.37,37.712,38.05,38.381
Mozambique,11.63,11.913,12.19,12.44,12.636,12.764,12.809,12.786,12.758,12.806,12.987,13.328,13.806,14.371,14.948,15.483,15.96,16.397,16.814,17.244,17.712,18.222,18.764,19.331,19.911,20.494,21.08,21.673,22.277,22.895,23.532,24.188,24.863,25.561,26.286,27.042,27.83,28.649,29.496,30.366,31.255,32.163,33.089,34.035,35,35.985,36.989,38.012
Myanmar,,,,,,,,,,,,,,,,,,,44.345,44.981,45.585,46.126,46.59,46.977,47.304,47.598,47.887,48.186,48.496,48.818,49.159,49.521,49.909,50.324,50.758,51.199,51.633,52.05,52.449,52.832,53.199,53.55,53.886,54.205,54.506,54.789,55.054,55.301
Namibia,,,,,,,,,,1.284,1.345,1.403,1.455,1.504,1.549,1.594,1.643,1.696,1.75,1.805,1.828,1.83,1.86,1.891,1.923,1.957,1.992,1.994,2.024,2.054,2.085,2.116,2.155,2.196,2.238,2.281,2.324,2.369,2.414,2.459,2.504,2.55,2.595,2.642,2.69,2.738,2.787,2.838
Nauru,,,,,,,,,,,,,,,,,,,,,,,,,0.01,0.01,0.009,0.009,0.009,0.01,0.01,0.01,0.01,0.011,0.012,0.012,0.013,0.013,0.013,0.013,0.013,0.013,0.013,0.014,0.014,0.014,0.014,0.015
Nepal,15.022,15.372,15.733,16.103,16.479,16.858,17.24,17.624,18.021,18.445,18.905,19.406,19.938,20.49,21.041,21.576,22.09,22.585,23.058,23.51,23.941,24.347,24.726,25.081,25.419,25.745,26.067,26.383,26.667,26.884,27.013,27.041,26.989,26.917,26.906,27.015,27.263,27.633,28.096,28.609,29.137,29.656,30.185,30.723,31.27,31.828,32.395,32.973
Netherlands,14.091,14.209,14.286,14.34,14.395,14.454,14.529,14.615,14.715,14.805,14.893,15.01,15.129,15.239,15.342,15.424,15.494,15.567,15.654,15.76,15.864,15.987,16.105,16.193,16.258,16.306,16.334,16.358,16.405,16.486,16.575,16.656,16.73,16.78,16.829,16.901,16.979,17.082,17.181,17.282,17.408,17.475,17.525,17.575,17.625,17.675,17.725,17.775
New Zealand,3.108,3.125,3.149,3.179,3.211,3.242,3.272,3.301,3.331,3.366,3.406,3.496,3.533,3.574,3.622,3.676,3.734,3.783,3.816,3.837,3.86,3.887,3.951,4.028,4.089,4.136,4.185,4.226,4.262,4.305,4.353,4.386,4.411,4.447,4.52,4.613,4.717,4.815,4.902,4.986,5.086,5.115,5.16,5.224,5.293,5.364,5.435,5.507
Nicaragua,,,,,,,,,,,,,,,4.299,4.427,4.549,4.669,4.763,4.859,4.957,5.059,5.162,5.268,5.375,5.483,5.523,5.596,5.669,5.742,5.816,5.997,6.071,6.134,6.198,6.263,6.328,6.394,6.46,6.528,6.496,6.544,6.612,6.681,6.751,6.821,6.892,6.964
Niger,5.794,5.991,6.199,6.415,6.634,6.854,7.076,7.303,7.534,7.772,8.019,8.282,8.564,8.861,9.171,9.49,9.827,10.178,10.546,10.93,11.332,11.751,12.19,12.648,13.126,13.624,14.144,14.685,15.251,15.843,16.464,17.115,17.795,18.504,19.24,20.002,20.789,21.602,22.443,23.311,24.207,25.131,26.084,27.066,28.08,29.126,30.204,31.315
Nigeria,73.424,75.441,77.428,79.415,81.449,83.563,85.766,88.048,90.395,92.788,95.212,97.668,100.162,102.701,105.294,107.948,110.669,113.458,116.32,119.26,122.284,125.394,128.596,131.901,135.32,138.865,142.538,146.34,150.27,154.325,158.503,162.805,167.229,171.766,176.405,181.137,185.96,190.873,195.875,200.964,206.14,211.401,216.747,222.182,227.713,233.343,239.073,244.902
North Macedonia ,,,,,,,,,,,,,1.933,1.942,1.952,1.963,1.977,1.983,1.993,2.002,2.01,2.016,2.022,2.026,2.033,2.037,2.042,2.045,2.049,2.053,2.057,2.06,2.062,2.066,2.069,2.071,2.074,2.075,2.077,2.076,2.069,2.069,2.069,2.069,2.069,2.069,2.069,2.069
Norway,4.092,4.107,4.123,4.134,4.146,4.159,4.174,4.198,4.221,4.233,4.25,4.274,4.299,4.325,4.348,4.37,4.393,4.413,4.441,4.473,4.501,4.519,4.547,4.573,4.599,4.632,4.672,4.722,4.787,4.843,4.908,4.973,5.038,5.096,5.156,5.205,5.252,5.29,5.324,5.357,5.385,5.415,5.448,5.48,5.513,5.546,5.58,5.613
Oman,1.357,1.47,1.47,1.583,1.696,1.696,1.809,1.922,1.922,2.035,1.843,1.91,1.979,2.047,2.112,2.172,2.225,2.274,2.318,2.361,2.402,2.443,2.484,2.526,2.57,2.618,2.67,2.726,2.785,2.883,2.998,3.295,3.623,3.855,3.992,4.159,4.414,4.56,4.602,4.618,4.445,4.572,4.703,4.853,5.009,5.169,5.334,5.505
Pakistan,80.379,82.756,85.203,87.651,90.098,92.565,95.071,97.597,100.152,102.726,105.7,108.04,112.61,115.54,118.5,121.48,124.49,127.51,130.56,133.61,137.53,140.36,143.17,146.75,149.65,152.53,155.37,158.17,164.66,168.18,171.73,175.31,178.91,182.53,186.19,189.87,200.19,205.17,209.75,213.95,218.24,222.59,227.027,231.552,236.167,240.875,245.676,250.573
Palau,,,,,,,,,,,,,,,,,,,,,0.019,0.019,0.019,0.02,0.02,0.02,0.02,0.019,0.019,0.019,0.018,0.018,0.018,0.017,0.017,0.018,0.018,0.018,0.018,0.017,0.017,0.018,0.018,0.018,0.018,0.018,0.019,0.019
Panama,1.982,2.03,2.078,2.127,2.176,2.225,2.274,2.324,2.374,2.424,2.474,2.527,2.581,2.636,2.691,2.747,2.804,2.862,2.921,2.98,3.041,3.102,3.164,3.227,3.289,3.351,3.413,3.476,3.538,3.6,3.662,3.724,3.788,3.851,3.913,3.975,4.037,4.098,4.159,4.219,4.279,4.337,4.395,4.453,4.51,4.566,4.621,4.677
Papua New Guinea,2.96,3.04,3.11,3.18,3.25,3.33,3.4,3.35,3.45,3.6,3.758,3.875,4.181,4.288,4.401,4.52,4.64,4.761,4.883,5.006,5.13,5.256,5.384,5.515,5.647,5.781,5.917,6.056,6.196,6.339,6.684,7.047,7.431,7.593,7.756,7.92,8.085,8.254,8.426,8.601,8.781,8.964,9.151,9.342,9.537,9.735,9.938,10.146
Paraguay,3.151,3.245,3.342,3.442,3.545,3.652,3.767,3.887,4.01,4.138,4.138,4.406,4.496,4.588,4.681,4.777,4.874,4.974,5.075,5.179,5.284,5.385,5.485,5.583,5.682,5.78,5.877,5.975,6.072,6.169,6.266,6.363,6.461,6.559,6.657,6.756,6.855,6.954,7.053,7.153,7.253,7.353,7.454,7.555,7.656,7.758,7.862,7.966
Peru,17.333,17.769,18.206,18.644,19.084,19.526,19.973,20.425,20.878,21.326,21.765,22.204,22.64,23.073,23.502,23.926,24.348,24.768,25.182,25.589,25.984,26.367,26.739,27.103,27.46,27.811,28.151,28.482,28.807,29.132,29.462,29.798,30.136,30.475,30.814,31.152,31.489,31.826,32.162,33.162,33.494,33.829,34.167,34.509,34.854,35.202,35.554,35.91
Philippines,47.88,49.089,50.318,51.586,52.864,54.172,55.49,56.877,58.165,59.553,60.94,62.36,63.82,65.32,66.84,68.41,71.9,73.53,75.36,76.99,76.95,78.61,80.27,81.91,83.55,85.17,86.79,88.39,89.98,91.56,93.14,94.7,96.25,97.79,99.31,100.83,102.53,104.17,105.76,107.29,108.77,110.2,111.743,113.307,114.893,116.502,118.133,119.787
Poland,35.567,35.887,36.216,36.731,37.049,37.327,37.558,37.75,37.786,37.824,38.186,38.286,38.386,38.501,38.581,38.581,38.609,38.639,38.66,38.667,38.263,38.254,38.242,38.219,38.191,38.174,38.157,38.125,38.116,38.136,38.023,38.063,38.064,38.063,38.018,38.006,37.967,37.973,37.977,37.973,37.958,37.84,37.802,37.757,37.702,37.638,37.564,37.489
Portugal,9.766,9.851,9.912,9.958,9.996,10.024,10.033,10.03,10.02,10.005,9.983,9.96,9.953,9.965,9.992,10.026,10.064,10.109,10.16,10.218,10.29,10.363,10.42,10.459,10.484,10.503,10.522,10.543,10.558,10.568,10.573,10.558,10.515,10.457,10.401,10.358,10.326,10.3,10.284,10.286,10.297,10.305,10.284,10.261,10.236,10.21,10.184,10.158
Puerto Rico,3.203,3.229,3.257,3.286,3.317,3.349,3.382,3.417,3.454,3.492,3.528,3.551,3.575,3.6,3.627,3.655,3.685,3.716,3.748,3.782,3.811,3.819,3.824,3.826,3.827,3.821,3.805,3.783,3.761,3.74,3.722,3.679,3.634,3.593,3.535,3.474,3.411,3.3,3.2,3.2,3.159,3.121,3.087,3.056,3.026,2.995,2.965,2.936
Qatar,0.245,0.265,0.285,0.306,0.326,0.345,0.362,0.377,0.392,0.408,0.477,0.485,0.49,0.492,0.495,0.501,0.512,0.529,0.55,0.572,0.594,0.612,0.63,0.66,0.72,0.821,0.968,1.152,1.554,1.639,1.715,1.733,1.833,2.004,2.216,2.438,2.618,2.725,2.76,2.799,2.684,2.618,2.671,2.617,2.591,2.565,2.54,2.514
Romania,22.442,22.576,22.683,22.775,22.868,22.971,23.093,23.224,23.346,23.431,23.459,23.423,23.333,23.205,23.064,22.927,22.8,22.679,22.565,22.458,22.435,22.408,21.795,21.628,21.521,21.382,21.257,21.131,20.636,20.44,20.295,20.199,20.096,20.02,19.953,19.876,19.761,19.644,19.534,19.415,19.329,19.327,19.326,19.324,19.323,19.321,19.319,19.318
Russian Federation,,,,,,,,,,146.995,147.564,148.036,148.318,148.431,148.412,148.289,148.074,147.768,147.539,146.89,146.304,145.649,144.964,144.334,143.801,143.237,142.863,142.748,142.737,142.834,142.865,143.056,143.347,143.667,146.267,146.545,146.804,146.88,146.781,146.749,146.171,145.558,145.452,145.275,145.046,144.781,144.483,144.185
Rwanda,5.101,5.288,5.486,5.694,5.832,6.03,6.237,6.455,6.682,6.91,7.073,7.29,7.295,6.847,6.346,5.992,5.925,6.203,6.769,7.5,7.7,7.9,8.1,8.3,8.6,8.8,9,9.2,9.5,9.7,10,10.2,10.5,10.7,11,11.3,11.5,11.8,12.1,12.4,12.665,12.957,13.254,13.555,13.859,14.168,14.481,14.798
Saint Kitts and Nevis,0.043,0.043,0.043,0.043,0.042,0.042,0.042,0.041,0.041,0.041,0.041,0.041,0.041,0.042,0.042,0.043,0.043,0.044,0.044,0.045,0.045,0.046,0.047,0.047,0.048,0.049,0.049,0.05,0.05,0.051,0.051,0.052,0.053,0.053,0.054,0.054,0.055,0.055,0.056,0.057,0.057,0.058,0.058,0.059,0.059,0.06,0.061,0.061
Saint Lucia,0.116,0.118,0.12,0.121,0.123,0.125,0.127,0.129,0.13,0.133,0.134,0.136,0.138,0.139,0.142,0.145,0.147,0.15,0.152,0.154,0.156,0.158,0.159,0.161,0.162,0.164,0.166,0.168,0.17,0.165,0.166,0.167,0.169,0.171,0.173,0.174,0.176,0.177,0.179,0.18,0.181,0.182,0.183,0.184,0.186,0.187,0.188,0.189
Saint Vincent and the Grenadines,0.098,0.099,0.1,0.101,0.102,0.102,0.103,0.104,0.104,0.105,0.106,0.106,0.107,0.107,0.107,0.107,0.107,0.107,0.107,0.108,0.108,0.108,0.108,0.108,0.108,0.108,0.108,0.109,0.109,0.109,0.109,0.109,0.109,0.109,0.11,0.11,0.11,0.11,0.111,0.111,0.111,0.111,0.111,0.111,0.111,0.111,0.111,0.112
Samoa,,,,,,,,,,,,,,,,,,,0.173,0.174,0.174,0.175,0.176,0.177,0.179,0.18,0.181,0.182,0.183,0.185,0.186,0.187,0.189,0.191,0.192,0.194,0.195,0.195,0.196,0.197,0.198,0.2,0.201,0.202,0.204,0.205,0.206,0.208
San Marino,,,,,,,,,,,,,,,,,,,,,,,,,0.029,0.029,0.03,0.03,0.03,0.031,0.031,0.032,0.032,0.032,0.033,0.033,0.033,0.033,0.033,0.034,0.034,0.034,0.034,0.034,0.034,0.034,0.034,0.035
Saudi Arabia,9.32,9.786,10.276,10.79,11.33,11.897,12.492,13.118,13.774,14.463,15.187,15.947,16.948,17.277,17.701,18.136,18.581,19.037,19.504,19.983,20.474,20.976,21.491,22.02,22.564,23.33,24.122,24.941,25.787,26.661,27.563,28.376,29.196,29.994,30.34,31.062,31.788,32.613,33.414,34.218,35.013,35.459,36.168,36.891,37.629,38.382,39.149,39.932
Senegal,5.648,5.803,5.966,6.14,6.322,6.512,6.711,6.918,7.13,7.346,7.561,7.776,7.99,8.227,8.461,8.69,8.913,9.131,9.348,9.569,9.798,10.036,10.284,10.541,10.81,11.09,11.382,11.687,12.005,12.335,12.678,13.034,13.402,13.782,14.175,14.578,14.994,15.419,15.854,16.296,16.744,17.204,17.676,18.162,18.661,19.173,19.7,20.241
Serbia,,,,,,,,,,,,,,,,,,7.597,7.568,7.54,7.516,7.503,7.5,7.481,7.463,7.441,7.412,7.382,7.35,7.321,7.291,7.237,7.201,7.167,7.132,7.095,7.058,7.021,6.983,6.964,6.927,6.872,6.844,6.817,6.789,6.762,6.735,6.708
Seychelles,0.063,0.064,0.064,0.064,0.065,0.065,0.066,0.068,0.069,0.069,0.07,0.07,0.071,0.072,0.074,0.075,0.076,0.077,0.079,0.08,0.081,0.081,0.083,0.083,0.082,0.083,0.085,0.085,0.087,0.087,0.09,0.087,0.088,0.09,0.091,0.093,0.094,0.094,0.095,0.096,0.097,0.098,0.099,0.1,0.101,0.102,0.102,0.103
Sierra Leone,3.547,3.634,3.71,3.797,3.819,3.895,3.982,4.069,4.157,4.254,4.32,4.349,4.348,4.329,4.31,4.304,4.313,4.335,4.381,4.462,4.585,4.754,4.966,5.201,5.434,5.646,5.829,5.99,6.134,6.273,6.416,6.563,6.713,6.864,7.017,7.172,7.329,7.488,7.65,7.813,7.977,8.144,8.315,8.489,8.667,8.849,9.034,9.224
Singapore,2.414,2.533,2.646,2.681,2.732,2.736,2.733,2.775,2.846,2.931,3.047,3.135,3.231,3.313,3.419,3.525,3.671,3.796,3.927,3.959,4.028,4.138,4.176,4.115,4.167,4.266,4.401,4.589,4.839,4.988,5.077,5.184,5.312,5.399,5.47,5.535,5.607,5.612,5.639,5.704,5.686,5.454,5.334,5.292,5.287,5.318,5.345,5.371
Slovak Republic,,,,,,,,,,,,,,5.337,5.367,5.397,5.408,5.379,5.388,5.393,5.399,5.379,5.379,5.375,5.372,5.373,5.373,5.373,5.376,5.382,5.39,5.392,5.404,5.411,5.416,5.421,5.426,5.435,5.443,5.45,5.458,5.46,5.467,5.473,5.48,5.487,5.494,5.5
Slovenia,,,,,,,,,,,,,1.999,1.989,1.989,1.989,1.99,1.987,1.985,1.978,1.988,1.99,1.994,1.995,1.996,1.998,2.003,2.01,2.01,2.032,2.047,2.05,2.055,2.059,2.061,2.063,2.064,2.066,2.067,2.081,2.096,2.109,2.11,2.114,2.116,2.115,2.113,2.112
Solomon Islands,0.231,0.238,0.246,0.255,0.263,0.271,0.279,0.287,0.295,0.303,0.312,0.321,0.33,0.34,0.349,0.359,0.37,0.38,0.391,0.402,0.413,0.424,0.435,0.447,0.459,0.47,0.481,0.492,0.503,0.515,0.528,0.542,0.556,0.571,0.587,0.603,0.619,0.636,0.653,0.67,0.685,0.7,0.715,0.731,0.747,0.763,0.78,0.797
Somalia,,,,,,,,,,,,,,,,,,,,,,,,,,,,,,,,,11.846,12.178,12.519,12.87,13.23,13.6,13.981,14.373,14.775,15.189,15.614,16.051,16.501,16.963,17.438,17.926
South Africa,29.08,29.83,30.61,31.41,32.21,32.98,33.73,34.46,35.2,35.97,36.79,37.69,38.65,39.62,40.56,41.43,42.21,42.92,43.58,44.23,44.9,45.724,46.355,46.806,47.31,47.86,48.446,49.089,49.795,50.545,51.329,52.129,52.93,53.751,54.574,55.407,56.252,57.098,57.939,58.775,59.622,60.143,61.06,61.991,62.937,63.897,64.871,65.861
"South Sudan, Republic of",,,,,,,,,,,,,,,,,,,,,,,,,,,,,,,,10.449,10.818,11.177,11.531,11.882,12.231,12.585,12.976,13.378,13.779,14.179,14.59,15.013,15.448,15.896,16.357,16.832
Spain,37.656,38.014,38.217,38.397,38.55,38.686,38.798,38.888,38.971,39.048,39.117,39.221,39.35,39.473,39.579,39.672,39.764,39.869,40.008,40.215,40.554,40.766,41.424,42.196,42.859,43.663,44.361,45.236,45.983,46.368,46.562,46.736,46.766,46.593,46.455,46.41,46.45,46.533,46.729,47.105,47.356,47.399,47.603,47.799,47.982,48.154,48.315,48.466
Sri Lanka,15.553,15.763,15.962,16.148,16.322,16.482,16.645,16.811,16.98,17.151,17.326,17.536,17.737,17.925,18.094,18.243,18.367,18.471,18.565,18.663,18.778,18.912,19.062,19.224,19.387,19.545,19.696,19.842,19.984,20.124,20.262,20.398,20.425,20.585,20.778,20.97,21.203,21.444,21.67,21.803,21.919,22.036,22.153,22.271,22.389,22.508,22.628,22.748
Sudan,18.68,19.24,19.8,20.36,21.311,21.908,22.521,23.152,23.6,24.2,25.75,26.53,27.32,28.13,28.95,27.95,28.6,29.2,29.8,30.4,31.1,31.9,32.7,33.6,34.474,35.3,36.218,37.159,38.126,39.117,40.134,32.661,35.056,36.164,37.289,38.435,39.599,40.783,41.985,43.222,44.345,45.498,46.681,47.895,49.14,50.418,51.729,53.074
Suriname,,,,,,,,,,,0.408,0.414,0.419,0.426,0.431,0.437,0.442,0.449,0.454,0.461,0.467,0.474,0.479,0.484,0.493,0.499,0.504,0.51,0.517,0.524,0.531,0.54,0.542,0.55,0.559,0.567,0.576,0.583,0.59,0.598,0.603,0.61,0.617,0.624,0.632,0.64,0.647,0.655
Sweden,8.318,8.323,8.327,8.331,8.343,8.358,8.382,8.414,8.459,8.527,8.591,8.644,8.692,8.745,8.816,8.837,8.844,8.848,8.854,8.861,8.883,8.909,8.941,8.976,9.011,9.048,9.113,9.183,9.256,9.341,9.416,9.483,9.556,9.645,9.747,9.851,9.995,10.12,10.23,10.328,10.379,10.452,10.715,10.814,10.91,11.001,11.088,11.169
Switzerland,6.304,6.335,6.373,6.41,6.428,6.456,6.485,6.523,6.567,6.62,6.674,6.757,6.843,6.908,6.969,7.019,7.062,7.081,7.096,7.124,7.164,7.198,7.256,7.314,7.364,7.415,7.459,7.509,7.593,7.702,7.786,7.87,7.955,8.039,8.14,8.238,8.327,8.42,8.484,8.545,8.606,8.67,8.735,8.801,8.867,8.933,9,9.068
Syria,9.129,9.444,9.758,10.084,10.419,10.776,11.133,11.511,11.899,12.298,12.721,13.102,13.484,13.865,14.241,14.61,14.973,15.334,15.702,16.091,16.511,16.961,17.438,17.952,18.512,19.121,19.596,20.083,20.581,21.092,21.393,,,,,,,,,,,,,,,,,
São Tomé and Príncipe,0.089,0.09,0.092,0.095,0.097,0.099,0.102,0.105,0.108,0.111,0.114,0.118,0.121,0.123,0.125,0.127,0.13,0.132,0.135,0.137,0.139,0.142,0.144,0.147,0.151,0.155,0.159,0.163,0.167,0.171,0.175,0.179,0.183,0.187,0.191,0.196,0.2,0.204,0.209,0.213,0.218,0.223,0.227,0.232,0.237,0.242,0.257,0.262
Taiwan Province of China,17.866,18.194,18.516,18.791,19.069,19.314,19.509,19.725,19.954,20.157,20.401,20.606,20.803,20.995,21.178,21.357,21.525,21.743,21.929,22.092,22.277,22.406,22.521,22.605,22.689,22.77,22.877,22.958,23.037,23.12,23.162,23.225,23.316,23.374,23.434,23.492,23.54,23.571,23.589,23.603,23.561,23.375,23.334,23.32,23.32,23.32,23.32,23.32
Tajikistan,,,,,,,,,,,,5.506,5.536,5.573,5.607,5.668,5.735,5.822,5.939,6.115,6.216,6.327,6.448,6.577,6.713,6.854,7.001,7.152,7.31,7.473,7.642,7.816,7.995,8.178,8.363,8.549,8.735,8.921,9.107,9.292,9.475,9.657,9.836,10.013,10.188,10.36,10.53,10.698
Tanzania,18.034,18.601,19.187,19.791,20.402,21.036,21.68,22.336,23.016,23.737,24.507,25.336,26.216,27.116,27.997,28.829,29.603,30.33,31.014,31.751,32.544,33.406,34.328,35.302,36.314,37.354,38.421,39.522,40.64,41.824,43.06,44.348,45.688,47.076,48.511,49.989,51.51,53.074,54.68,56.322,58.001,59.73,61.51,63.343,65.231,67.175,69.177,71.239
Thailand,47.374,48.326,49.256,50.174,51.095,52.027,52.98,53.946,54.892,55.772,56.558,57.232,57.811,58.338,58.875,59.467,60.13,60.847,61.585,62.299,62.953,63.539,64.069,64.55,64.995,65.416,65.813,66.182,66.531,66.867,67.195,67.518,67.836,68.145,68.439,68.715,68.971,69.21,69.428,69.626,69.8,69.951,70.078,70.183,70.266,70.329,70.372,70.394
Timor-Leste,,,,,,,,,,,,,,,,,,,,0.823,0.897,0.909,0.922,0.936,0.952,0.97,0.989,1.01,1.034,1.064,1.094,1.113,1.133,1.153,1.174,1.196,1.219,1.243,1.268,1.293,1.318,1.344,1.369,1.395,1.421,1.447,1.472,1.498
Togo,2.721,2.813,2.916,3.027,3.141,3.253,3.363,3.472,3.577,3.679,3.774,3.863,3.946,4.029,4.121,4.226,4.349,4.486,4.632,4.78,4.924,5.063,5.197,5.331,5.468,5.612,5.763,5.92,6.083,6.251,6.422,6.596,6.774,6.955,7.138,7.323,7.51,7.698,7.889,8.084,8.285,8.49,8.7,8.915,9.136,9.362,9.594,9.832
Tonga,0.092,0.093,0.093,0.094,0.095,0.095,0.094,0.094,0.095,0.095,0.096,0.096,0.097,0.097,0.097,0.097,0.098,0.098,0.098,0.099,0.099,0.1,0.1,0.1,0.101,0.101,0.102,0.102,0.102,0.103,0.103,0.103,0.103,0.103,0.102,0.102,0.101,0.101,0.1,0.1,0.1,0.1,0.1,0.1,0.1,0.1,0.099,0.099
Trinidad and Tobago,1.085,1.102,1.12,1.138,1.155,1.17,1.183,1.195,1.204,1.213,1.221,1.229,1.237,1.244,1.25,1.254,1.258,1.26,1.262,1.264,1.267,1.272,1.277,1.284,1.29,1.296,1.303,1.308,1.314,1.321,1.328,1.336,1.345,1.354,1.362,1.37,1.378,1.384,1.39,1.395,1.399,1.407,1.414,1.421,1.428,1.435,1.442,1.448
Tunisia,6.451,6.633,6.795,6.956,7.037,7.269,7.552,7.713,7.845,7.986,8.233,8.418,8.603,8.785,8.957,9.114,9.256,9.384,9.499,9.604,9.699,9.786,9.864,9.94,10.018,10.102,10.196,10.298,10.407,10.522,10.64,10.761,10.887,11.015,11.144,11.274,11.403,11.532,11.659,11.783,11.903,12.019,12.129,,,,,
Turkey,45.272,46.314,47.382,48.461,49.532,50.582,51.606,52.607,53.588,54.554,55.511,56.457,57.394,58.328,59.259,60.184,61.106,62.023,62.912,63.818,64.73,65.603,66.402,67.187,68.01,68.861,69.73,70.586,71.517,72.561,73.723,74.724,75.627,76.668,77.696,78.741,79.815,80.811,82.004,83.155,83.614,84.68,85.682,86.675,87.649,88.606,89.544,90.46
Turkmenistan,,,,,,,,,,,,,3.975,4.015,4.119,4.212,4.293,4.361,4.421,4.475,4.528,4.578,4.627,4.675,4.724,4.775,4.83,4.887,4.946,5.008,5.087,5.174,5.268,5.366,5.466,5.565,5.642,5.71,5.77,5.939,6.061,6.152,6.24,6.326,6.409,6.489,6.566,6.641
Tuvalu,,,,,,,,,,,,,,,,,,,,,,,0.01,0.009,0.01,0.01,0.01,0.01,0.01,0.01,0.01,0.011,0.011,0.011,0.011,0.011,0.011,0.011,0.011,0.011,0.011,0.011,0.011,0.011,0.011,0.011,0.011,0.011
Uganda,11.264,11.607,11.962,12.335,12.734,13.169,13.641,14.147,14.679,15.227,15.782,16.343,16.873,17.447,18.021,18.595,19.214,19.832,20.45,21.113,21.82,22.526,23.277,24.116,24.956,25.795,26.678,27.606,28.578,29.549,30.521,31.537,32.548,33.51,34.477,35.492,36.561,37.674,38.823,39.823,41.222,42.46,43.734,45.046,46.398,47.79,49.466,51.696
Ukraine,,,,,,,,,,,51.624,51.708,51.87,51.715,51.3,50.874,50.4,49.974,49.545,49.115,48.664,48.241,47.823,47.442,47.101,46.749,46.466,46.192,45.963,45.783,45.598,45.453,45.373,45.246,42.76,42.591,42.415,42.217,41.984,41.733,41.403,41.077,,,,,,
United Arab Emirates,1.01,1.1,1.17,1.21,1.31,1.38,1.44,1.5,1.79,1.86,1.844,1.928,2.011,2.083,2.23,2.411,2.443,2.58,2.834,3.033,2.995,3.167,3.349,3.551,3.761,4.106,5.012,6.219,8.074,8.2,8.264,8.394,8.526,8.661,8.799,8.939,9.121,9.304,9.367,9.504,9.282,9.56,9.958,10.157,10.309,10.464,10.621,10.78
United Kingdom,56.33,56.358,56.291,56.316,56.409,56.554,56.684,56.804,56.916,57.077,57.238,57.439,57.585,57.714,57.862,58.025,58.164,58.314,58.475,58.684,58.886,59.113,59.366,59.637,59.95,60.413,60.827,61.319,61.824,62.261,62.76,63.285,63.705,64.106,64.597,65.11,65.648,66.04,66.436,66.797,67.081,67.531,67.844,68.138,68.414,68.671,68.921,69.163
United States,227.622,229.916,232.128,234.247,236.307,238.416,240.593,242.751,244.968,247.286,250.047,253.392,256.777,260.146,263.325,266.458,269.581,272.822,276.022,279.195,282.296,285.216,288.019,290.733,293.389,296.115,298.93,301.903,304.718,307.374,309.737,311.944,314.167,316.331,318.619,320.926,323.221,325.28,327.023,328.547,331.234,332.183,333.392,334.905,336.577,338.271,339.974,341.685
Uruguay,2.939,2.959,2.978,2.997,3.016,3.035,3.053,3.07,3.088,3.105,3.122,3.14,3.159,3.178,3.208,3.228,3.248,3.286,3.312,3.336,3.349,3.351,3.347,3.338,3.341,3.352,3.358,3.359,3.363,3.378,3.397,3.413,3.426,3.44,3.454,3.467,3.48,3.493,3.506,3.519,3.531,3.543,3.555,3.567,3.578,3.589,3.6,3.611
Uzbekistan,,,,,,,,,,,,,21.36,21.853,22.282,22.69,23.13,23.867,24.231,24.583,24.488,24.813,25.116,25.428,25.707,26.021,26.313,26.664,27.072,27.533,28.001,29.123,29.555,29.994,30.493,31.023,31.575,32.121,32.657,33.256,33.905,34.559,35.271,35.977,36.696,37.43,38.179,38.942
Vanuatu,0.115,0.119,0.123,0.126,0.13,0.135,0.139,0.141,0.145,0.146,0.148,0.151,0.154,0.157,0.164,0.169,0.173,0.177,0.182,0.187,0.191,0.195,0.2,0.204,0.209,0.214,0.219,0.224,0.229,0.234,0.24,0.245,0.251,0.257,0.263,0.269,0.272,0.279,0.285,0.292,0.302,0.312,0.323,0.334,0.345,0.357,0.369,0.382
Venezuela,14.952,15.41,15.868,16.316,16.773,17.241,17.45,17.888,18.336,18.784,19.411,19.879,20.347,20.815,21.283,21.751,22.219,22.676,23.13,23.593,24.394,24.803,25.212,25.622,26.033,26.445,26.858,27.273,27.689,28.106,28.524,28.944,29.365,29.786,30.206,30.62,30.714,30.442,28.903,27.817,27.951,27.586,26.917,26.54,,,,
Vietnam,54.18,55.31,56.4,57.47,58.57,59.71,60.92,62.3,63.5,64.774,67.513,68.766,70.002,71.223,72.43,73.627,74.815,75.991,77.167,78.333,79.395,80.469,81.534,82.302,83.063,83.833,84.618,85.42,86.243,87.092,87.968,87.86,88.809,89.76,90.729,91.713,92.695,93.672,94.666,96.484,97.406,98.321,99.223,100.104,100.954,101.767,102.539,103.272
West Bank and Gaza,,,,,,,,,,,,,,2.184,2.317,2.483,2.631,2.783,2.872,2.962,3.053,3.138,3.225,3.315,3.407,3.508,3.612,3.719,3.821,3.922,4.023,4.125,4.226,4.328,4.429,4.53,4.632,4.733,4.854,4.977,5.101,5.227,5.35,5.474,5.599,5.723,5.848,5.973
Yemen,,,,,,,,,,,12.086,12.662,13.326,14.017,14.693,15.321,15.889,16.409,16.896,17.378,17.875,18.39,18.919,19.462,20.017,20.583,21.161,21.752,22.356,22.975,23.607,24.252,24.91,25.576,26.246,26.916,27.584,28.25,28.915,29.58,30.245,30.911,31.576,32.239,32.901,33.561,34.218,34.873
Zambia,5.907,6.101,6.297,6.495,6.695,6.897,7.104,7.317,7.538,7.769,8.013,8.259,8.505,8.751,9.018,9.254,9.502,9.764,10.034,10.309,10.585,10.861,11.14,11.426,11.726,12.044,12.382,12.739,13.115,13.508,13.917,14.344,14.787,15.246,15.721,16.212,16.717,17.238,17.773,18.321,18.882,19.456,20.043,20.643,21.259,21.892,22.543,23.21
Zimbabwe,7.092,7.3,7.606,7.849,8.099,8.385,8.648,8.919,9.199,9.488,9.786,10.093,10.41,10.776,11.147,11.523,11.905,11.786,11.756,11.724,11.693,11.663,11.632,11.64,11.73,11.83,12.01,12.04,12.12,12.23,12.34,12.459,13.061,13.43,13.778,14.009,14.228,14.437,14.642,14.905,15.189,15.492,15.817,16.164,16.481,16.79,17.095,17.407
Africa (Region),451.563,464.378,477.745,491.511,506.062,521.746,536.483,551.349,566.414,583.42,607.25,624.195,643.908,662.488,679.781,695.459,712.827,730.937,748.345,766.558,786.229,805.612,825.473,848.142,869.15,890.436,912.692,935.584,958.934,982.792,1007.99,1034.747,1062.997,1089.887,1117.45,1145.413,1173.855,1205.297,1235.249,1265.49,1295.942,1326.58,1358.599,1391.341,1425.064,1458.969,1494.166,1530.643
Asia and Pacific,2445.399,2490.675,2538.756,2584.911,2631.311,2679.643,2729.49,2781.046,2832,2882.748,2940.886,2999.98,3103.48,3151.251,3197.945,3245.446,3294.191,3340.992,3431.254,3477.161,3520.23,3581.741,3625.053,3667.889,3709.562,3750.931,3791.287,3831.452,3875.383,3915.333,3955.192,3997.346,4039.59,4079.714,4120.742,4159.416,4206.685,4246.247,4284.316,4321.396,4350.178,4344.908,4373.359,4401.102,4428.127,4454.341,4479.679,4504.144
Australia and New Zealand,17.91,18.164,18.438,18.663,18.888,19.143,19.411,19.696,20.019,20.303,20.576,20.875,21.09,21.293,21.515,21.795,22.064,22.293,22.521,22.757,23.001,23.273,23.557,23.855,24.135,24.448,24.813,25.242,25.738,26.171,26.525,26.908,27.339,27.745,28.16,28.597,29.106,29.588,30.073,30.544,30.769,30.824,31.075,31.45,31.86,32.262,32.656,33.055
Caribbean,10.937,11.183,11.358,11.542,11.687,11.857,12.074,12.223,12.329,12.484,13.093,13.268,13.457,13.664,13.884,14.089,14.292,14.5,14.706,14.907,15.106,15.302,15.484,15.662,15.847,16.035,16.229,16.426,16.628,16.826,17.029,17.238,17.442,17.652,17.861,18.072,18.282,18.49,18.698,18.906,19.105,19.308,19.508,19.709,19.912,20.117,20.324,20.535
Central America,25.549,26.151,26.748,27.352,27.974,28.625,29.299,29.993,30.703,31.418,32.132,32.815,33.517,34.245,39.288,40.16,41.026,41.89,42.735,43.581,44.319,45.231,46.077,46.927,47.777,48.625,49.397,50.2,51.01,51.817,52.642,53.553,54.362,55.163,55.961,56.76,57.562,58.372,59.195,60.02,60.754,61.577,62.431,63.297,64.176,65.067,65.972,66.891
Central Asia and the Caucasus,45.272,46.314,47.382,48.461,49.532,50.582,51.606,52.607,53.588,54.554,59.021,70.926,126.101,127.357,127.389,128.56,129.81,131.273,132.465,133.94,134.931,154.193,156.367,158.584,160.857,163.188,165.496,168.063,170.721,173.444,176.344,179.873,182.716,185.821,188.99,192.173,195.332,198.076,202.387,205.529,208.136,177.638,180.101,182.532,184.958,187.372,189.774,192.17
East Asia,1164.869,1180.44,1198.093,1213.402,1228.526,1244.93,1262.804,1281.993,1300.465,1318.4,1337.869,1354.005,1368.684,1383.317,1397.765,1411.61,1425.394,1438.791,1451.097,1462.167,1472.661,1482.341,1491.287,1499.661,1507.705,1515.656,1523.029,1530.248,1537.434,1544.191,1551.034,1560.074,1570.326,1578.536,1588.009,1595.112,1604.536,1612.382,1617.827,1622.43,1624.095,1623.984,1623.512,1622.371,1620.701,1618.491,1615.738,1612.436
Eastern Europe ,80.198,80.728,81.238,81.903,82.359,82.765,83.134,83.456,83.603,232.279,299.529,300.35,310.21,315.222,314.448,327.357,330.14,336.697,335.635,334.333,333.256,331.584,329.626,328.178,326.944,325.629,324.604,323.868,323.008,322.639,321.998,321.551,321.398,321.284,321.105,320.945,320.685,320.219,319.558,319.025,317.901,316.578,275.182,274.78,274.308,273.804,273.265,272.722
Europe,445.434,447.35,448.613,449.837,450.715,451.746,452.904,453.99,455.364,605.723,675.417,678.481,690.034,696.602,696.998,710.888,714.598,722.002,721.763,721.47,721.784,721.556,721.573,722.211,723.164,724.361,725.49,727.098,728.671,730.201,731.247,732.626,733.972,735.15,736.452,738.155,739.757,740.732,741.518,742.496,742.487,741.841,701.735,702.403,702.938,703.373,703.71,704.001
Middle East (Region),70.96,73.696,76.445,79.406,82.465,85.584,88.889,91.606,94.534,97.476,112.298,115.368,119.008,124.17,127.702,130.998,133.999,137.144,140.26,143.305,146.228,149.604,153.033,182.581,187.103,192.126,197.647,203.337,209.83,214.583,219.336,202.605,207.481,212.411,218.239,222.463,227.351,232.002,236.224,240.345,243.429,247.087,251.29,255.251,259.258,263.347,267.525,271.792
North Africa,88.091,90.649,93.237,95.843,98.448,101.503,104.248,106.749,109.597,112.182,113.042,115.478,117.938,120.988,123.399,125.908,128.223,130.589,132.835,135.159,137.668,139.966,142.269,144.683,147.02,149.462,152.043,154.534,157.469,160.436,163.541,166.481,170.143,173.556,177.087,180.683,184.111,189.754,193.07,196.272,198.95,202.116,205.322,208.569,211.859,215.19,218.565,221.983
North America,322.857,327.197,331.441,335.54,339.56,343.608,347.732,351.905,356.143,360.572,365.377,370.678,375.988,381.249,386.274,391.22,396.13,401.126,406.011,410.827,415.539,420.111,424.645,429.053,433.389,437.81,442.42,447.28,452.084,456.791,461.166,465.289,469.401,473.412,477.483,481.426,485.4,489.116,492.554,495.865,500.181,502.503,505.291,508.295,511.423,514.538,517.626,520.727
Pacific Islands ,4.091,4.199,4.3,4.4,4.498,4.603,4.693,4.658,4.773,4.949,5.126,5.262,5.588,5.715,5.852,5.992,6.134,6.277,6.595,6.742,6.889,7.04,7.192,7.347,7.505,7.664,7.826,7.99,8.154,8.321,8.692,9.083,9.494,9.684,9.875,10.067,10.262,10.463,10.666,10.873,11.085,11.302,11.523,11.749,11.98,12.216,12.456,12.702
South America,236.891,242.508,247.828,253.097,258.488,263.084,268.141,273.358,278.583,283.758,291.052,296.501,301.793,307.058,312.245,317.308,324.543,329.557,334.655,339.616,345.018,349.851,354.489,358.973,363.417,367.777,372.15,376.424,380.701,384.998,389.521,393.647,397.753,401.799,405.87,409.997,413.8,417.33,419.957,423.977,428.344,431.086,433.803,436.749,439.919,443.334,446.788,452.46
South Asia,890.107,911.62,933.662,956.082,978.774,1001.675,1024.786,1048.074,1071.517,1095.08,1119.122,1142.604,1168.326,1192.456,1216.721,1241.14,1265.72,1290.397,1315.138,1339.84,1365.31,1389.558,1413.625,1438.257,1461.969,1485.382,1508.474,1531.212,1557.245,1579.812,1601.848,1623.312,1644.127,1664.667,1685.037,1705.325,1732.22,1753.685,1774.615,1796.145,1813.729,1833.734,1853.622,1873.374,1892.963,1912.365,1931.568,1950.561
Southeast Asia,323.151,329.937,336.881,343.904,351.092,358.71,366.191,374.019,381.638,389.463,399.173,406.309,413.692,421.112,428.703,436.349,445.069,451.961,503.438,511.716,517.438,525.336,533.025,540.186,547.392,554.593,561.649,568.696,576.091,583.395,590.748,598.096,605.589,613.262,620.671,628.141,635.229,642.053,648.749,655.875,662.364,667.427,673.526,679.625,685.665,691.635,697.487,703.221
Sub-Saharan Africa (Region) ,363.472,373.729,384.508,395.669,407.614,420.242,432.235,444.6,456.817,471.238,494.208,508.717,525.97,541.5,556.382,569.552,584.604,600.348,615.51,631.399,648.561,665.646,683.204,703.46,722.131,740.973,760.649,781.05,801.465,822.356,844.449,868.266,892.854,916.332,940.363,964.73,989.744,1015.544,1042.179,1069.217,1096.992,1124.465,1153.276,1182.772,1213.205,1243.78,1275.601,1308.66
Western Europe,365.236,366.621,367.375,367.934,368.356,368.981,369.77,370.534,371.76,373.444,375.888,378.131,379.824,381.379,382.551,383.531,384.457,385.305,386.128,387.137,388.528,389.972,391.947,394.033,396.22,398.732,400.886,403.23,405.663,407.563,409.249,411.074,412.574,413.866,415.347,417.21,419.072,420.513,421.96,423.47,424.586,425.263,426.553,427.623,428.629,429.569,430.445,431.28
Western Hemisphere (Region),596.233,607.039,617.375,627.531,637.709,647.174,657.246,667.479,677.76,688.232,701.654,713.262,724.756,736.216,751.692,762.778,775.99,787.073,798.106,808.93,819.982,830.496,840.695,850.615,860.43,870.247,880.196,890.331,900.423,910.431,920.357,929.727,938.958,948.026,957.176,966.254,975.044,983.309,990.405,998.768,1008.384,1014.475,1021.032,1028.051,1035.43,1043.056,1050.71,1060.613
ASEAN-5,310.81,317.359,323.944,330.595,337.36,344.387,351.517,358.953,366.144,373.509,382.658,389.26,396.078,402.935,409.864,416.941,425.072,431.417,438.026,444.44,449.057,455.948,462.79,469.297,475.798,482.294,488.607,494.849,501.36,507.901,514.533,521.131,527.83,534.726,541.351,548.032,554.326,560.43,566.398,572.834,578.764,583.421,589.017,594.554,600.013,605.384,610.658,615.835
Advanced economies,822.594,828.916,834.499,839.572,844.29,849.088,853.987,858.929,864.442,872.1,879.395,887.218,898.968,911.095,917.295,937.212,943.144,948.941,954.613,960.222,966.367,972.713,978.847,984.843,990.79,997.038,1003.34,1010.067,1016.979,1022.916,1028.253,1033.869,1038.739,1043.263,1048.163,1053.468,1058.952,1063.421,1067.802,1072.011,1076.224,1077.371,1080.155,1083.033,1086.07,1089.072,1091.977,1094.823
Emerging and Developing Asia,2121.605,2161.188,2203.533,2244.134,2285.103,2328.197,2372.935,2419.379,2465.191,2510.875,2560.082,2603.359,2645.644,2687.79,2730.067,2772.035,2815.034,2856.051,2940.79,2981.12,3018.09,3056.315,3093.677,3129.875,3165.646,3201.151,3235.436,3269.245,3302.872,3335.771,3368.348,3402.164,3437.27,3470.07,3503.577,3534.645,3567.554,3598.907,3627.489,3656.816,3678.93,3700.638,3722.538,3743.605,3763.796,3783.072,3801.428,3818.842
Emerging and Developing Europe,125.47,127.042,128.62,130.364,131.891,133.347,134.74,136.062,137.191,285.279,353.482,355.251,361.386,362.056,362.257,362.255,366.039,373.626,373.519,373.176,374.515,373.846,372.821,372.254,372.005,371.644,371.564,371.734,371.788,372.446,373.047,373.696,374.52,375.488,376.367,377.229,378.086,378.653,379.18,379.741,379.024,378.771,338.352,338.924,339.42,339.878,340.283,340.667
Emerging market and developing economies,3186.996,3254.222,3324.434,3393.625,3463.971,3536.805,3611.025,3686.54,3761.629,3985.499,4158.111,4244.069,4382.217,4459.632,4536.823,4608.464,4688.567,4769.363,4885.272,4957.359,5029.737,5118.38,5189.118,5288.763,5360.908,5433.395,5506.355,5580.166,5658.727,5732.909,5808.392,5865.713,5958.698,6036.728,6117.052,6193.72,6279.599,6360.418,6436.555,6513.518,6581.645,6615.391,6644.178,6713.89,6783.991,6853.739,6924.027,6997.087
Euro area,300.026,301.427,302.419,303.14,303.6,304.05,304.641,305.452,306.228,307.433,308.842,310.262,311.611,313.112,314.122,314.879,315.679,316.448,318.756,319.374,320.375,321.447,322.82,324.574,326.314,328.141,329.685,331.205,333.097,334.47,335.266,334.573,335.289,336.045,337.764,338.562,339.788,340.541,341.253,341.637,342.575,342.561,343.156,343.715,344.228,344.698,345.116,345.505
European Union,375.809,377.594,378.81,379.898,380.589,381.372,382.296,383.137,384.27,387.318,394.338,396.549,402.485,408.867,409.481,423.746,424.227,424.675,424.983,425.554,426.092,426.725,427.568,428.961,430.462,432.129,433.525,435.034,436.283,437.384,437.956,438.742,439.419,439.979,440.551,441.547,442.437,443.082,443.812,444.702,445.339,445.256,446.047,446.629,447.146,447.624,448.041,448.421
Latin America and the Caribbean,340.938,349.109,356.907,364.663,372.509,379.596,387.203,394.913,402.587,410.239,420.446,428.333,436.08,443.818,455.78,463.401,473.155,480.668,488.212,495.586,503.228,510.49,517.544,524.452,531.313,538.107,544.932,551.796,558.744,565.736,572.94,579.806,586.492,593.068,599.629,606.176,612.359,618.234,623.178,629.48,635.995,640.944,645.86,650.986,656.315,661.871,667.447,675.267
Major advanced economies (G7),612.155,616.177,619.745,623.047,626.158,629.495,633.018,636.492,640.455,644.988,650.576,656.304,661.437,666.418,670.818,675.087,679.272,683.517,687.619,691.661,695.899,700.177,704.352,708.445,712.548,716.829,720.895,725.127,729.334,733.136,736.79,740.653,743.995,747.425,751.085,754.975,758.863,761.924,764.645,767.111,770.246,771.326,773.207,775.083,777.041,778.95,780.793,782.594
Middle East and Central Asia,254.191,262.394,270.666,279.155,288.166,297.33,306.433,314.738,323.444,332.068,358.228,377.595,443.181,455.384,464.138,472.093,481.336,490.956,500.218,509.746,519.802,547.437,558.119,595.964,608.023,620.65,633.74,647.343,665.919,679.746,693.866,678.666,706.939,722.356,738.926,753.996,776.177,794.689,811.441,826.517,840.183,821.313,836.183,850.958,865.967,881.242,896.797,912.641
Other advanced economies,112.56,114.089,115.636,117.012,118.267,119.403,120.51,121.721,123.038,124.335,125.734,127.301,128.713,130.074,131.49,143.28,144.758,146.037,147.22,148.299,149.557,151.1,152.055,152.918,153.853,154.766,156.028,157.361,159.051,160.519,161.791,163.155,164.518,165.737,167.059,168.373,169.723,170.816,172.03,173.164,173.643,173.47,174.009,174.663,175.417,176.202,176.969,177.733
Sub-Saharan Africa,344.792,354.489,364.708,375.309,386.303,398.335,409.713,421.448,433.217,447.038,465.872,479.53,495.927,510.584,524.581,538.679,553.003,568.062,582.534,597.731,614.101,630.293,646.956,666.218,683.921,701.843,720.683,740.048,759.403,779.209,800.19,831.382,853.476,875.747,898.553,921.674,945.423,969.935,995.266,1020.964,1047.512,1073.724,1101.245,1129.417,1158.493,1187.677,1218.071,1249.669
World,4009.59,4083.137,4158.933,4233.196,4308.262,4385.893,4465.012,4545.47,4626.071,4857.599,5037.506,5131.286,5281.185,5370.726,5454.118,5545.675,5631.711,5718.305,5839.885,5917.582,5996.104,6091.093,6167.964,6273.606,6351.698,6430.433,6509.695,6590.233,6675.705,6755.824,6836.645,6899.583,6997.437,7079.991,7165.215,7247.188,7338.551,7423.839,7504.356,7585.529,7657.869,7692.762,7724.333,7796.923,7870.062,7942.811,8016.004,8091.91
