Real GDP growth (Annual percent change),1980,1981,1982,1983,1984,1985,1986,1987,1988,1989,1990,1991,1992,1993,1994,1995,1996,1997,1998,1999,2000,2001,2002,2003,2004,2005,2006,2007,2008,2009,2010,2011,2012,2013,2014,2015,2016,2017,2018,2019,2020,2021,2022,2023,2024,2025,2026,2027
Afghanistan,,,,,,,,,,,,,,,,,,,,,,,,8.7,0.7,11.8,5.4,13.3,3.9,20.6,8.4,6.5,14,5.7,2.7,1,2.2,2.6,1.2,3.9,-2.4,,,,,,,
Albania,2.7,5.7,2.9,1.1,2,-1.5,5.6,-0.8,-1.4,9.8,-10,-28,-7.2,9.6,9.4,8.9,9.1,-10.9,8.8,12.9,6.9,8.3,4.5,5.5,5.5,5.5,5.9,6,7.5,3.4,3.7,2.5,1.4,1,1.8,2.2,3.3,3.8,4,2.1,-3.5,8.5,2,2.8,3.4,3.4,3.4,3.4
Algeria,-5.4,3,6.4,5.4,5.6,5.6,-0.2,-0.7,-1.9,4.8,0.8,-1.2,1.6,-2.1,-0.9,3.8,3.8,1.1,5.1,3.2,3.8,3,5.6,7.2,4.3,5.9,1.7,3.4,2.4,1.6,3.6,2.9,3.4,2.8,3.8,3.7,3.2,1.4,1.2,0.8,-4.9,4,2.4,2.4,1.7,1.8,1.6,1.8
Andorra,,,,,,,,,,,,,,,,,,,,,,8.1,4.5,8.7,8.1,5.4,4.8,1.6,-5.6,-5.3,-2,0,-5,-3.5,2.5,1.4,3.7,0.3,1.6,2,-11.2,8.9,4.5,2.7,2.2,1.6,1.5,1.5
Angola,2.4,-4.4,0,4.2,6,3.5,2.9,4.1,6.1,0,-3.5,12.1,11.4,11,10.5,10.4,11.2,7.3,4.7,2.2,3.1,4.2,13.7,3,11,15,11.5,14,11.2,0.9,4.9,3.5,8.5,5,4.8,0.9,-2.6,-0.2,-2,-0.7,-5.6,0.7,3,3.3,3.8,4,4.1,3.9
Antigua and Barbuda,8.2,3.8,-0.1,5.4,10.2,7.6,11.5,6.6,5.2,5.3,3,2.2,1.2,5.3,6.7,-4.4,6.6,5.5,4.7,3.7,6.2,-4.5,1,6.1,5.8,6.5,12.7,9.3,0,-12,-7.8,-2,3.4,-0.6,3.8,3.8,5.5,3.1,6.9,4.9,-20.2,4.8,6.5,5.4,5.2,4,2.7,2.7
Argentina,0.7,-5.7,-3.1,3.7,2,-7,7.1,2.5,-2,-7,-1.3,10.5,10.3,6.3,5.8,-2.8,5.5,8.1,3.9,-3.4,-0.8,-4.4,-10.9,9,8.9,8.9,8,9,4.1,-5.9,10.1,6,-1,2.4,-2.5,2.7,-2.1,2.8,-2.6,-2,-9.9,10.2,4,3,2.8,2,2,2
Armenia,,,,,,,,,,,,,,-14.1,5.4,8,5.2,3.4,6.3,3.2,5.9,9.5,14.8,14.1,10.5,14.1,13.2,13.7,6.9,-14.1,2.2,4.7,7.1,3.4,3.6,3.3,0.2,7.5,5.2,7.6,-7.4,5.7,1.5,4,4.4,4.5,4.5,4.5
Aruba,,,,,,,,16.1,18.6,12.1,4,8,5.9,7.3,8.2,2.5,1.3,7,2,1.4,7.7,4.2,-0.9,1.1,7.3,-0.4,1.1,3.1,1.8,-11.7,-2.7,3.4,-1,6.4,0,3.6,2.1,5.5,1.3,-2.1,-22.3,16.8,2.7,3.7,2.5,1.6,1.4,1.4
Australia,2.9,4.1,0.1,-0.5,6.3,5.5,2.4,4.9,4.3,4.6,1.5,-1,2.6,3.9,4.8,3,4,4.6,4.6,4.3,3.1,2.7,4.2,3,4.1,3,2.6,4.4,2.6,1.9,2.4,2.8,3.8,2.2,2.6,2.3,2.7,2.4,2.8,2,-2.2,4.7,4.2,2.5,2.3,2.3,2.5,2.6
Austria,2.3,-0.1,1.9,2.8,0.3,2.2,2.3,1.7,1,3.9,4.3,3.4,2.1,0.5,2.4,2.7,2.4,2.1,3.6,3.6,3.4,1.3,1.7,0.9,2.7,2.2,3.5,3.7,1.5,-3.8,1.8,2.9,0.7,0,0.7,1,2,2.3,2.5,1.5,-6.7,4.5,2.6,3,2.3,1.9,1.8,1.8
Azerbaijan,,,,,,,,,,,,,,-23.1,-19.7,-13,2.5,8.9,6,11.4,6.2,6.5,9.4,10.2,9.3,28,34.5,25.5,10.6,9.4,4.8,-1.6,2.2,5.8,2.8,1,-3.1,0.2,1.5,2.5,-4.3,5.6,2.8,2.6,2.5,2.5,2.5,2.5
"Bahamas, The",7.1,-2.9,6.3,6.8,2.4,4.1,2.6,3.7,2.3,2.3,1.1,-4.2,-3.8,0.3,3.1,4.4,4.2,4.9,4.7,7.1,4.1,2.6,2.7,-1.3,0.9,3.4,2.5,1.4,-2.3,-4.2,1.5,0.6,3.1,-3.6,2.3,1.6,0.1,1.6,2.8,0.7,-14.5,5.6,6,4.1,3,1.9,1.6,1.5
Bahrain,7.5,2.8,6.4,7,4.2,-0.9,0.5,-1.2,6,1,3.5,2.3,7.1,7.6,3.2,1.9,3.2,2.3,4.8,6,7,2.5,3.3,6.3,7,6.8,6.5,8.3,6.2,2.5,4.3,2,3.7,5.4,4.4,2.5,3.6,4.3,2.1,2.2,-4.9,2.2,3.3,3,3,3,3,3.1
Bangladesh,3.1,4.3,2.4,4,5.2,3.2,4.2,3.7,2.2,2.6,5.9,3.3,5,4.6,4.1,4.9,4.6,5.4,5.2,4.9,5.9,5.3,4.4,5.3,6.3,6,6.6,7.1,6,5,5.6,6.5,6.5,6,6.1,6.6,7.1,7.3,7.9,8.2,3.5,5,6.4,6.7,7.2,7.2,7.1,6.9
Barbados,4.4,-1.9,-4.9,0.5,3.6,1.1,5.1,2.6,3.5,3.6,-3.3,-3.9,-5.7,0.8,2,2,4,4.7,3.7,0.3,4.5,-2.4,0.8,2.2,1.4,4,5.7,2.2,0.7,-5.1,-2.3,-0.7,-0.4,-1.4,-0.1,2.4,2.5,0.5,-0.6,-1.3,-13.7,1.4,11.2,4.9,3,2.6,2.3,1.8
Belarus,,,4,4.3,3,1.7,3.6,2.8,5.3,3,-2.3,-1.2,-9.6,-7.6,-11.7,-11.1,2.8,11.4,8.4,3.4,5.8,4.7,5,7,11.4,9.5,10,8.6,10.2,0.2,7.8,5.3,1.6,1,1.7,-3.8,-2.5,2.5,3.1,1.4,-0.7,2.3,-6.4,0.4,2.2,0.7,0.6,0.6
Belgium,4.4,-0.3,0.6,0.3,2.5,1.7,1.8,2.3,4.7,3.5,3.1,1.8,1.5,-1,3.2,2.4,1.3,3.8,2,3.5,3.7,1.1,1.7,1,3.6,2.3,2.6,3.7,0.4,-2,2.9,1.7,0.7,0.5,1.6,2,1.3,1.6,1.8,2.1,-5.7,6.3,2.1,1.4,1.4,1.1,1.2,1.2
Belize,5,0.2,-7.6,6.1,11.3,-1.4,7.3,22,10.9,15.5,11.2,11.5,12.1,6.3,0.2,0.6,1.4,3.5,3.7,8.8,13,5,5.1,9.3,4.6,2.2,4.6,1.2,2.8,0.3,3.3,1.6,2.4,0.8,4.5,2.9,-0.2,2.1,2,2,-16.7,9.8,5.7,3.4,2,2,2,2
Benin,9.3,1.9,1.7,-2,0.4,4.3,2.7,-2.1,3.4,-2.8,9,4.2,3,5.8,2,6,4.3,5.7,4,4.4,5.9,5.3,4.6,3.4,4.4,1.7,3.9,6,4.9,2.3,2.1,3,4.8,7.2,6.4,1.8,3.3,5.7,6.7,6.9,3.8,6.6,5.9,6.1,6,6,6,6
Bhutan,5,13.6,8.2,7.3,7.6,4.3,8,20.2,15.1,6.2,9.1,4.9,2.1,3.2,2.2,6,6,5.5,6,7.1,6.9,7,9.5,9.3,6.9,6.7,7.1,12.9,11,5.8,9.5,9.9,6.5,3.6,4,6.2,7.4,6.3,3.8,4.4,-2.4,-3.7,4.4,4.5,6.7,6.2,5.9,5.8
Bolivia,0.6,0.3,-3.9,-4,-0.2,-1.7,-2.6,2.5,2.9,3.8,4.6,5.3,1.6,4.3,4.7,4.7,4.4,5,5,0.4,2.5,1.7,2.5,2.7,4.2,4.4,4.8,4.6,6.1,3.4,4.1,5.2,5.1,6.8,5.5,4.9,4.3,4.2,4.2,2.2,-8.7,6.1,3.8,3.7,3.6,3.5,3.4,3.4
Bosnia and Herzegovina,,,,,,,,,,,,,,,,20.7,62.2,22.9,13.8,10.7,4.4,2.4,5.1,3.9,6.3,4.2,5.7,6,5.6,-0.8,0.8,0.9,-0.7,2.4,1.1,3.1,3.1,3.2,3.7,2.8,-3.1,5.8,2.4,2.3,3,3,3,3
Botswana,12,8.2,15.9,10.8,6.5,7.7,8.6,14.9,23.4,4.7,8.8,6.2,-0.2,4,-0.8,8.5,2.5,7.1,-1.6,8,4.3,2.3,7.4,5.4,1.4,5,6,5.8,3.3,-14.1,10.1,6.8,-0.2,11.1,5.7,-4.9,7.2,4.1,4.2,3,-8.7,12.5,4.3,4.2,4,4,4,4
Brazil,9.2,-4.4,0.6,-3.4,5.3,7.9,7.5,3.6,0.3,3.2,-4.2,1,-0.5,4.7,5.3,4.4,2.2,3.4,0.3,0.5,4.4,1.4,3.1,1.1,5.8,3.2,4,6.1,5.1,-0.1,7.5,4,1.9,3,0.5,-3.5,-3.3,1.3,1.8,1.2,-3.9,4.6,0.8,1.4,2.2,2,2,2
Brunei Darussalam,,,,,,,-2.8,0.3,-0.4,2.2,1.1,3.1,4.8,0.3,3.1,4.5,2.9,-1.5,-0.6,3.1,2.9,2.7,3.9,2.9,0.5,0.4,4.1,-3.8,-3.9,-1.9,2.7,3.7,0.9,-2.1,-2.5,-0.4,-2.5,1.3,0.1,3.9,1.1,-0.7,5.8,2.6,2.1,2.1,2.1,2.1
Bulgaria,5.7,5.3,4.2,3,4.6,1.8,5.3,4.7,2.4,-0.5,-9.1,-10.8,-8.4,-11.6,-3.7,-1.6,-8,-14.1,3.8,-8.4,4.6,3.8,5.9,5.2,6.5,7.1,6.8,6.6,6.1,-3.3,1.5,2.1,0.8,-0.6,1,3.4,3,2.8,2.7,4,-4.4,4.2,3.2,4.5,4.2,3,2.8,2.8
Burkina Faso,4,2.7,1.4,-1.2,1.6,11.3,8,-0.2,5.8,2.2,-0.6,9.1,0.2,3.5,1.3,5.7,11,6.3,7.3,7.3,1.9,6.6,4.4,7.8,4.5,8.7,6.3,4.1,5.8,3,8.4,6.6,6.5,5.8,4.3,3.9,6,6.2,6.7,5.7,1.9,6.9,4.7,5,5.3,5.3,5.3,5.3
Burundi,-6.8,12.2,-1.1,3.7,0.2,11.8,3.2,5.5,5,1.3,3.5,5.8,1,-6.2,-3.8,-7.9,-8,0.4,4.8,1.2,1.8,1.7,2.4,2.5,3.8,4.4,5.4,3.5,4.9,3.8,5.1,4,4.4,4.9,4.2,-3.9,-0.6,0.5,1.6,1.8,0.3,2.4,3.6,4.6,4.9,5.2,4.8,4.5
Cabo Verde,5.3,8.4,2.8,9.5,3.8,8.6,2.9,4.3,6,5.7,0.7,1.4,3,7.3,6.9,7.5,6.7,7.6,8.4,11.9,7.3,6.1,5.3,7.5,4.9,5.8,9.1,9.2,6.7,-1.3,1.5,4,1.1,0.8,0.6,1,4.7,3.7,4.5,5.7,-14.8,6.9,5.2,5.8,5.7,5.5,5,4.5
Cambodia,,,,,,,,,9.6,3.3,1.1,7.6,7.1,4,8.2,6,5.9,4,4.7,12.7,9.6,8.6,6.6,8.5,10.3,13.3,10.8,10.2,6.7,0.1,6,7.1,7.3,7.4,7.1,7,6.9,7,7.5,7.1,-3.1,2.2,5.1,5.9,6.1,6.3,6.5,6.5
Cameroon,9.9,17.1,7.6,6.8,7.5,8.1,6.8,-2.2,-7.9,-1.8,-6.2,-3.8,-3.1,-3.2,-2.5,3.3,4.9,5.3,4.9,4.1,3.4,3.4,4.8,5,6.6,1.2,3.5,4.1,2.9,2.6,2.9,3.5,4.5,5,5.8,5.6,4.5,3.5,4,3.5,0.5,3.5,4.3,4.9,5,5.1,5.1,5.2
Canada,2.2,3.5,-3.2,2.6,5.9,4.7,2.1,4.1,4.4,2.3,0.2,-2.1,0.9,2.7,4.5,2.7,1.6,4.3,3.9,5.2,5.2,1.8,3,1.8,3.1,3.2,2.6,2.1,1,-2.9,3.1,3.1,1.8,2.3,2.9,0.7,1,3,2.8,1.9,-5.2,4.6,3.9,2.8,1.7,1.7,1.6,1.6
Central African Republic,-3,13,-3.6,-6,9.9,3.7,7.2,0,1.7,3.8,1.4,-0.8,-4.9,-1.2,12.6,3.2,-6.2,4.1,3.3,2.9,-3.6,2.6,2.1,-2.2,-0.1,2.9,4.8,4,2.6,2.8,4.6,4.2,5.1,-36.4,0.1,4.3,4.7,4.5,3.8,3,1,1,3.5,3.7,4,4,4,4.7
Chad,-6,-10.8,5.4,15.7,5.3,7.9,6,3.6,7.5,2,3.2,10.4,2.4,-2.1,5.5,-0.8,2.1,5.7,7,-0.7,-0.9,11.7,8.5,14.7,33.6,8.3,0.6,3.3,3.1,4.1,13.6,0.1,8.8,5.8,6.9,1.8,-5.6,-2.4,2.4,3.4,-2.2,-1.1,3.3,3.5,3.4,3.5,3.6,3.5
Chile,7.9,6.2,-13.6,-2.8,5.9,2,5.6,6.6,7.3,10.6,3.7,7.8,11.1,6.7,5.1,8.9,6.9,7.4,4.4,-0.5,5.3,3.3,3.1,4.1,7.2,5.7,6.3,4.9,3.6,-1.6,5.8,6.1,5.3,3,1.8,2.1,1.8,1.3,4,0.8,-6.1,11.7,1.5,0.5,1.7,2.2,2.5,2.5
"China, People's Republic of",7.9,5.1,9,10.8,15.2,13.5,8.6,11.7,11.2,4.2,3.9,9.3,14.3,13.9,13,11,9.9,9.2,7.9,7.7,8.5,8.3,9.1,10,10.1,11.4,12.7,14.2,9.6,9.4,10.6,9.6,7.8,7.8,7.4,7,6.9,6.9,6.8,6,2.2,8.1,4.4,5.1,5.1,5,4.9,4.8
Colombia,4.4,2.3,0.9,1.6,3.4,3.1,5.8,5.4,4.1,3.4,4.3,2.4,4.4,5.7,5.1,5.2,2.1,3.4,0.6,-4.2,2.9,1.7,2.5,3.9,5.3,4.7,6.7,6.7,3.3,1.1,4.5,6.9,3.9,5.1,4.5,3,2.1,1.4,2.6,3.2,-7,10.6,5.8,3.6,3.4,3.4,3.4,3.4
Comoros,7.4,5.5,4.1,3.1,4.2,2.9,2.2,2.2,5.1,-0.8,7.4,-6.2,7.4,2.5,-4,5.6,-0.5,4.4,0,2.7,-1,5.4,4.6,2,3.1,5.7,-1.8,0.8,4,3.2,3.8,4.1,3.2,4.5,2.1,1.3,3.5,4.2,3.6,1.8,-0.3,2.2,3.5,3.7,3.9,4.3,4.4,4.3
"Congo, Dem. Rep. of the",2.4,0.9,-0.5,1.4,4.8,0.5,4.7,2.7,0.5,-1.3,-6.6,-8.4,-10.5,-13.5,-6.1,2.8,-1.9,-7.8,-3.9,-3.8,-8.1,-2.1,2.9,5.6,6.7,6.1,5.3,6.3,6.2,2.9,7.1,6.9,7.1,8.5,9.5,6.9,2.4,3.7,5.8,4.4,1.7,5.7,6.4,6.9,6.7,6.8,6.6,6.6
"Congo, Republic of ",12.7,2.6,2.4,2.4,2.4,2.4,2.3,2.3,21.9,21.3,1,3.4,4.2,1.3,-1.4,4,3.5,-1,8.9,-3.7,11.8,-4.8,1,0.5,-0.2,9.2,8,-6.6,6.3,11.6,9.9,2.2,9.9,-0.7,6.7,-3.6,-10.7,-4.4,-4.8,-0.4,-8.1,-0.2,2.4,2.7,7.4,1.5,0.3,3.4
Costa Rica,0.8,-2.3,-7.3,2.9,8,0.7,5.5,4.8,3.4,5.7,3.6,2.3,9.2,7.1,4.5,4.2,1.4,5.5,7.2,4.2,3.9,3.5,3.4,4.3,4.4,4,7.3,8.2,4.7,-0.9,5.4,4.4,4.9,2.5,3.5,3.7,4.2,4.2,2.6,2.4,-4.1,7.6,3.3,3.1,3.2,3.2,3.2,3.2
Croatia,,,,,,,,,,,,,,-8,5.9,6.6,5.9,6.6,1.9,-0.9,3.7,3,5.7,5.5,4.1,4.3,4.9,4.9,1.9,-7.3,-1.3,-0.1,-2.3,-0.4,-0.3,2.5,3.5,3.4,2.9,3.5,-8.1,10.4,2.7,4,3,3,3,3
Cyprus,5.9,3.1,6.3,5.3,8.8,4.7,3.6,7.1,8.3,8.1,7.4,0.7,9.4,0.7,5.9,9.9,1.2,2.6,6.1,5,6,4,3.7,2.6,5,4.9,4.7,5.1,3.6,-2,2,0.4,-3.4,-6.6,-1.8,3.4,6.5,5.9,5.7,5.3,-5,5.5,2.1,3.5,3,2.7,2.8,2.9
Czech Republic,,,,,,,,,,,,,,,,,4.5,-0.5,-0.4,1.4,4,3,1.6,3.6,4.8,6.6,6.8,5.6,2.7,-4.7,2.4,1.8,-0.8,0,2.3,5.4,2.5,5.2,3.2,3,-5.8,3.3,2.3,4.2,3.6,3.1,2.5,2.5
Côte d'Ivoire,5.2,3.5,0.2,-2.5,-2,3.6,4.8,-0.5,1.1,3,-1.1,0,-0.3,-0.2,0.2,5.6,8.1,5.7,4.9,1.6,-2.1,0.1,-1.7,-1.4,1.2,1.7,1.5,1.8,2.5,3.3,2,-4.9,10.9,9.3,8.8,8.8,7.2,7.4,6.9,6.2,2,6.5,6,6.7,6.4,6.2,6,6
Denmark,-0.5,-0.7,3.7,2.6,4.2,4,4.9,0.3,0,0.6,1.5,1.4,2,0,5.3,3,2.9,3.3,2.2,2.9,3.7,0.8,0.5,0.4,2.7,2.3,3.9,0.9,-0.5,-4.9,1.9,1.3,0.2,0.9,1.6,2.3,3.2,2.8,2,2.1,-2.1,4.1,2.3,1.7,1.8,1.8,1.8,1.8
Djibouti,,,,,,,,,,,,-4.5,0.6,-6.8,-1.4,-3.5,-3.7,-1.2,0.1,2.9,0.7,1.8,3.2,3.2,2.8,3.1,4.8,5,5.8,1.6,4.1,7.3,4.8,5,7.1,7.7,6.9,5.1,8.5,6.6,1,4,3,5,6,6,6,6
Dominica,13.4,10.8,4.1,2.6,4.2,1.4,7.1,6.3,7.8,-0.2,5.4,1.3,2,2.2,0,3,3.1,2.2,3.8,0.4,2.3,-0.1,-2.8,6.4,3.1,0.7,4.7,6.4,7.1,-1.2,0.7,-0.2,-1.1,-1,4.8,-2.7,2.8,-6.6,3.5,7.5,-11,3.7,6.8,5,4.6,4.1,2.5,2.5
Dominican Republic,8,4.3,1.7,4.6,1.3,-2.1,3.5,10.1,2.2,4.4,-5.5,0.9,11.2,7.4,2.6,5.7,6,8.9,6.7,5.9,4.7,2.5,4.5,-1.3,2.6,9.4,9.2,7.4,3.2,0.9,8.3,3.1,2.7,4.9,7.1,6.9,6.7,4.7,7,5.1,-6.7,12.3,5.5,5,5,5,5,5
Ecuador,4.9,3.9,1.2,-2.8,4.2,4.4,3.1,-6,10.5,0.3,3,5.1,3.6,2,4.3,2.3,1.7,4.3,3.3,-4.7,1.1,4,4.1,2.7,8.2,5.3,4.4,2.2,6.4,0.6,3.5,7.9,5.6,4.9,3.8,0.1,-1.2,2.4,1.3,0,-7.8,4.2,2.9,2.7,2.8,2.8,2.8,2.8
Egypt,3.4,2.2,7.3,8.9,8,7.4,4.8,4.3,4,3,2.3,2.1,0.3,2.9,4.2,4.5,4.9,5.9,7.5,6.1,5.4,3.5,3.2,3.2,4.1,4.5,6.8,7.1,7.2,4.7,5.1,1.8,2.2,3.3,2.9,4.4,4.3,4.1,5.3,5.6,3.6,3.3,5.9,5,5.5,5.8,5.8,5.9
El Salvador,-8.6,-5.7,-6.3,1.5,1.3,0.6,0.2,2.5,1.9,1,4.8,1.5,7,5.8,4.7,4.7,0.8,3.1,2.7,2.2,1.1,0.9,1.6,1.6,0.9,2.7,4.3,1.9,2.1,-2.1,2.1,3.8,2.8,2.2,1.7,2.4,2.5,2.3,2.4,2.6,-7.9,10.3,3,2.3,2.2,2,2,2
Equatorial Guinea,4.8,5.8,2.2,5,1,12.9,-2.3,4.4,2.7,-1.2,2.5,-1.2,33,10.5,16.8,26.5,52.7,148,24.8,26.4,110.5,60,19.6,14.5,30.4,8.2,6.5,15.3,17.8,1.3,-8.9,6.5,8.3,-4.1,0.4,-9.1,-8.8,-5.7,-6.2,-6,-4.9,-3.5,6.1,-2.9,-11.5,-2.5,-4.5,-1
Eritrea,,,,,,,,,,,,,,12.9,20.9,2.3,9.1,7.9,2,0.2,-12.4,8.8,3,-2.7,1.5,2.6,-1,1.4,-19.4,12.2,10.9,25.7,1.9,-10.5,30.9,-20.6,7.4,-10,13,3.8,-0.6,2.9,4.7,3.6,3.7,3.8,3.8,3.8
Estonia,,,,,,,,,,,,,,,-1.6,2.2,4.9,13,4.3,-0.4,10.1,6,6.8,7.6,6.8,9.5,9.8,7.6,-5.1,-14.6,2.4,7.3,3.2,1.5,3,1.9,3.2,5.8,4.1,4.1,-3,8.3,0.2,2.2,3.8,3.6,3.3,3.3
Eswatini,-3.8,6.9,1.4,-0.5,2.5,1.9,18.6,10,7.6,9.4,9.9,1.8,3.2,3.1,2.4,4.8,3.8,3.1,2.6,3,1.8,1.1,4.4,3.9,3.6,6,6,4.4,0.8,1.6,3.8,2.2,5.4,3.9,0.9,2.2,1.1,2,2.4,2.6,-1.9,3.1,2.1,1.8,2.1,2.3,2.3,2.3
Ethiopia,4,0,1,7.8,-2.3,-11.4,9.7,13.9,0.6,-0.5,2.6,-7.2,-8.9,13.4,3.5,6.1,13.5,2.8,-4.2,6.3,9.8,7.4,1.6,-2.1,11.7,12.6,11.5,11.8,11.2,10,10.6,11.4,8.7,9.9,10.3,10.4,8,10.2,7.7,9,6.1,6.3,3.8,5.7,6.4,6.8,7,7
Fiji,-1.7,6,-1.1,-4.2,10.1,-3.8,6.6,-7.2,3.5,13.9,5.8,-2.7,6.1,2.6,5.1,2.6,4.8,-2.4,1.3,8.7,-1.7,1.9,3.2,0.8,5.4,-1.3,1.9,-0.9,1,-1.4,3,2.7,1.4,4.7,5.6,4.5,2.4,5.4,3.8,-0.4,-15.2,-4,6.8,7.7,6.4,4.5,3.4,3.4
Finland,5.7,1.3,3.1,3.1,3.2,3.5,2.7,3.6,5.2,5.1,0.2,-5.9,-3.3,-0.7,4,4.2,3.7,6.3,5.5,4.4,5.8,2.6,1.7,2,4,2.8,4,5.3,0.8,-8.1,3.2,2.5,-1.4,-0.9,-0.4,0.5,2.8,3.2,1.1,1.2,-2.3,3.3,1.6,1.7,1.4,1.3,1.3,1.3
France,1.8,1.1,2.4,1.3,1.7,1.6,2.3,2.6,4.6,4.5,3,0.9,1.5,-0.6,2.3,2.2,1.4,2.3,3.6,3.3,4.1,2,1.1,0.8,2.6,1.7,2.6,2.4,0.1,-2.8,1.8,2.2,0.4,0.6,1,1,1,2.4,1.8,1.8,-8,7,2.9,1.4,1.5,1.4,1.4,1.4
Gabon,0,-4,4.1,2,4.9,5.8,-2.1,-15.4,3.5,15.4,5.1,6.1,-3.1,3.9,3.7,5,3.6,5.7,3.5,-8.9,-1.9,2.1,0.2,1.7,1.1,-0.8,-1.9,6.3,1.7,-2.3,6.3,7.1,5.3,5.5,4.4,3.9,2.1,0.5,0.8,3.9,-1.9,0.9,2.7,3.4,3.6,3.8,3.8,3.8
"Gambia, The",0.7,-9.5,20.8,13.5,-7.6,3.6,2.4,2.8,1.7,4.3,5.7,2.2,1.8,3.8,-3.4,3.3,2.9,1.4,6.5,6.4,5.5,5.8,-3.2,6.9,7,-2.4,-0.6,3,6.3,6.7,5.9,-8.1,5.2,2.9,-1.4,4.1,1.9,4.8,7.2,6.2,-0.2,5.6,5.6,6.2,6.5,5.8,5,5
Georgia,,,,,,,,,,,,-21.1,-44.9,-29.3,-10.4,2.6,10.5,10.5,3.1,2.9,1.8,4.8,5.5,11.1,5.8,9.6,9.4,12.6,2.4,-3.7,6.2,7.4,6.4,3.6,4.4,3,2.9,4.8,4.8,5,-6.8,10.4,3.2,5.8,5.2,5.2,5.2,5.2
Germany,1.3,0.1,-0.8,1.6,2.8,2.2,2.4,1.5,3.7,3.9,5.7,5,1.9,-1,2.4,1.5,0.8,1.8,2,1.9,2.9,1.7,-0.2,-0.7,1.2,0.7,3.8,3,1,-5.7,4.2,3.9,0.4,0.4,2.2,1.5,2.2,2.7,1.1,1.1,-4.6,2.8,2.1,2.7,1.5,1.4,1.2,1.1
Ghana,0.5,-3.8,-8.3,-6.2,9.4,6.4,6.2,6.7,6.5,4.5,3.6,4.8,4.5,4.8,3.5,4.2,4.8,5.8,5,4.5,3.6,3.8,4.6,5.1,5.4,6.2,5.8,4.1,9,5.7,7.8,13.9,8.4,7.2,2.9,2.1,3.4,8.1,6.2,6.5,0.4,4.2,5.2,5.1,5.3,5.4,4.1,7.5
Greece,0.7,-1.6,-1.1,-1.1,2,2.5,0.5,-2.3,4.3,3.8,0,3.1,0.7,-1.6,2,2.1,2.9,4.5,3.9,3.1,3.9,4.1,3.9,5.8,5.1,0.6,5.7,3.3,-0.3,-4.3,-5.5,-10.1,-7.1,-2.5,0.5,-0.2,-0.5,1.1,1.7,1.8,-9,8.3,3.5,2.6,2,1.6,1.4,1.2
Grenada,15.1,1.4,4.1,3.3,4,6,7.4,9.1,2.9,3.8,4.2,1.4,-0.8,-2,1.8,2.2,4.4,4.9,11.8,7,5.1,-2,3.4,9.5,-0.6,13.3,-4,6.1,0.9,-6.6,-0.5,0.8,-1.2,2.4,7.3,6.4,3.7,4.4,4.4,0.7,-13.8,5.6,3.6,3.6,3.9,3.5,3.2,2.8
Guatemala,3.7,0.6,-3.5,-2.5,0.5,-0.6,0.1,3.6,3.9,3.9,3.1,3,4.6,3.4,3.5,4.4,2.8,4.1,4.6,3.7,2.5,2.4,4.2,2.6,3,3.1,5.6,6,3.7,0.6,2.8,4.4,3.1,3.5,4.4,4.1,2.7,3.1,3.3,3.9,-1.5,8,4,3.6,3.5,3.5,3.5,3.5
Guinea,2.6,0.6,1.8,1.3,1.4,5,3.1,3.3,6.3,4,4.3,2.5,3.3,5,4,4.7,4.5,5.2,3.6,3.8,2.5,3.7,5.2,1.2,2.3,3,2.5,6.5,4.1,-1.5,4.2,5.6,5.9,3.9,3.7,3.8,10.8,10.3,6.4,5.6,6.4,4.2,4.8,5.8,6.3,5.1,5.1,5.1
Guinea-Bissau,,-0.5,4.2,-3.4,5.5,4.3,-1,5.6,2,2.9,4.6,7.3,3.1,2.3,3,4,3.7,6,-22.4,16.8,1.1,4.8,3.7,-0.3,1.2,6.6,2.7,2.6,4.5,2.4,5.6,8.1,-1.7,3.3,1,6.1,5.3,4.8,3.4,4.5,1.5,3.8,3.8,4.5,5,5,5,5
Guyana,-2.1,0.6,-8.9,-11.5,2.1,0.4,-0.2,-0.1,-6,-4.9,-3,6,7.8,8.2,8.5,5.1,8,6.2,-1.7,3,-1.3,2.3,1.1,-0.7,1.6,-1.9,5.1,7,2,3.3,4.4,5.4,5,3.7,1.7,0.7,3.8,3.7,4.4,5.4,43.5,19.9,47.2,34.5,3.5,3.7,3.7,3.7
Haiti,7.3,1.1,-2.8,-1.5,0.2,0.8,0.3,-0.4,0.6,-1.1,-0.4,1.3,-2.3,-4.9,-11.6,9.9,4.1,2.7,2.2,2.7,0.9,-0.3,1.1,3.5,-1.3,3.1,1.8,4.7,2.7,5.9,-5.7,5.1,0.5,4.3,1.7,2.6,1.8,2.5,1.7,-1.7,-3.3,-1.8,0.3,1.4,1.6,1.7,1.7,1.7
Honduras,0.7,2.5,-1.4,-0.9,4.3,4.2,0.7,6,4.6,4.3,0.1,3.3,5.6,6.2,-1.3,4.1,3.6,5,2.9,-0.7,7.3,2.7,3.8,4.5,6.2,6.1,6.6,6.2,4.2,-2.4,3.7,3.8,4.1,2.8,3.1,3.8,3.9,4.8,3.8,2.7,-9,12.5,3.8,3.5,3.6,3.7,3.9,3.9
Hong Kong SAR,10.3,9.2,2.9,6,10,0.7,11.1,13.4,8.5,2.3,3.8,5.7,6.2,6.2,6,2.4,4.3,5.1,-5.9,2.5,7.7,0.6,1.7,3.1,8.7,7.4,7,6.5,2.1,-2.5,6.8,4.8,1.7,3.1,2.8,2.4,2.2,3.8,2.8,-1.7,-6.5,6.4,0.5,4.9,2.9,2.8,2.8,2.8
Hungary,0.2,2.9,2.8,0.7,2.7,-0.3,1.5,4.1,-0.1,0.7,-3.5,-11.9,-3.1,-0.6,2.9,2.5,0.1,3.1,3.9,3.1,4.5,4.1,4.7,4.1,4.8,4.2,4,0.2,1.1,-6.7,1.1,1.9,-1.4,1.9,4.2,3.8,2.3,4.3,5.4,4.6,-4.7,7.1,3.7,3.6,3.6,3.3,2.9,2.7
Iceland,5.7,4.3,2.2,-2.2,4.1,3.3,6.3,8.5,-0.1,0.3,1.2,-0.2,-3.4,1.3,3.6,0.1,4.6,5.8,7.4,4,5,4,0.6,2.1,7.8,6.1,6.3,8.5,2.2,-7.7,-2.8,1.8,1.1,4.6,1.7,4.4,6.3,4.2,4.9,2.4,-7.1,4.3,3.3,2.3,2.3,2.3,2.3,2.3
India,5.3,6,3.5,7.3,3.8,5.3,4.8,4,9.6,5.9,5.5,1.1,5.5,4.8,6.7,7.6,7.5,4,6.2,8.5,4,4.9,3.9,7.9,7.8,9.3,9.3,9.8,3.9,8.5,10.3,6.6,5.5,6.4,7.4,8,8.3,6.8,6.5,3.7,-6.6,8.9,8.2,6.9,7,7,6.5,6.2
Indonesia,9.9,7.6,2.2,4.2,7.6,3.9,7.2,6.6,7,9.1,9,8.9,6.5,8,7.5,8.2,7.8,4.7,-13.1,0.8,5,3.6,4.5,4.8,5,5.7,5.5,6.3,7.4,4.7,6.4,6.2,6,5.6,5,4.9,5,5.1,5.2,5,-2.1,3.7,5.4,6,5.8,5.4,5.3,5.2
Iran,-21.6,-5.7,23.2,11.1,-7.1,1.9,-9.8,-0.2,-6.1,6.1,13.6,12.7,3.3,-1.5,-1.7,2.4,6.4,1.4,2.1,2,5.8,2.4,8.1,8.6,4.3,3.2,5,8.2,0.3,1,5.8,2.6,-3.7,-1.5,5,-1.4,8.8,2.8,-2.3,-1.3,1.8,4,3,2,2,2,2,2
Iraq,,,,,,,,,,,,,,,,,,,,24.8,-4.3,-6.6,-7.8,81.8,53.4,1.7,5.6,1.9,8.2,3.4,6.4,7.5,13.9,7.6,0.7,2.5,15.2,-3.4,4.7,5.8,-15.7,5.9,9.5,5.7,2.7,2.6,2.6,2.6
Ireland,2.9,2.5,1.5,-0.7,3.2,1.9,0.4,3.6,3,5.6,7.7,1.6,3.6,2.3,5.9,9.6,9.1,10.7,8.8,10.5,9.4,5.3,5.9,3,6.8,5.7,5,5.3,-4.5,-5.1,1.8,1.1,-0.1,1.3,8.7,25.2,2,8.9,9,4.9,5.9,13.5,5.2,5,4,3,3,3
Israel,3.6,4.7,1.4,2.6,2.2,4.5,3.6,7.5,3.6,1.4,6.6,4.6,7.2,3.8,7,9.7,6,3.9,4.2,3.6,8.9,0.1,-0.2,1.1,4.9,4.2,5.8,6.1,3.5,1.1,5.7,5.5,2.8,4.8,4.1,2.3,4.5,4.4,4,3.8,-2.2,8.2,5,3.5,3.5,3.5,3.5,3.5
Italy,3.1,0.6,0.2,0.9,3,2.6,2.7,3.1,4,3.3,2,1.4,0.7,-0.8,2.1,2.7,1.3,1.8,1.8,1.6,3.8,2,0.3,0.1,1.4,0.8,1.8,1.5,-1,-5.3,1.7,0.7,-3,-1.8,0,0.8,1.3,1.7,0.9,0.5,-9,6.6,2.3,1.7,1.3,1.1,1,0.5
Jamaica,-4,4.4,3.1,4.2,0.9,-0.9,7,7.7,-4,4.7,4.9,0.8,2.8,2.2,1.9,2.5,0.2,-1.6,-1.2,1,0.8,1.3,0.7,3.7,1.3,0.9,2.9,1.4,-0.8,-3.4,-1.4,1.4,-0.5,0.2,0.6,0.9,1.5,0.7,1.8,1,-10,4.4,2.5,3.3,1.7,1.8,1.8,1.6
Japan,3.2,4.2,3.3,3.5,4.5,5.2,3.3,4.7,6.8,4.9,4.9,3.4,0.8,-0.5,0.9,2.6,3.1,1,-1.3,-0.3,2.8,0.4,0,1.5,2.2,1.8,1.4,1.5,-1.2,-5.7,4.1,0,1.4,2,0.3,1.6,0.8,1.7,0.6,-0.2,-4.5,1.6,2.4,2.3,0.8,0.7,0.5,0.4
Jordan,11.3,15.3,5.2,0.2,5.6,-1.2,5.5,2.7,2.1,-11.3,1.1,2.4,13.3,3.1,5,6.4,0.7,4.3,3.3,2.8,4.3,4.8,7,3.9,8.1,8.4,8.9,8,6.9,5,2.3,2.7,2.4,2.6,3.4,2.5,2,2.1,1.9,2,-1.6,2,2.4,3.1,3.3,3.3,3.3,3.3
Kazakhstan,,,,,,,,,,,,,,-9.2,-12.6,-8.2,0.5,1.7,-1.9,2.7,9.8,13.5,9.8,9.3,9.6,9.7,10.7,8.9,3.3,1.2,7.3,7.5,5,5.9,4.3,1,0.9,3.9,4.1,4.5,-2.6,4,2.3,4.4,4.4,4.3,3.1,3.1
Kenya,5.6,4.1,5.1,1.6,1.6,4.1,7,5.8,6.1,4.6,4.1,1.3,-1.1,-0.1,2.5,4.3,4.1,0.4,3,2.2,0.3,4,0.5,2.9,4.6,5.7,5.9,6.9,0.2,3.6,8.1,5.1,4.6,3.8,5,5,4.2,3.8,5.6,5,-0.3,7.2,5.7,5.3,5.4,5.5,5.4,5.4
Kiribati,0.1,0.2,0.7,-2.7,2.4,-4.5,1,0.4,9.1,-3.1,-1.3,0.1,1.3,1,1.8,-0.1,1.1,2,6.9,-1.8,6,-1.4,4,2,-1.6,5,0,2,-2.1,0.8,-1.1,1.8,5.1,4.2,-1.1,9.9,-0.5,-0.2,5.3,-0.5,-0.5,1.5,1.1,2.8,2.6,2.3,2.1,2
"Korea, Republic of",-1.6,7.2,8.3,13.4,10.6,7.8,11.3,12.7,12,7.1,9.9,10.8,6.2,6.9,9.3,9.6,7.9,6.2,-5.1,11.5,9.1,4.9,7.7,3.1,5.2,4.3,5.3,5.8,3,0.8,6.8,3.7,2.4,3.2,3.2,2.8,2.9,3.2,2.9,2.2,-0.9,4,2.5,2.9,2.6,2.5,2.4,2.3
Kosovo,,,,,,,,,,,,,,,,,,,,,,4.6,-0.4,2.6,0.6,4.5,3.6,8.3,1.8,5,4.9,6.3,1.7,5.3,3.3,5.9,5.6,4.8,3.4,4.8,-5.3,9.5,2.8,3.9,4.1,3.9,3.6,3.5
Kuwait,-20.4,-18.9,-9.5,5.3,5.2,-4.3,8.6,8.1,-10,25.9,-26.2,-41,82.8,35.1,8.6,1.7,0.6,2.5,3.7,-1.8,4.7,0.2,3,17.3,10.8,10.1,7.5,6,2.5,-7.1,-2.4,9.6,6.6,1.2,0.5,0.6,2.9,-4.7,2.4,-0.6,-8.9,1.3,8.2,2.6,2.6,2.6,2.6,2.7
Kyrgyz Republic,,,,,,,,,,,,,,-13,-19.8,-5.4,7.1,9.9,2.1,3.7,5.4,5.3,0,7,7,-0.2,3.1,8.5,7.6,2.9,-0.5,6,-0.1,10.9,4,3.9,4.3,4.7,3.5,4.6,-8.6,3.7,0.9,5,4.2,4.1,4.1,4
Lao P.D.R.,10,15.3,4.7,3,6.4,9.1,4.8,-1,-2.1,9.9,6.7,4,7,5.9,8.2,7,6.9,6.9,4.3,4,6.4,4.8,6.8,6.2,7.2,6.9,9,7.9,7.8,7.4,8,8,7.8,8,7.6,7.3,7,6.9,6.3,4.7,-0.4,2.1,3.2,3.5,3.8,3.9,4.1,4.3
Latvia,,,,,,,,,,,,,,-11.4,2.2,-2.1,2.6,8.8,6.3,2.8,5.7,6.3,7.1,8.4,8.3,10.7,12,9.9,-3.2,-14.2,-4.5,2.6,7,2,1.9,3.9,2.4,3.3,4,2.5,-3.8,4.7,1,2.4,3.9,3.3,3.3,3.3
Lebanon,1.5,0.5,-36.8,22.7,44.5,24.3,-6.8,16.7,-28.2,-42.2,-13.4,38.2,4.5,7,8,6.5,4,10.2,3.9,-0.8,1.1,3.9,3.4,1.7,7.5,0.7,1.5,9.3,9.1,10.2,8,0.9,2.5,3.8,2.5,0.6,1.6,0.8,-1.7,-7.2,-22,,,,,,,
Lesotho,-0.8,3.1,5.6,3,4.3,3.3,4.1,2.1,7.7,5.5,5.2,4.8,6.2,3.8,4.5,2.8,4.9,3.5,1.4,1.6,4.9,3.3,1.6,4.1,2.4,3.1,4.4,5,3.8,0.4,5.1,5.1,5.1,1.8,2.1,3.3,1.9,-2.7,-0.3,0,-6,2.1,3.1,1.6,2.1,2.3,0.7,0.1
Liberia,,,,,,,,,,,,,,,,,,,,,,2.8,4.4,-29,4,5.9,8.5,13.1,6.1,5.2,6.4,7.7,8.4,8.8,0.7,0,-1.6,2.5,1.2,-2.5,-3,4.2,4.5,5.5,5.6,5.6,5.7,5.7
Libya,0.6,-20,1.5,-4.7,-8.3,0.6,-11.4,-14.7,7.6,7.2,3.7,15.7,-2.7,-3.8,1.9,-12.4,2.6,-0.6,-0.4,0.5,3.7,-1.8,-1,13,4.5,11.9,6.5,6.4,-18.1,-3,3.2,-66.7,124.7,-36.8,-53,-13,-7.4,64,17.9,13.2,-59.7,177.3,3.5,4.4,4.4,4,3.7,3.6
Lithuania,,,,,,,,,,,,,,,,,5.2,8.3,7.5,-1.1,3.7,6.5,6.8,10.6,6.6,7.7,7.4,11.1,2.6,-14.8,1.7,6,3.8,3.6,3.5,2,2.5,4.3,4,4.6,-0.1,4.9,1.8,2.6,3.1,2.9,2.7,2.5
Luxembourg,3.2,0.8,1,1.9,4.7,5.6,10,4,8.5,9.8,5.3,8.6,1.8,4.2,3.8,1.4,1.5,5.9,6.5,8.4,8.4,3.1,3.2,2.6,4.2,2.5,6,8.1,-0.3,-3.2,3.8,1,1.6,3.2,2.6,2.3,5,1.3,2,3.3,-1.8,6.9,1.8,2.1,2.9,2.5,2.5,2.5
Macao SAR,,,,,,,,,,,,,,,,,,,,,,,8.9,11.6,26.6,8.1,13.4,14.5,3.4,1.3,25.1,21.6,9.2,10.8,-2,-21.5,-0.7,10,6.5,-2.5,-54,18,15.5,23.3,18.6,9.8,5.1,3.5
Madagascar,0.8,-9.8,-1.9,0.9,1.8,1.2,2,1.2,3.4,4.1,3.1,-6.3,1.2,2.1,0,1.7,2.2,3.7,3.9,4.7,4.5,6,-12.4,9.8,5.3,4.8,5.4,5.7,6.7,-4,0.6,1.6,3,2.3,3.3,3.1,4,3.9,3.2,4.4,-7.1,3.5,5.1,5.2,5.2,5.1,5,5
Malawi,0.4,-5.2,2.5,3.7,5.4,4.6,-0.2,1.6,3.2,1.3,5.7,8.7,-7.3,9.7,-10.3,13.8,10,6.6,1.1,3.5,0.8,-4.1,1.8,5.7,5.4,3.3,4.7,9.6,7.6,8.3,6.9,4.9,1.9,5.2,5.7,3,2.3,4,4.4,5.4,0.9,2.2,2.7,4.3,4.9,6.1,6,5.8
Malaysia,7.4,6.9,5.9,6.3,7.8,-0.9,1.2,5.4,9.9,9.1,9,9.5,8.9,9.9,9.2,9.8,10,7.3,-7.4,6.1,8.7,0.5,5.4,5.8,6.8,5,5.6,6.3,4.8,-1.5,7.5,5.3,5.5,4.7,6,5,4.4,5.8,4.8,4.4,-5.6,3.1,5.6,5.5,4.9,4.4,4.4,3.9
Maldives,18.8,7.9,7.5,4.4,17.4,13.8,8.6,8.9,8.7,9.3,-4,6.9,6.5,5.4,7.5,7.4,9.1,10.4,9.8,7.2,4.8,3.5,6.1,25.4,6,-13.1,26.1,7.7,9.5,-7.2,7.3,8.6,2.5,7.3,7.3,2.9,6.3,7.2,8.1,6.9,-33.5,33.4,6.1,8.9,6.6,5.6,5.6,5.6
Mali,3.3,-4.5,-11.6,3.2,2.4,3.2,6.1,2.5,0.1,10.7,9.3,7.7,-1.6,3.6,3.8,3,7.3,4.8,2.9,6.2,-0.1,15.4,3.1,9.1,1.6,6.5,4.7,3.5,4.8,4.7,5.4,3.2,-0.8,2.3,7.1,6.2,5.9,5.3,4.7,4.8,-1.2,3.1,2,5.3,5.3,5,5,5
Malta,7,2.7,0.1,2.6,0.8,2.4,3.8,5.7,6.8,7.1,4.7,5.9,8.1,3.9,4.6,6.9,4,4.8,3.4,3.8,-1,-1.2,2.6,4.1,0.1,3.4,2.5,4.8,3.8,-1.1,5.5,0.5,4.1,5.5,7.6,9.6,3.4,11.1,6,5.9,-8.3,9.4,4.8,4.5,3.9,3.3,3.4,3.3
Marshall Islands,,,,,,,,,,,,,,,,,,,-0.7,-1.1,1.5,6.7,3.7,-1.6,-0.3,2.3,-0.2,3.4,-6.4,2.6,6.8,-0.6,-2.2,3.9,-1,1.6,1.4,3.3,3.1,6.8,-2.4,-1.5,2,3.2,2.6,2.2,1.7,1.6
Mauritania,,,,,,,,,,,,0,1.8,5.9,-3.1,9.8,5.8,-4,2.8,3.7,-3.9,-0.8,1.4,6.9,4.7,8.6,18.3,-2,-0.3,0.1,2.6,4.2,4.5,4.2,4.3,5.4,1.3,6.3,4.5,5.8,-1.8,3,5,4.4,8.7,6,4,4.6
Mauritius,-10.1,5.9,5.5,0.4,4.8,6.9,9.7,10.2,6.8,4.5,7.2,4.4,6.5,5.1,4.1,4.3,5.6,5.7,6.1,2.6,8.2,3.2,1.6,6,4.3,1.5,4.5,5.7,5.4,3.3,4.4,4.1,3.5,3.4,3.7,3.6,3.8,3.8,3.8,3,-14.9,3.9,6.1,5.6,4.1,3.3,3.3,3.3
Mexico,9.5,8.5,-0.5,-3.5,3.4,2.2,-3.1,1.7,1.3,4.1,5.2,4.2,3.5,2.7,4.9,-6.3,6.8,6.8,5.2,2.8,4.9,-0.4,0,1.4,3.9,2.3,4.5,2.3,1.1,-5.3,5.1,3.7,3.6,1.4,2.8,3.3,2.6,2.1,2.2,-0.2,-8.2,4.8,2,2.5,1.8,2,2,2
"Micronesia, Fed. States of",,,,,,,,,,,,,,,,,-3.1,-6.1,2.7,1.5,4.9,2.1,0.6,1.6,-3.1,2.1,-0.1,-1.9,-2.2,1,2.3,3.2,-1.9,-3.7,-2.3,4.6,0.9,2.7,0.2,1.2,-1.8,-3.2,-0.5,2.8,2.8,1.3,0.8,0.6
Moldova,,,,,,,,,,,,-17.5,-29.7,-1.2,-30.9,-1.4,-5.9,1.6,-6.5,-3.4,2.1,6.1,7.8,6.6,7.4,7.5,4.8,3,7.8,-6,7.1,5.8,-0.6,9,5,-0.3,4.4,4.7,4.3,3.7,-8.3,13.9,0.3,2,5.8,5.4,5,5
Mongolia,6.4,8.4,8.3,5.8,5.9,5.7,9.4,3.5,5.1,4.2,-2.5,-9.2,-9.3,-3.2,2.1,6.4,2.2,3.9,3.3,3.1,1.1,4.6,5.3,7.4,9.4,6.5,8.2,8.8,7.8,-2.1,7.3,17.3,12.3,11.6,7.9,2.4,1.5,5.6,7.7,5.6,-4.6,1.4,2,7,6.5,6,5.5,5
Montenegro,,,,,,,,,,,,,,,,,,,,,,1.1,1.9,2.5,4.4,4.2,8.6,6.8,7.2,-5.8,2.7,3.2,-2.7,3.5,1.8,3.4,2.9,4.7,5.1,4.1,-15.3,12.4,3.8,4.2,2.8,2.8,3,3
Morocco,3.8,-2.8,9.6,-0.6,4.3,6.3,8.3,-2.5,10.4,2.4,4,7.2,-2.1,-0.7,10.6,-5.4,12.4,-1.6,7.2,1.1,1.9,7.3,3.1,6,4.8,3.3,7.6,3.5,5.9,4.2,3.8,5.2,3,4.5,2.7,4.5,1.1,4.2,3.1,2.6,-6.3,7.2,1.1,4.6,3,3,3.2,3.4
Mozambique,4.2,5,-6.9,-15.7,-6.5,1,-2.3,14.7,8.2,6.5,1,6.6,-6.1,10.6,6.5,2.3,11.2,11.3,9.9,11.7,1.2,12.1,9.3,6.9,7.9,6.6,9.7,7.7,7.3,6.3,6.5,7.4,7.3,7,7.4,6.7,3.8,3.7,3.4,2.3,-1.2,2.2,3.8,5,8.3,5.1,13.8,13.1
Myanmar,,,,,,,,,,,,,,,,,,,,8.4,12.4,12.5,9.9,13.2,15.3,13.6,13.3,12.5,7.6,4.4,5.2,5.5,6.5,7.9,8.2,7.5,6.4,5.8,6.4,6.8,3.2,-17.9,1.6,3,3.1,2.9,3,3.3
Namibia,,,,,,,,,,,,5.3,9.3,-1.6,3,4.1,3.2,4.2,3.3,3.4,3.5,2.4,6.7,3.5,6.6,4.7,3.9,3.6,2.6,0.3,6,5.1,5.1,5.6,6.1,4.3,0,-1,1.1,-0.9,-8.5,0.9,2.8,3.7,2.4,2.5,2.5,2.5
Nauru,,,,,,,,,,,,,,,,,,,,,,,,,,-0.4,8.3,-22.2,20.4,9.1,11.1,10.8,10.4,31,27.2,3.4,3,-5.5,5.7,1,0.7,1.6,0.9,2,2.4,2,1.8,1.8
Nepal,-2.3,8.3,3.8,-3,9.7,6.1,4.6,1.7,7.7,4.3,4.6,6.4,4.1,3.8,8.2,3.5,5.3,5.3,2.9,4.5,6.1,5.6,0.1,3.9,4.7,3.5,3.4,3.4,6.1,4.5,4.8,3.4,4.7,3.5,6,4,0.4,9,7.6,6.7,-2.1,2.7,4.1,6.1,5.7,5.2,5.3,5.2
Netherlands,,-0.5,-1.3,1.8,3.1,2.7,3.1,1.9,4.6,4.5,4.2,2.5,1.6,1.3,3,2.8,3.5,4.3,4.7,5,4.2,2.3,0.2,0.2,2,2,3.5,3.8,2.2,-3.7,1.3,1.5,-1,-0.1,1.4,2,2.2,2.9,2.4,2,-3.8,5,3,2,1.8,1.5,1.5,1.5
New Zealand,1,3,2.9,-0.1,6.9,1.2,1.8,2.4,0.6,0.4,0,-1.3,0.7,5.2,5.6,4.9,4.1,2.4,0.3,4.5,4.3,2.6,4.7,4.2,4.8,3.2,2.9,3.5,-0.2,-1.2,1.8,1.8,2.5,2.3,3.8,3.7,4,3.5,3.4,2.9,-2.1,5.6,2.7,2.6,1.9,1.7,2.4,2.3
Nicaragua,4.6,5.4,-0.8,4.6,-1.6,-4.1,-1,-0.7,-12.4,-1.7,-0.1,-0.2,0.4,-0.4,5,5.9,6.3,4,3.7,7,4.1,3,0.8,2.5,5.3,4.3,3.8,5.1,3.4,-3.3,4.4,6.3,6.5,4.9,4.8,4.8,4.6,4.6,-3.4,-3.7,-2,10.3,3.8,2.2,2.4,2.6,2.8,3
Niger,4.9,-0.2,2.2,-3.9,-16.8,7.7,6.4,0.1,6.9,1,-1.3,-0.4,2,0.3,1.9,2.5,0.1,1.5,10,-0.2,-1.2,7.3,4.9,2.2,0.4,7.3,5.9,3.1,7.7,2,8.6,2.4,10.5,5.3,6.6,4.4,5.7,5,7.2,5.9,3.6,1.3,6.9,7.2,11.5,13.4,7,6.3
Nigeria,,,,,,,,,,,,-0.6,2.2,1.6,0.3,1.9,4.1,2.9,2.5,0.5,5.5,6.7,14.6,9.5,10.4,7,6.7,7.3,7.2,8.4,11.3,4.9,4.3,5.4,6.3,2.7,-1.6,0.8,1.9,2.2,-1.8,3.6,3.4,3.1,2.9,2.9,2.9,2.9
North Macedonia ,,,,,,,,,,,,,,-7.5,-1.8,-1.1,1.2,1.4,3.4,4.3,4.5,-3.1,1.5,2.2,4.7,4.7,5.1,6.5,5.5,-0.4,3.4,2.3,-0.5,2.9,3.6,3.9,2.8,1.1,2.9,3.9,-6.1,4,3.2,2.7,3.7,3.6,3.5,3.5
Norway,4.5,1.6,0.2,4,6.1,5.6,4,1.8,-0.3,1,1.9,3.1,3.6,2.8,5.1,4.2,5,5.3,2.6,2,3.2,2.1,1.4,0.9,4,2.6,2.4,3,0.5,-1.7,0.7,1,2.7,1,2,2,1.1,2.3,1.1,0.7,-0.7,3.9,4,2.6,2.2,1.6,1.3,1.3
Oman,6.1,17.1,11.5,15.9,13.9,14.5,2.1,-4,5.2,3,8.4,6,8.5,6.1,3.8,4.8,2.9,6.2,2.7,0.3,6.5,4.5,-1.1,-2.7,1.3,2.5,5.4,4.5,8.2,6.1,2,2.6,9.1,5.1,1.4,4.7,4.9,0.3,0.9,-0.8,-2.8,2,5.6,2.7,2.5,3.4,2.5,2.5
Pakistan,6.9,6.2,7.6,6.8,4,8.7,6.4,5.8,6.4,4.8,4.6,5.1,7.6,2.1,4.4,5.1,6.6,1.7,3.5,4.2,3.9,2,3.1,4.7,7.5,9,5.8,5.5,5,0.4,2.6,3.6,3.8,3.7,4.1,4.1,4.6,4.6,6.1,3.1,-1,5.6,4,4.2,4.6,4.8,5,5
Palau,,,,,,,,,,,,,,,,,,,,,,10.3,4.1,-2.6,3.8,3.2,-0.1,1.3,-5.6,-6.5,-1.3,4.8,1.5,-1.1,4.7,8.4,1.1,-3.3,-0.1,-1.9,-9.7,-17.1,8.1,18.8,2.9,2.8,2.7,2.5
Panama,4.5,9.2,5.3,-4.5,2.7,4.9,3.6,-1.8,-13.4,1.6,8.1,9.4,8.2,5.5,2.8,1.8,7.4,6.5,7.3,3.9,2.7,0.6,2.2,4.2,7.5,7.2,8.5,12.1,9.9,1.2,5.8,11.3,9.8,6.9,5.1,5.7,5,5.6,3.7,3,-17.9,15.3,7.5,5,5,5,5,5
Papua New Guinea,-2.3,1.1,0.8,3.4,-1,3.6,5.7,2.8,2.9,-1.4,-3.1,9.6,13.8,13.3,10.5,-3.4,6.6,-6.3,4.7,1.9,-2.5,-0.1,-0.2,9,0.6,4.3,2.5,7.8,-0.3,6.8,10.1,1.1,4.7,3.8,13.5,6.6,5.5,3.5,-0.3,4.5,-3.5,1.7,4.8,4.3,3,3,3,3
Paraguay,11.7,9.2,-1.4,-3,2.8,3.9,0.3,4.1,5.9,5.8,4.1,3.5,1.7,4.9,5.3,6.8,1.6,4.2,0.1,-1.4,-2.3,-0.8,0,4.3,4.1,2.1,4.8,5.4,6.5,-0.3,11.1,4.3,-0.7,8.3,5.3,3,4.3,4.8,3.2,-0.4,-0.8,4.2,0.3,4.5,3.5,3.5,3.5,3.5
Peru,7.7,5.5,-0.3,-9.3,3.8,2.1,12.1,7.7,-9.4,-13.4,-5.1,2.2,-0.5,5.2,12.3,7.4,2.8,6.5,-0.4,1.5,2.7,0.6,5.5,4.2,5,6.3,7.5,8.5,9.1,1.1,8.3,6.3,6.1,5.9,2.4,3.3,4,2.5,4,2.2,-11,13.3,3,3,3,3,3,3
Philippines,5.1,3.4,3.6,1.9,-7.3,-7.3,3.4,4.3,6.8,6.2,3,-0.4,0.4,2.2,4.4,4.6,5.9,5.2,-0.5,3.3,4.4,3,3.7,5.1,6.6,4.9,5.3,6.5,4.3,1.4,7.3,3.9,6.9,6.8,6.3,6.3,7.1,6.9,6.3,6.1,-9.6,5.6,6.5,6.3,6.5,6.5,6.5,6.5
Poland,-6,-10,-4.8,5.6,-0.4,3.9,3.5,2.3,3.3,3.8,-7.2,-7,2,4.3,5.2,6.7,6.2,7.1,5,4.5,4.3,1.2,1.4,3.5,5,3.5,6.1,7.1,4.2,2.8,3.7,4.8,1.3,1.1,3.4,4.2,3.1,4.8,5.4,4.7,-2.5,5.7,3.7,2.9,3.2,3.3,3.3,3.3
Portugal,6.7,3.5,2.2,1,-1,1.6,3.3,7.6,5.3,6.6,7.9,3.4,3.1,-0.7,1.5,2.3,3.5,4.4,4.8,3.9,3.8,1.9,0.8,-0.9,1.8,0.8,1.6,2.5,0.3,-3.1,1.7,-1.7,-4.1,-0.9,0.8,1.8,2,3.5,2.8,2.7,-8.4,4.9,4,2.1,2.4,2.1,1.9,1.9
Puerto Rico,,1.1,-3,0.5,7.3,2.1,8.2,4.9,6.5,4.9,3.8,2.3,4.6,4.6,4.2,4.5,2.3,4.9,6.5,4.4,3.3,9.5,2.2,2.3,2,-2,-1.4,-1.2,-1.8,-2,-0.4,-0.4,0,-0.3,-1.2,-1,-1.3,-2.9,-4.2,1.5,-3.9,1,4.8,0.4,-1.6,-1,-0.5,0
Qatar,-1,-3.9,-8.2,-5.3,16,-13,3.7,0.9,4.7,5.3,-14.6,-1.5,10.4,-0.9,1.9,0.4,4.2,27.7,10.3,3.8,6.9,4.5,6.9,4,19.2,7.8,28.1,18.2,17.5,13.1,17.7,11.3,4.7,5.6,5.3,4.8,3.1,-1.5,1.2,0.7,-3.6,1.5,3.4,2.5,1.7,2.8,2.7,3.8
Romania,3.3,0.1,3.9,6,6,-0.1,2.4,0.8,-0.5,-5.8,-5.6,-12.9,-8.8,1.5,3.9,7.1,3.9,-6.1,-4.8,-1.2,2.9,5.2,5.7,2.3,10.4,4.7,8,7.2,9.3,-5.5,-3.9,1.9,2,3.8,3.6,3,4.7,7.3,4.5,4.2,-3.7,5.9,2.2,3.4,3.8,3.5,3.5,3.5
Russian Federation,,,,,,,,,,,,-5,-14.5,-8.7,-12.7,-4.1,-3.6,1.4,-5.3,6.4,10,5.1,4.7,7.3,7.2,6.4,8.2,8.5,5.2,-7.8,4.5,5.1,4,1.8,0.7,-2,0.2,1.8,2.8,2.2,-2.7,4.7,-8.5,-2.3,1.5,1,0.8,0.7
Rwanda,-3.6,2.5,-2.5,6,13,4.4,5.5,-0.3,0.3,-5.7,0.4,-4.3,6.6,-10.4,-41.9,24.5,11.6,14.9,8.3,3.3,8.4,8.5,13.2,2.2,7.4,9.4,9.2,7.7,11.2,6.2,7.3,8,8.6,4.7,6.2,8.9,6,4,8.6,9.5,-3.4,10.2,6.4,7.4,7.9,7.5,6.1,6.1
Saint Kitts and Nevis,1.3,2.7,6.1,-2.1,9.7,6.4,8.8,8.3,10.4,6,5.5,2.3,3.1,5.4,5.4,3.5,5.9,7.3,1,3.9,9.7,5.3,1.4,-3.9,4,9.7,3.2,0.6,11.2,-3.4,0,1.6,-0.5,5.7,7.6,0.7,3.9,0.9,2.7,4.8,-14,-3.6,10,4.7,4.3,2.7,2.7,2.7
Saint Lucia,-0.5,5.1,2.1,4.1,8,12.6,14.4,3.9,13.9,9,9.9,0.4,8,0.6,1.6,1.7,2.9,-0.7,6.3,2.7,0,-3.4,0.4,4.3,7.3,-0.4,6.2,1.9,4.9,-1.9,0.5,4.8,-0.4,-2.2,1.3,-0.2,3.8,3.5,2.9,-0.1,-20.4,6.8,9.7,6,3.5,1.8,1.5,1.5
Saint Vincent and the Grenadines,2.9,3.9,2.6,3.2,5.3,4.3,5.4,0.6,13.2,3.3,4.8,2.2,7.1,3.6,-1.2,6.8,1.1,3.7,4.5,2.1,1.8,1.6,4.9,6.1,3.7,2.3,6.5,3.1,0.4,-1.2,-4.3,-0.6,1.1,2.5,1.1,2.8,4.1,1.7,3.1,0.4,-5.3,-0.5,5,6.4,3.2,2.9,2.7,2.7
Samoa,-6.1,-9.1,-1,0.5,2,5.8,4.8,0.5,2.9,5.8,-6.4,-2.4,4.1,1.7,6.4,6.6,7.3,0.8,1.1,-0.6,5.1,7.4,5.7,5.2,3.1,6.6,2.1,0.5,3.6,-0.5,2.6,4.2,-4.1,-0.4,0.1,4.3,8.1,1.1,-1.2,4.4,-2.6,-8.1,0,4,4,3.5,3,2.5
San Marino,,,,,,,,,,,,,,,,,,,7.5,9,2.2,5.5,0.3,3.9,4.6,2.4,3.8,7.1,-0.4,-10.1,-5.8,-8.5,-7.2,-0.8,-0.6,2.7,2.3,0.3,1.5,2.1,-6.6,5.2,1.3,1.1,1.3,1.3,1.3,1.3
Saudi Arabia,5.7,1.9,-20.7,-16.1,-4.7,-9.8,17,-6.6,13.1,-0.5,15.2,15,4,-1.4,0.6,0.2,2.6,1.1,2.9,-3.8,5.6,-1.2,-2.8,11.2,8,5.6,2.8,1.8,6.2,-2.1,5,10,5.4,2.7,3.7,4.1,1.7,-0.7,2.5,0.3,-4.1,3.2,7.6,3.6,2.7,2.7,2.7,2.8
Senegal,-0.8,5.1,7.8,-5.3,3.7,3.3,3.1,6.1,-0.6,4,-0.7,2.6,1.2,1.3,-0.2,6.1,1.9,2.7,6,6,3.9,4.3,0.1,5.6,4.6,4.3,2.3,2.8,3.7,2.8,3.4,1.3,4,2.4,6.2,6.4,6.4,7.4,6.2,4.6,1.3,6.1,5,9.2,10,5.6,5.7,4
Serbia,,,,,,,,,,,,,,,,,,,2.4,-12.1,7.8,5,7.1,4.4,9,10.2,5.1,6.4,5.7,-2.7,0.7,2,-0.7,2.9,-1.6,1.8,3.3,2.1,4.5,4.3,-0.9,7.4,3.5,4,4,4,4,4
Seychelles,-2.3,-3.9,-2.1,-0.6,4.3,10.3,0.8,4.9,5.3,10.3,7.5,2.8,7.2,7.3,-2.4,0.5,10,12.2,2.5,1.9,4.3,-2.3,1.2,-5.9,-2.9,9,9.4,10.4,-2.1,-1.1,6.3,5.7,3.8,6.4,4.7,5.6,5.4,4.5,3.2,3.1,-7.7,8,4.6,5.6,5,4.5,4.5,4.5
Sierra Leone,-0.6,1.9,1.8,-1.6,1.7,-6.7,0.1,2.4,2.1,5,1.6,-8,-9.6,0.1,3.5,-10,-24.8,-17.6,-0.8,-8.1,3.8,18.2,26.4,9.3,6.6,4.5,4.2,8.1,5.4,3.2,5.3,6.3,15.2,20.7,4.6,-20.5,6.4,3.8,3.5,5.3,-2,3.2,3.4,4.3,4.9,5.1,4.4,4.3
Singapore,10.1,10.8,7.1,8.6,8.8,-0.6,1.3,10.8,11.3,10.2,9.8,6.7,6.6,11.5,11.1,7.2,7.5,8.3,-2.2,5.7,9,-1.1,3.9,4.5,9.9,7.4,9,9,1.9,0.1,14.5,6.2,4.4,4.8,3.9,3,3.6,4.7,3.7,1.1,-4.1,7.6,4,2.9,2.6,2.5,2.5,2.5
Slovak Republic,,,,,,,,,,,,,,,6.2,7.9,6.9,4.4,4.1,-0.1,1.2,3.3,4.5,5.5,5.3,6.6,8.5,10.8,5.6,-5.5,5.9,2.8,1.9,0.7,2.6,4.8,2.1,3,3.8,2.6,-4.4,3,2.6,5,3.8,3.8,2.9,2.8
Slovenia,,,,,,,,,,,,,,2.8,5.3,4.1,3.6,5,3.3,5.3,3.7,3.2,3.5,3,4.4,3.8,5.7,7,3.5,-7.5,1.3,0.9,-2.6,-1,2.8,2.2,3.2,4.8,4.4,3.3,-4.2,8.1,3.7,3,2.9,2.9,2.8,2.7
Solomon Islands,-2.7,-1.8,-1.7,3.9,0.2,-3.1,-0.2,8.4,1.3,4.3,2.2,6,12.7,4,8.1,10.1,1.6,-0.9,1.3,-0.5,-14.3,-8,-2.8,6.5,6.7,5.5,4.9,4.4,5.8,2.6,8.6,7.3,1.9,5.3,1,1.4,5.9,5.3,3.9,1.2,-4.3,-0.2,-4,3.2,3.1,3,3,3
Somalia,,,,,,,,,,,,,,,,,,,,,,,,,,,,,,,,,1.2,5.8,2.5,4.4,4.6,2.4,3.8,3.3,-0.3,2,3,3.6,3.7,3.9,4,4.1
South Africa,,,,,,,,,,,,,,1.2,3.2,3.1,4.3,2.6,0.5,2.4,4.2,2.7,3.7,2.9,4.6,5.3,5.6,5.4,3.2,-1.5,3,3.2,2.4,2.5,1.4,1.3,0.7,1.2,1.5,0.1,-6.4,4.9,1.9,1.4,1.4,1.4,1.4,1.4
"South Sudan, Republic of",,,,,,,,,,,,,,,,,,,,,,,,,,,,,,,,,-52.4,29.3,2.9,-0.2,-13.5,-5.8,-1.9,0.9,-6.6,5.3,6.5,5.6,4.6,4.6,4.4,4.4
Spain,1.2,-0.4,1.2,1.7,1.7,2.4,3.4,5.7,5.3,5,3.8,2.5,0.9,-1.3,2.3,4.1,2.4,3.9,4.5,4.7,5.1,3.9,2.7,3,3.1,3.7,4.1,3.6,0.9,-3.8,0.2,-0.8,-3,-1.4,1.4,3.8,3,3,2.3,2.1,-10.8,5.1,4.8,3.3,3.1,2,1.7,1.6
Sri Lanka,5.8,5.3,5.2,3.3,6.7,5,4.3,1.5,2.7,2.3,6.2,10.8,-3.1,7.5,8,6.1,12.2,10.3,-1.6,2.9,8.4,-1.9,3.7,5.9,5.4,6.2,7.7,6.8,6,3.5,8,8.4,9.1,3.4,5,5,4.5,3.6,3.3,2.3,-3.6,3.6,2.6,2.7,2.8,2.8,2.8,2.9
Sudan,2.5,6.3,4.1,-1.5,-5.6,-0.6,9.9,6.5,4.3,1.4,0.8,7,5.5,2.8,3.5,8.9,5.5,6.1,8.2,4.2,8.4,10.9,5.9,6.3,5.1,5.6,6.5,5.7,3.8,-2.8,3.9,-3.2,-17,2,4.7,4.9,4.7,0.8,-2.3,-2.5,-3.6,0.5,0.3,3.9,5.6,6.8,6.5,6
Suriname,-6.5,1.9,-6.3,-5.1,-3,-0.9,-2.4,-8.8,10.8,2.3,-1.5,-13.8,3.9,-2.2,-7,11.3,11.2,7,2.2,-0.9,-0.1,4.9,3.7,6.2,7.3,4.9,5.8,5.1,4.1,3,5.2,5.8,2.7,2.9,0.3,-3.4,-4.9,1.6,4.9,1.1,-15.9,-3.5,1.8,2.1,2.7,3,3,3
Sweden,4.6,4.5,1.4,2.1,4.3,2.3,3,3.3,2.5,2.7,0.8,-1.1,-0.9,-1.8,3.9,3.9,1.6,3.1,4.3,4.2,4.8,1.4,2.2,2.3,4.3,2.9,4.7,3.4,-0.5,-4.3,6,3.2,-0.6,1.2,2.7,4.5,2.1,2.6,2,2,-2.9,4.8,2.9,2.7,2.3,2,2,2
Switzerland,5.1,1.6,-1.4,0.6,3.2,3.8,1.8,1.6,3.2,4.5,3.7,-0.8,-0.2,-0.2,1.3,0.6,0.6,2.2,3,1.7,4.1,1.6,0,-0.1,2.6,2.9,4.1,4.1,2.7,-2.1,3.2,1.9,1.3,1.9,2.4,1.6,2,1.7,2.9,1.2,-2.5,3.7,2.2,1.4,1.8,1.2,1.8,1.2
Syria,10.5,8.5,2.6,1.6,-6.5,7.3,-4.8,1.3,12.7,-6.1,10.4,10.7,13.2,7.4,5.5,5.4,3,-1.1,5.6,-3.1,2.3,3.7,5.9,-2,6.9,6.2,5,5.7,4.5,5.9,3.4,,,,,,,,,,,,,,,,,
São Tomé and Príncipe,-1.1,-10.3,3.1,-3.9,-6,9.3,-5.8,-2.9,2,3.1,-2.2,1.2,0.7,1.1,2.2,2,1.5,1,2.5,2.5,0.4,2.4,2.4,6.6,3.8,7.1,9.1,3.3,8.2,2.4,6.7,4.4,3.1,4.8,6.5,3.8,4.2,3.9,3,2.2,3,1.8,1.6,2.8,3.5,3.7,4,4
Taiwan Province of China,8,7.1,4.8,9,10,4.8,11.5,12.8,8,8.7,5.5,8.4,8.3,6.8,7.5,6.5,6.2,6.1,4.2,6.7,6.3,-1.4,5.5,4.2,7,5.4,5.8,6.9,0.8,-1.6,10.2,3.7,2.2,2.5,4.7,1.5,2.2,3.3,2.8,3.1,3.4,6.3,3.2,2.9,2.2,2.1,2.1,2.1
Tajikistan,,,,,,,,,,,,,,-11.1,-21.4,-12.5,-4.4,1.7,5.3,3.7,8.3,10.2,9.1,10.2,10.6,6.7,7,7.8,7.9,3.9,6.5,7.4,7.5,7.4,6.7,6,6.9,7.1,7.6,7.4,4.4,9.2,2.5,3.5,4,4,4,4
Tanzania,3.3,0.5,0.6,2.4,3.4,4.6,6.6,5.9,4.4,3.8,7,2.1,0.6,1.2,1.6,3.6,4.5,3.5,3.7,4.8,4.9,6,7.2,6.9,7.8,7.4,4.7,8.5,5.6,5.4,6.4,7.9,5.1,6.8,6.7,6.2,6.9,6.8,7,7,4.8,4.9,4.8,5.2,5.9,5.9,6,6
Thailand,4.6,5.9,5.4,5.6,5.8,4.6,5.5,9.5,13.3,12.2,11.6,8.4,9.2,8.7,8,8.1,5.7,-2.8,-7.6,4.6,4.5,3.4,6.1,7.2,6.3,4.2,5,5.4,1.7,-0.7,7.5,0.8,7.2,2.7,1,3.1,3.4,4.2,4.2,2.2,-6.2,1.6,3.3,4.3,3.8,3.3,3.2,3.1
Timor-Leste,,,,,,,,,,,,,,,,,,,,,,16.3,-6.7,-2.2,0.4,3,-4.1,10.3,11.4,10.1,9.3,6,4.9,3.1,4.5,2.8,3.4,-3.1,-0.7,2.1,-8.6,1.8,2,3.6,2.6,2.4,2.4,3
Togo,-2.3,-3.4,-3.7,-5.2,5.9,3.7,3.3,-2.5,10.1,4.1,5.9,-0.6,-3.2,-16.3,13.9,19.7,-3.9,3.8,-2.3,2.5,-1,0.8,3.8,6.7,-1,-4.7,2.7,-1.2,4.1,5.5,6.1,6.4,6.5,6.1,5.9,5.7,5.6,4.3,5,5.5,1.8,5.1,5.6,6.2,6.5,6.5,6.5,6.5
Tonga,15.8,14,12.8,5.8,44.1,5.6,8.8,1.7,-3.5,1.1,4.7,5.9,-3.8,-0.1,2,7.9,0.1,-0.6,2.3,2.3,3.8,1.5,4.5,0.1,-1.9,-0.4,-2.2,-2.5,4.8,-5.2,0.8,6.8,0.8,0.3,2,1.2,6.6,3.3,0.3,0.7,0.7,-0.7,-1.6,3,3,2.5,1.8,1.8
Trinidad and Tobago,10.4,4.6,3.8,-10.3,-5.8,-4.1,-3.3,-4.6,-3.9,-0.8,1.5,3.1,10.1,-0.7,3.6,3.8,7.1,7.5,8.1,8,6.9,3.7,7.2,13.9,7.3,5.9,14.2,4.3,3.3,-4.8,3.5,-0.2,-0.6,2.3,-0.9,1.8,-6.3,-2.7,-0.7,-0.2,-7.4,-1,5.5,3,3.4,1.1,1,1
Tunisia,7.4,5.5,-0.5,4.7,5.7,5.7,-1.5,6.7,0.1,2.6,7.1,4.1,8,2.5,3.6,2.7,6.9,5.7,5,6,4.3,3.8,1.3,4.7,6.2,3.5,5.2,6.7,4.2,3,3.5,-2,4.2,2.4,3.1,1,1.1,2.2,2.5,1.5,-9.3,3.1,2.2,,,,,
Turkey,-0.8,4.4,3.4,4.8,6.8,4.3,6.9,10,2.1,0.3,9.3,0.9,6,8,-5.5,7.2,7,7.5,3.1,-3.3,6.9,-5.8,6.4,5.8,9.8,9,6.9,5,0.8,-4.8,8.4,11.2,4.8,8.5,4.9,6.1,3.3,7.5,3,0.9,1.8,11,2.7,3,3.7,3.3,3.3,3.3
Turkmenistan,,,,,,,,,,,,,,-10,-17.3,-7.2,-6.7,-11.3,6.7,16.5,18.6,20.4,15.8,17.1,14.7,13,11,11.1,14.7,6.1,16.2,12.9,6.1,-0.3,3.8,3,-1,4.7,0.9,-3.4,-3,4.9,1.6,2.5,2,1.9,1.7,1.8
Tuvalu,,,,,,,,,,,,,,,,,,,,,,0.7,8.3,-4.4,-1.9,-3.7,1.3,6.9,6.6,-5.6,-2.5,7.5,-2.9,3.8,1.7,9.4,4.7,3.4,1.6,13.9,1,2.5,3,3.5,4,3.8,3.7,3.5
Uganda,-3.4,3.9,8.2,4.9,-3,-3,0.9,4,8.3,6.4,6.5,1.8,5.9,6.7,7.7,9.2,6.6,4.6,6.1,8,3.9,8.8,7.1,6.2,5.8,10,7,8.1,10.4,8.1,7.5,7.7,2.3,3.9,5.7,8,0.2,6.8,5.6,7.7,-1.4,5.1,4.9,6.5,6.1,7.6,6.8,6.8
Ukraine,,,,,,,,,,,,,-9.9,-14.2,-22.9,-12.2,-10,-3,-1.9,-0.2,5.9,8.8,5.3,9.5,11.8,3.1,7.6,8.2,2.2,-15.1,4.1,5.5,0.2,0,-6.6,-9.8,2.4,2.4,3.5,3.2,-3.8,3.4,-35,,,,,
United Arab Emirates,-1.8,8,-7.2,-5.2,4.5,-2.5,-19.3,5.3,-2.6,15.7,23.6,2.1,3.1,0,7.4,6.6,5.3,8.6,0.8,3.8,12.3,1.3,2.5,8.8,9.6,4.9,9.8,3.2,3.2,-5.2,1.6,6.9,4.5,5.1,4.3,5.1,3.1,2.4,1.2,3.4,-6.1,2.3,4.2,3.8,3.8,3.9,4,4.2
United Kingdom,-2.1,-0.7,2,4.2,2.2,4.1,3.2,5.4,5.6,2.4,0.6,-1.2,0.3,2.4,3.8,2.4,2.4,4.9,3.2,3,3.7,2.1,2.1,3,2.4,2.6,2.6,2.3,-0.2,-4.2,2.1,1.5,1.5,1.9,3,2.6,2.3,2.1,1.7,1.7,-9.3,7.4,3.7,1.2,1.4,2.2,1.8,1.5
United States,-0.3,2.5,-1.8,4.6,7.2,4.2,3.5,3.5,4.2,3.7,1.9,-0.1,3.5,2.8,4,2.7,3.8,4.4,4.5,4.8,4.1,1,1.7,2.8,3.9,3.5,2.8,2,0.1,-2.6,2.7,1.5,2.3,1.8,2.3,2.7,1.7,2.3,2.9,2.3,-3.4,5.7,3.7,2.3,1.4,1.7,1.7,1.7
Uruguay,6,1.9,-9.3,-3.3,-1.1,1.5,8.9,7.9,1.5,1.1,0.3,3.5,7.9,2.7,7.3,-1.4,5.6,5.6,4.5,-1.9,-1.9,-3.8,-7.7,0.8,5,7.5,4.1,6.5,7.2,4.2,7.8,5.2,3.5,4.6,3.2,0.4,1.7,1.6,0.5,0.4,-6.1,4.4,3.9,3,2.7,2.5,2.2,2.2
Uzbekistan,,,,,,,,,,,,,-11.1,-2.3,-5.2,-0.9,1.7,5.2,4.3,4.3,3.8,4.2,4,4.2,7.4,7,7.5,9.5,9,8.1,7.1,7.5,7.1,7.3,6.9,7.2,5.9,4.4,5.4,5.7,1.9,7.4,3.4,5,5,5.5,5.5,5.5
Vanuatu,5.5,4.4,2,3,9.6,1,-0.1,-2.9,-1.7,1.5,11.7,3.1,2.6,0.7,9.1,1,2.3,4.9,1.2,0.3,5.9,-3.4,-5.2,4.3,4,5.3,8.5,2.9,5.6,3,1.3,3.1,1,0.5,3.1,0.4,4.7,6.3,2.9,3.2,-5.4,0.5,2.2,3.4,3.5,3.8,3,2.9
Venezuela,-4.9,-1.3,2.6,-9.9,5.2,0.9,6.1,4.8,6.5,-13.9,6.5,9.7,6.1,0.3,-2.3,4,-0.2,6.4,0.3,-6,3.7,3.4,-8.9,-7.8,18.3,10.3,9.9,8.8,5.3,-3.2,-1.5,4.2,5.6,1.3,-3.9,-6.2,-17,-15.7,-19.6,-35,-30,-1.5,1.5,1.5,,,,
Vietnam,-3.5,5.8,8.2,7.1,8.4,5.6,3.4,2.5,5.1,7.8,5,5.8,8.7,8.1,8.8,9.5,9.3,8.2,5.8,4.8,6.8,6.9,7.1,7.3,7.8,7.5,7,7.1,5.7,5.4,6.4,6.4,5.5,5.6,6.4,7,6.7,6.9,7.2,7.2,2.9,2.6,6,7.2,7,6.9,6.8,6.7
West Bank and Gaza,,,,,,,,,,,,,,,,7.1,1.2,14.7,14.3,8.3,-8.6,-9.3,-12.5,14,21.9,11.3,-1,3.8,7.4,8.6,5.8,9.6,6.1,4.7,-0.2,3.7,8.9,1.4,1.2,1.4,-11.3,6,4,3.5,2.4,2,2,2
Yemen,,,,,,,,,,,,6.3,8.2,4,6.7,5.7,4.6,5.2,6,3.8,6.2,3.8,3.9,3.7,4,5.6,3.2,3.3,3.6,3.9,7.7,-12.7,2.4,4.8,-0.2,-28,-9.4,-5.1,0.8,1.4,-8.5,-2,1,2.5,7,6.5,6,5.5
Zambia,3.9,6.6,-2.9,-1.1,-1.7,1.2,1.7,1.5,9.3,-3.7,-0.6,-0.7,2.1,-0.1,-13.3,2.9,6.2,3.8,-0.4,4.7,3.9,5.3,4.5,6.9,7,7.2,7.9,8.4,7.8,9.2,10.3,5.6,7.6,5.1,4.7,2.9,3.8,3.5,4,1.4,-2.8,4.3,3.1,3.6,4,4.2,4.4,4.8
Zimbabwe,,,,,,,,,,,,,,,,,,,,-1.1,-4.2,-0.5,-7.7,-16.2,-6.3,-7.4,-3.6,-3.4,-16.3,7.4,19.7,14.2,16.7,2,2.4,1.8,0.5,5,4.7,-6.1,-5.3,6.3,3.5,3,3.1,3.1,3.1,3
Africa (Region),,,,,,,,,,,,2.2,0.3,0.9,2.4,2.7,5,3.3,3.9,3.1,4.2,4.2,5,5.4,5.8,6,5.8,6.1,4.4,3.1,5.8,2.8,6.9,3.5,3.8,3.4,2.2,3.7,3.5,3.3,-1.6,6.9,3.9,4.1,4.2,4.3,4.3,4.5
Asia and Pacific,4.4,5.2,4.2,5.5,6.5,5.8,5.4,6.8,7.8,5.4,5.6,4.9,5.5,5.2,5.5,6.4,6.5,4.7,1.4,4.5,5.7,3.7,5.1,6.1,6.9,7.3,7.7,8.6,5,4.2,8.3,6.4,5.6,5.8,5.5,5.6,5.4,5.7,5.3,4.2,-1.1,6.7,4.7,4.9,4.8,4.7,4.6,4.5
Australia and New Zealand,2.6,3.9,0.5,-0.4,6.4,4.8,2.4,4.5,3.7,4,1.3,-1,2.3,4.1,4.9,3.2,4,4.3,4.1,4.4,3.3,2.7,4.2,3.2,4.2,3,2.6,4.2,2.2,1.5,2.4,2.7,3.6,2.2,2.7,2.5,2.9,2.5,2.9,2.1,-2.2,4.8,4,2.5,2.2,2.2,2.5,2.5
Caribbean,4.3,2.2,0.2,-1.9,-0.3,-0.1,1.9,1.6,0.4,1.7,1.6,0.6,2.4,0,-0.5,5,4.2,3.6,3.1,3.8,3.2,1.7,2.8,5.8,3.2,3.4,6.6,3.6,1.8,-1.6,0.1,2,0.6,1.9,0.8,1.5,-0.5,0.8,1.7,0.4,-4.1,3.5,10.5,9.1,2.7,2.2,2.1,2.1
Central America,2.3,1.7,-1.7,0.8,2,0.1,1.9,4.3,0.4,3.3,1.5,2.8,7.2,5.4,3.2,4.5,3.9,5.6,5.4,4.1,3.6,2.2,3.4,2.1,3.8,5.6,7,7,4.4,-0.1,5.2,5.1,4.5,4.2,4.8,4.9,4.5,4.3,3.9,3.3,-7.1,11,4.8,4,4,4,4,4.1
Central Asia and the Caucasus,,,,,,,,,,,,,,2.1,-7.4,3.6,5.5,6.5,2.8,-1,7.2,-0.9,7.1,6.9,9.5,9.8,9,7.6,3,-1,8,9.4,5.1,7.4,4.8,4.9,2.8,6.3,3.2,2,0.5,9.3,2.7,3.4,3.8,3.6,3.4,3.4
East Asia,4.2,4.8,4.8,6,7.7,7.3,5.7,7.7,8.4,5,5,5.9,5.7,5.2,6.2,6.4,6.2,5,2.3,4.5,6.1,4.2,5.3,5.9,6.8,7.3,8.1,9.4,5.6,4.4,8.7,6.7,5.8,6,5.5,5.3,5.1,5.5,5.2,4.4,0.9,6.7,3.9,4.4,4.2,4.1,4,4
Eastern Europe ,-0.9,-2.6,0.5,4.5,2.8,1.6,3.1,2.4,1.4,0.1,-6.4,-10.2,-11.3,-6.8,-8.3,-1.6,-0.6,1.7,-1.3,3.7,7.2,4.5,4.3,6.1,7.2,5.7,7.5,7.7,4.8,-6.1,3.4,4.3,2.5,1.5,1.1,-0.1,1.6,3.1,3.6,3.1,-3.2,5,-4.2,1,2.6,2.3,2.1,2.1
Europe,1.4,0.1,0.7,2,2.5,2.5,2.7,2.9,3.9,3.4,2.4,1,-1.9,-1.8,0.3,1.6,1.3,2.8,2.1,3.1,4.6,2.7,1.8,2.3,3.5,2.9,4.3,4.1,1.6,-4.8,2.5,2.4,0.4,0.6,1.5,1.6,1.8,2.7,2.3,2,-5.6,5.4,1,1.8,2,1.8,1.7,1.6
Middle East (Region),-3.5,0.4,-2.4,-1.1,-1.4,-1.7,1.9,-0.5,2.8,4.3,12.2,10.6,7.3,1.6,1.9,2.7,4.2,3.2,2.9,1.1,6.1,0.8,2.3,12.4,10.5,4.7,5.9,5.2,4.5,0.3,5.2,6.4,3.7,2.8,3.6,2,4.9,0.6,1.3,0.9,-4.1,3.5,5.4,3.3,2.8,2.8,2.8,2.9
North Africa,0.3,-4,5.3,3.4,3.2,5.2,0.2,-0.9,3.3,4.2,2.6,4.5,0.3,-0.1,3.1,0.5,5.2,2.8,5.6,4,4.3,3.1,3.2,6,4.4,5.7,5.4,5.6,2.7,2.9,4.3,-0.3,12.1,1.2,1.6,3.6,3.1,5.4,4.4,4.2,-1.4,11.8,4.3,4.3,4.2,4.4,4.4,4.5
North America,1,3.3,-1.8,3.5,6.7,4,2.7,3.3,3.9,3.6,2.1,0.2,3.3,2.8,4.2,1.8,3.9,4.7,4.5,4.6,4.2,0.9,1.6,2.6,3.8,3.3,2.9,2,0.3,-2.9,3,1.9,2.4,1.8,2.4,2.6,1.7,2.3,2.8,2,-4,5.5,3.6,2.3,1.5,1.7,1.7,1.7
Pacific Islands ,-1.9,2.5,0.3,1,3.9,1.1,5.6,-0.1,2.8,4,0.5,5,10.6,9.1,8.6,-0.6,5.7,-4.4,3.4,3.7,-2.1,0.4,1,6.1,2.3,2.7,2.4,4.8,0.6,4,7.7,1.9,3.4,3.9,10.4,5.7,4.8,4,1,3.1,-6.1,0.2,4.7,5,3.8,3.3,3.1,3.1
South America,5.7,-2.3,-0.4,-2.8,4.4,4,7.1,3.9,1.1,-0.1,-1.3,3.9,3,4.5,4.9,3.7,2.7,4.8,1.2,-1.3,3.2,0.9,0.3,2.1,7.3,5.1,5.7,6.7,5,-1,6.7,4.9,2.6,3.3,0.5,-1.1,-2.4,0.8,0.5,-0.2,-6.5,7.2,2.3,2.1,2.5,2.3,2.4,2.4
South Asia,5.3,6,4.2,6.8,4,5.7,5,4.1,8.4,5.5,5.3,2.3,5.5,4.3,6.2,6.9,7.3,4,5.4,7.4,4.2,4.3,3.8,7.3,7.6,8.9,8.6,8.9,4.2,7.1,9,6.3,5.4,6,6.9,7.4,7.6,6.6,6.5,4,-5.5,8.4,7.5,6.5,6.7,6.7,6.3,6
Southeast Asia,7,6.5,4.1,4.6,4.9,1.7,5,6.5,8.4,9.1,8.4,7.3,6.7,7.8,7.7,8,7.5,4.1,-7.5,3.3,5.8,3.3,5.1,5.8,6.5,5.7,6,6.6,5.2,2.4,7.4,5,6.1,5.1,4.8,4.9,5.1,5.4,5.3,4.7,-3.2,3.1,5.1,5.6,5.4,5.1,5,4.9
Sub-Saharan Africa (Region) ,,,,,,,,,,,,0.5,0.2,1.7,1.9,4.2,4.8,3.6,2.8,2.5,4.2,5,6.2,4.9,6.7,6.2,6.1,6.4,5.5,3.3,6.7,4.5,3.8,4.8,5,3.3,1.7,2.9,3,2.9,-1.7,4.3,3.7,4,4.3,4.3,4.3,4.4
Western Europe,1.7,0.4,0.7,1.8,2.5,2.6,2.7,3,4.2,3.8,3.2,1.9,1.2,-0.2,2.7,2.5,1.8,3.1,3.1,3,3.9,2.1,1.1,1,2.3,1.9,3.2,2.8,0.3,-4.3,2.2,1.6,-0.4,0.2,1.7,2.3,1.9,2.5,1.8,1.6,-6.5,5.6,3,2.1,1.8,1.7,1.5,1.4
Western Hemisphere (Region),2.2,2,-1.4,2.1,6.1,3.9,3.7,3.5,3.3,2.8,1.4,1,3.3,3.1,4.3,2.3,3.7,4.7,3.9,3.5,4,1,1.4,2.5,4.5,3.7,3.5,3.1,1.4,-2.4,3.8,2.6,2.4,2.2,2,1.8,0.9,2,2.4,1.6,-4.6,5.9,3.4,2.3,1.7,1.9,1.9,1.9
ASEAN-5,6.8,6.3,3.9,4.4,4.7,1.8,5.3,6.4,8.4,9.2,8.4,7.4,6.8,7.7,7.6,8.1,7.5,3.8,-8.1,3,5.5,3.4,5.1,5.7,6,5.4,5.5,6.2,5.4,2.5,6.9,4.8,6.2,5,4.7,5,5.1,5.5,5.4,4.9,-3.4,3.4,5.3,5.9,5.6,5.3,5.3,5.1
Advanced economies,1.3,2,0.2,3.2,4.9,3.7,3.3,3.8,4.8,4,3.1,1.6,2.2,1.3,3.3,2.9,3.1,3.5,2.8,3.6,4.1,1.5,1.7,2,3.3,2.8,3.1,2.7,0.3,-3.3,3.2,1.8,1.2,1.4,2,2.3,1.8,2.5,2.3,1.7,-4.5,5.2,3.3,2.4,1.7,1.7,1.6,1.6
Emerging and Developing Asia,6.4,5.9,5.1,7,7.6,6.7,6.1,7.2,9.4,6.3,5.9,6.2,8.9,9.1,9.3,8.9,8.4,6.2,2.8,6.5,6.5,6,6.7,8.3,8.4,9.3,10.1,11.2,7.3,7.6,9.6,7.9,7,6.9,6.9,6.8,6.8,6.6,6.4,5.3,-0.8,7.3,5.4,5.6,5.6,5.5,5.4,5.2
Emerging and Developing Europe,-0.9,-0.6,1.4,4.5,4.1,2.4,4.4,5,1.7,0.2,-0.4,-5.6,-8.7,-4.4,-8.3,-0.2,0.4,2.7,-0.7,2.6,7.4,2.7,4.8,6.2,7.8,6.2,7.4,7.2,4.3,-5.7,4.5,5.8,3.1,3.1,1.8,1,1.9,4.1,3.4,2.5,-1.8,6.7,-2.9,1.3,2.8,2.5,2.4,2.4
Emerging market and developing economies,3.3,1.8,1.5,1.7,4.1,3.5,4.2,4,4.5,3.5,4.1,4.5,2.5,3,3.1,4,5.1,4.7,2.3,3.5,5.7,3.6,4.5,6.9,7.9,7.1,7.9,8.4,5.6,2.8,7.4,6.4,5.4,5,4.7,4.3,4.4,4.7,4.6,3.7,-2,6.8,3.8,4.4,4.6,4.5,4.4,4.3
Euro area,,,,,,,,,,,,,1.4,-0.8,2.5,2.9,1.6,2.6,3,2.9,3.8,2.2,0.9,0.6,2.3,1.7,3.2,3,0.4,-4.5,2.1,1.7,-0.9,-0.2,1.4,2,1.9,2.6,1.8,1.6,-6.4,5.3,2.8,2.3,1.8,1.6,1.5,1.3
European Union,1.8,0.1,0.6,1.7,2.5,2.2,2.7,2.6,3.8,3.6,2.7,1.4,1,-0.6,2.6,2.8,2,2.6,3,2.9,3.9,2.3,1.3,1.1,2.8,2.1,3.7,3.4,0.9,-4.2,2.1,1.9,-0.7,0,1.7,2.5,2.1,3,2.2,2,-5.9,5.4,2.9,2.5,2.1,1.9,1.8,1.7
Latin America and the Caribbean,6.4,0.9,-0.5,-2.8,3.9,3.2,4.3,3.3,1.1,1.1,0.6,3.9,3.3,4,4.7,1.3,3.8,5.3,2.5,0.2,3.7,0.6,0.4,2,6.1,4.4,5.5,5.6,4,-2,6.1,4.6,2.9,2.9,1.3,0.4,-0.6,1.4,1.2,0.1,-7,6.8,2.5,2.5,2.5,2.4,2.4,2.4
Major advanced economies (G7),0.9,2,-0.1,3.3,5,3.8,3.1,3.5,4.7,3.8,2.8,1.2,2.1,1.2,3,2.5,2.8,3.2,2.9,3.2,3.7,1.2,1.2,1.9,2.9,2.5,2.6,2,-0.1,-3.7,2.9,1.6,1.4,1.4,1.8,2.1,1.5,2.2,2.1,1.6,-4.9,5.1,3.2,2.2,1.4,1.5,1.4,1.4
Middle East and Central Asia,-1.9,-0.3,0.4,0.6,0.2,1.1,1.9,-0.1,3.3,4.3,8.7,8.5,5,0.2,1.3,1.8,4.5,3,3.6,2.3,5.5,2.3,3.2,10.1,8.8,5.9,6.4,5.9,4.4,1.2,4.9,4.6,5.4,2.8,3.3,2.8,4.1,2.4,2.7,2.2,-2.9,5.7,4.6,3.7,3.5,3.7,3.6,3.7
Other advanced economies,3.8,4.2,2.1,4,6.6,4.3,5.5,6.5,5.5,4.6,4.3,3.8,3.9,4.2,6.2,5.3,4.9,4.7,1,5.5,5.9,2.2,3.9,2.8,5.3,4.2,4.9,5.2,1.8,-0.8,6,3.5,2.2,2.6,3,2.3,2.6,3.1,2.8,2,-1.8,5,3.1,3,2.5,2.3,2.3,2.3
Sub-Saharan Africa,,,,,,,,,,,,0.1,-0.1,1.6,1.8,3.9,4.8,3.5,2.4,2.4,4,4.6,6.3,4.8,6.8,6.2,6,6.5,5.7,3.7,6.9,5,4.8,4.9,5,3.2,1.5,3,3.3,3.1,-1.7,4.5,3.8,4,4.2,4.2,4.2,4.4
World,2.1,1.9,0.7,2.7,4.6,3.7,3.6,3.9,4.7,3.8,3.4,2.7,2.3,2,3.2,3.4,3.9,4,2.6,3.5,4.8,2.4,2.9,4.3,5.4,4.9,5.4,5.6,3.1,-0.1,5.4,4.3,3.6,3.4,3.5,3.4,3.3,3.7,3.6,2.9,-3.1,6.1,3.6,3.6,3.4,3.4,3.3,3.3
